-275.881866455078,74.1252136230469,71.0783004760742,21.2366676330566,-8.48208808898926,-0.818362295627594,29.5496997833252,-1.01379668712616,-23.8819484710693,0.218985006213188,-0.0891739279031754,-0.149727910757065,16,6.00000021222513e-06,1.95943496413627e-15,44.9899978637695,-3.48000001907349,155,1,0,0,0,0,0
-275.881866455078,74.1252136230469,71.0783004760742,21.41335105896,-6.85013341903687,-0.775652647018433,29.5496997833252,-1.01379668712616,-23.8819484710693,0.218985006213188,-0.0891739279031754,-0.149727910757065,16,6.00000021222513e-06,1.95943496413627e-15,44.9899978637695,-10.0599994659424,44,1,0,0,0,0,0
-278.837005615234,83.3474960327149,71.5467987060547,21.3998622894287,-5.79170417785645,-0.499449402093887,36.8799057006836,-1.50878953933716,-18.441930770874,0.253227561712265,-0.0510744377970696,-0.234567612409592,16,6.00000021222513e-06,1.95943496413627e-15,44.939998626709,-14.2299995422363,44,1,0,0,0,0,0
-280.04345703125,88.755714416504,71.695686340332,21.2244911193848,-4.11973571777344,0.491497039794922,36.8799057006836,-1.50878953933716,-18.441930770874,0.253227561712265,-0.0510744377970696,-0.234567612409592,16,6.00000021222513e-06,1.95943496413627e-15,44.8400001525879,-18.4499988555908,44,1,0,0,0,0,0
-280.858428955078,93.6966934204102,71.6345901489258,21.0344314575195,-3.04929828643799,1.35179150104523,42.7515335083008,-5.62240743637085,-12.9230051040649,0.114782117307186,0.0248251873999834,-0.246895775198936,16,6.00000021222513e-06,1.95943496413627e-15,44.6499977111816,-18.0399990081787,44,1,0,0,0,0,0
-281.451416015625,98.9638900756837,71.3115234375,20.7128067016602,-1.73823797702789,2.60294485092163,44.0576400756836,-8.87642383575439,-9.40550518035889,0.0344711765646935,-0.000961646437644988,-0.241212874650955,16,6.00000021222513e-06,1.95943496413627e-15,44.1100006103516,-17.9499988555908,44,1,0,0,0,0,0
-281.786865234375,104.190879821777,70.71435546875,20.4884853363037,-0.906708121299744,3.41319990158081,44.0576400756836,-8.87642383575439,-9.40550518035889,0.0344711765646935,-0.000961646437644988,-0.241212874650955,16,6.00000021222513e-06,1.95943496413627e-15,43.7299995422363,-18.1800003051758,44,1,0,0,0,0,0
-281.852233886719,108.555397033691,69.9975814819336,20.2285804748535,0.311906367540359,4.28446292877197,42.0180931091309,-14.5036029815674,-1.92525017261505,-0.0357661470770836,-0.0581469982862473,-0.301366478204727,16,6.00000021222513e-06,1.95943496413627e-15,43.25,-18.5799999237061,44,1,0,0,0,0,0
-281.563262939453,114.451850891113,68.7861099243164,19.9898166656494,1.54888665676117,4.96458721160889,42.0180931091309,-14.5036029815674,-1.92525017261505,-0.0357661470770836,-0.0581469982862473,-0.301366478204727,16,6.00000021222513e-06,1.95943496413627e-15,42.879997253418,-18.5599994659424,44,1,0,0,0,0,0
-281.155029296875,117.957267761231,67.9525756835937,19.7116546630859,3.23963856697083,5.51582384109497,41.5769157409668,-17.3775100708008,4.39019584655762,0.0321086049079895,-0.0843193382024765,-0.199954628944397,15.9999399185181,0.0439149998128414,1.95942755259798e-15,42.6399993896484,-18.7399997711182,45,1,0,0,0,0,0
-280.315612792969,122.568321228027,66.7830734252929,19.5027103424072,4.45721626281738,5.70355367660522,41.5769157409668,-17.3775100708008,4.39019584655762,0.0321086049079895,-0.0843193382024765,-0.199954628944397,15.999210357666,0.158940002322197,1.95933819062204e-15,42.3999977111816,-19.2099990844727,45,1,0,0,0,0,0
-279.243377685547,126.780982971191,65.6270904541015,19.0932235717773,5.77014017105103,6.23784255981445,38.2199096679688,-20.2785224914551,14.7328510284424,-0.0730661749839783,-0.105484925210476,-0.268207103013992,15.9682092666626,1.00811505317688,1.95554157719421e-15,39.9699974060059,-19.6099987030029,46,1,0,0,0,0,0
-277.521759033203,132.010162353516,64.04736328125,18.6730308532715,7.18503046035767,6.45714378356934,38.2199096679688,-20.2785224914551,14.7328510284424,0.0162909459322691,-0.109476178884506,-0.28635174036026,15.8731079101562,2.01107811927795,1.9438950859277e-15,38.3999977111816,-19.6499996185303,48,1,0,0,0,0,0
-275.693420410156,136.358596801758,62.6214714050293,18.1520900726318,8.71658706665039,6.58810186386108,37.8753890991211,-20.685754776001,19.8628005981445,0.0611682236194611,-0.130935683846474,-0.175543144345283,15.6407384872437,3.37154102325439,1.91543816703175e-15,37.2099990844727,-19.4499988555908,52,1,0,0,0,0,0
-273.322784423828,140.951293945313,61.0334663391113,17.5750541687012,10.0614604949951,6.73157119750977,38.2640609741211,-20.2832584381104,24.0515441894531,-0.0561519339680672,-0.130819573998451,-0.178517907857895,15.6407384872437,3.37154102325439,1.91543816703175e-15,38.5499992370605,-19.6299991607666,57,1,0,0,0,0,0
-270.622497558594,145.379684448242,59.3560028076172,16.842098236084,11.1803379058838,7.22866821289062,38.2640609741211,-20.2832584381104,24.0515441894531,-0.0561519339680672,-0.130819573998451,-0.178517907857895,14.3630018234253,7.05011892318726,1.75896047672954e-15,37.0699996948242,-19.9300003051758,59,1,0,0,0,0,0
-268.139709472656,148.976348876953,57.8529090881347,16.2720317840576,12.2164821624756,7.18145322799683,36.4541244506836,-20.3326950073242,30.4031257629395,-0.0652900636196136,-0.159446462988853,-0.217786818742752,14.3630018234253,7.05011892318726,1.75896047672954e-15,34.4500007629395,-20.5900001525879,60,1,0,0,0,0,0
-265.158111572266,152.746475219727,56.2065277099609,15.5179948806763,13.393123626709,7.19915676116943,36.4541244506836,-20.3326950073242,30.4031257629395,-0.0652900636196136,-0.159446462988853,-0.217786818742752,13.8283128738403,8.04846286773682,1.69347995946734e-15,27.4599990844727,-21.1000003814697,58,1,0,0,0,0,0
-262.189270019531,156.081573486328,54.6881713867187,14.7944040298462,14.4374151229858,7.18268442153931,31.9948062896729,-20.9986667633057,37.4824447631836,-0.0690500140190125,-0.119300238788128,-0.171292141079903,12.8973093032837,9.46886444091797,1.57946487784394e-15,23.9899997711182,-20.5699996948242,58,1,0,0,0,0,0
-258.454406738281,159.852478027344,52.8869361877441,14.140588760376,15.3270721435547,7.02824926376343,26.2265453338623,-20.6970405578613,42.8216323852539,-0.0690500140190125,-0.119300238788128,-0.171292141079903,12.5541172027588,9.91938209533691,1.53743595003412e-15,19.439998626709,-13.960000038147,58,1,0,0,0,0,0
-254.843017578125,163.161773681641,51.2673759460449,13.6500377655029,16.0211162567139,6.83824872970581,26.2265453338623,-20.6970405578613,42.8216323852539,-0.251408398151398,-0.103001661598682,-0.15698729455471,12.1951961517334,10.3574705123901,1.49348076342314e-15,16.1099987030029,-9.76000022888184,58,1,0,0,0,0,0
-250.693771362305,166.648666381836,49.566104888916,13.0842800140381,17.0371494293213,6.03561973571777,21.010311126709,-19.7824726104736,47.2697296142578,-0.155133202672005,-0.171985402703285,-0.136384889483452,12.1951961517334,10.3574705123901,1.49348076342314e-15,10.210000038147,-4.11999988555908,57,1,0,0,0,0,0
-246.359146118164,169.977432250977,48.0770034790039,12.5836048126221,18.0087661743164,4.60107421875,15.9749402999878,-14.1132535934448,51.7415771484375,-0.155133202672005,-0.171985402703285,-0.136384889483452,11.0286483764648,11.591760635376,1.35061986890187e-15,7.69999980926514,0.0700000002980232,59,1,0,0,0,0,0
-242.498931884766,172.718185424805,47.0713424682617,12.1893558502197,18.6410388946533,3.20010089874268,15.9749402999878,-14.1132535934448,51.7415771484375,-0.114665761590004,-0.294749766588211,-0.0718559101223945,10.1810464859009,12.3428640365601,1.24681862819382e-15,7.3899998664856,2.09999990463257,60,1,0,0,0,0,0
-237.778793334961,175.868057250977,46.2464752197265,11.852970123291,19.1012573242188,1.1179666519165,11.7221670150757,-9.02434253692627,54.4989395141602,-0.269434243440628,-0.267995655536652,-0.0634206086397171,9.73784255981445,12.6954488754272,1.19254170984583e-15,4.98000001907349,3.42999982833862,60,1,0,0,0,0,0
-233.331787109375,178.706634521484,45.9361114501953,11.6611242294312,19.1410865783691,-0.148662999272346,7.2094612121582,-3.65235018730164,56.612964630127,-0.269434243440628,-0.267995655536652,-0.0634206086397171,8.81540203094482,13.3524789810181,1.07957536089025e-15,7.82999992370605,3.55999994277954,62,1,0,0,0,0,0
-228.869506835937,181.506469726563,46.0167121887207,11.4444284439087,18.9640274047852,-1.41322302818298,7.2094612121582,-3.65235018730164,56.612964630127,-0.178739205002785,-0.227627068758011,-0.0428349524736404,7.84879589080811,13.9426107406616,9.61200283049971e-16,7.35999965667725,3.26999998092651,62,1,0,0,0,0,0
-224.150192260742,184.473403930664,46.3967819213867,11.0982580184937,18.60080909729,-2.59729743003845,4.90690851211548,0.934924304485321,58.167064666748,-0.178739205002785,-0.227627068758011,-0.0428349524736404,6.32672309875488,14.696005821228,7.74800148034381e-16,18.2600002288818,2.15999984741211,68,1,0,0,0,0,0
-219.864151000977,187.15657043457,46.9623718261718,10.7686958312988,18.2736167907715,-2.92819857597351,4.90690851211548,0.934924304485321,58.167064666748,0.0283153802156448,-0.146298080682755,-0.0128513984382152,5.27332305908203,15.1060276031494,6.45795812557689e-16,18.3799991607666,1.25999999046326,69,1,0,0,0,0,0
-215.660171508789,189.745895385742,47.6088409423828,10.2167158126831,17.9012393951416,-3.22408485412598,9.11302947998047,3.74966073036194,58.0674667358398,0.211060419678688,-0.0656342133879662,0.00470556877553464,3.70840096473694,15.5643100738525,4.54148149615181e-16,27.4899997711182,-0.179999992251396,76,1,0,0,0,0,0
-211.556488037109,192.205780029297,48.2834739685058,9.6732292175293,17.6552448272705,-3.10175776481628,14.5554981231689,4.61839866638184,59.6355094909668,0.211060419678688,-0.0656342133879662,0.00470556877553464,2.74267482757568,15.7631769180298,3.35880803777885e-16,30.0799999237061,-1.0900000333786,79,1,0,0,0,0,0
-207.131896972656,194.725997924805,48.981330871582,9.00879287719727,17.5223388671875,-2.76405191421509,14.5554981231689,4.61839866638184,59.6355094909668,0.268148869276047,-0.000950924120843424,-0.107269860804081,1.516725897789,15.9279479980469,1.85745352077583e-16,32.5699996948242,-2.03999996185303,83,1,0,0,0,0,0
-203.064987182617,196.880081176758,49.5318794250488,8.1446590423584,17.5198459625244,-2.30080533027649,19.7336139678955,4.16322183609009,61.2107276916504,0.340970635414124,0.0176339671015739,-0.120391517877579,0.893516004085541,15.9750318527222,1.09424156431839e-16,31.7899990081787,-2.41999983787537,84,1,0,0,0,0,0
-195.844421386719,200.188079833984,50.2668647766113,7.3146858215332,17.6033325195312,-1.79037821292877,26.272575378418,3.10955238342285,63.2033653259277,0.213244989514351,0.0123175457119942,-0.114708632230759,0.284276992082596,15.9974746704102,3.48138912389316e-17,33.0999984741211,-2.78999996185303,89,1,0,0,0,0,0
-195.844421386719,200.188079833984,50.2668647766113,6.45437383651733,17.719612121582,-1.08423388004303,29.0655422210693,1.57761669158936,65.5372619628906,0.213244989514351,0.0123175457119942,-0.114708632230759,0.165107995271683,15.9991483688354,2.02198990239055e-17,32.4199981689453,-2.73000001907349,90,1,0,0,0,0,0
-186.690887451172,203.453582763672,50.5975723266601,5.57962417602539,17.8946113586426,-0.373382478952408,29.0655422210693,1.57761669158936,65.5372619628906,0.0458900593221188,0.0130797531455755,-0.189727082848549,0.000472999992780387,16,5.79257910111664e-20,31.0499992370605,-2.25999999046326,92,1,0,0,0,0,0
-182.383483886719,204.651702880859,50.5392379760742,4.76070642471313,18.1134014129639,0.111508667469025,30.3102378845215,-1.59942960739136,70.829704284668,0.0396966561675072,-0.0404584556818009,-0.212621673941612,3.00000010611257e-06,16,3.67394031065145e-22,29.519998550415,-1.75,93,1,0,0,0,0,0
-177.645874023437,205.695251464844,50.3608779907226,3.5303897857666,18.4757118225098,0.545751452445984,30.3102378845215,-1.59942960739136,70.829704284668,0.0396966561675072,-0.0404584556818009,-0.212621673941612,3.00000010611257e-06,16,3.67394031065145e-22,26.3199996948242,-0.829999983310699,95,1,0,0,0,0,0
-173.160095214844,206.420150756836,50.1394233703613,2.54121208190918,18.7687549591064,0.783085823059082,30.0243911743164,-2.71750020980835,74.903564453125,-0.0942953377962112,-0.0392217002809048,-0.171875327825546,3.00000010611257e-06,16,3.67394031065145e-22,22.2600002288818,0.129999995231628,95,1,0,0,0,0,0
-169.422073364258,206.844223022461,49.9397735595703,1.58255910873413,19.0339794158936,0.856948912143707,26.5305728912354,-2.46554374694824,79.5165176391602,-0.0942953377962112,-0.0392217002809048,-0.171875327825546,3.00000010611257e-06,16,3.67394031065145e-22,19.2999992370605,0.699999988079071,96,1,0,0,0,0,0
-165.25895690918,207.133499145508,49.7177047729492,0.58343917131424,19.2826366424561,0.851108908653259,26.5305728912354,-2.46554374694824,79.5165176391602,-0.197349399328232,-0.0810824185609818,-0.163217350840569,3.00000010611257e-06,16,3.67394031065145e-22,14.5899991989136,1.51999998092651,96,1,0,0,0,0,0
-160.614456176758,207.269332885742,49.4927444458008,-0.0399532280862331,19.4205989837646,0.808487355709076,22.1844863891602,-2.56120562553406,83.4729385375977,-0.209509879350662,-0.0579643584787846,-0.148198306560516,3.00000010611257e-06,16,3.67394031065145e-22,11.6799993515015,2.00999999046326,96,1,0,0,0,0,0
-155.588470458984,207.238571166992,49.2883033752441,-0.739061117172241,19.5517597198486,0.6368408203125,22.1844863891602,-2.56120562553406,83.4729385375977,-0.209509879350662,-0.0579643584787846,-0.148198306560516,3.00000010611257e-06,16,3.67394031065145e-22,8.84000015258789,2.33999991416931,96,1,0,0,0,0,0
-150.519653320312,207.04719543457,49.1370658874512,-1.32082462310791,19.6296672821045,0.351901233196259,15.881911277771,-2.08880710601807,88.2140045166016,-0.243644192814827,-0.0709522217512131,-0.13513520359993,3.00000010611257e-06,16,3.67394031065145e-22,4.84999990463257,2.66999983787537,96,1,0,0,0,0,0
-145.835983276367,206.763793945313,49.0864143371582,-1.67895877361298,19.6514587402344,0.112907372415066,15.881911277771,-2.08880710601807,88.2140045166016,-0.243644192814827,-0.0709522217512131,-0.13513520359993,3.00000010611257e-06,16,3.67394031065145e-22,2.5,2.72000002861023,96,1,0,0,0,0,0
-141.552886962891,206.433334350586,49.1038093566894,-2.01839804649353,19.619083404541,-0.367039561271667,11.7042970657349,-1.03179490566254,90.5052642822266,-0.158652201294899,-0.0841280817985535,-0.0682035684585571,3.00000010611257e-06,16,3.67394031065145e-22,-0.340000003576279,2.39999985694885,95,1,0,0,0,0,0
-136.506576538086,205.983963012695,49.2332344055176,-2.20898628234863,19.52272605896,-0.712616443634033,8.77328872680664,0.47038060426712,91.7771072387695,-0.128549113869667,-0.0704136565327644,-0.0420548617839813,3.00000010611257e-06,16,3.67394031065145e-22,-1.83999991416931,2.05999994277954,95,1,0,0,0,0,0
-131.481552124023,205.501770019531,49.4544715881348,-2.25257802009583,19.3940620422363,-0.94099098443985,5.23366785049438,1.28190791606903,92.6006622314453,-0.128549113869667,-0.0704136565327644,-0.0420548617839813,3.00000010611257e-06,16,3.67394031065145e-22,-3.32999992370605,1.26999998092651,94,1,0,0,0,0,0
-127.688835144043,205.13313293457,49.6632537841797,-2.1900634765625,19.2544479370117,-1.01709592342377,5.23366785049438,1.28190791606903,92.6006622314453,-0.230895221233368,-0.002651103772223,-0.0276555120944977,3.00000010611257e-06,16,3.67394031065145e-22,-3.80999994277954,0.509999990463257,94,1,0,0,0,0,0
-122.416961669922,204.645431518555,49.9653434753418,-2.00920152664185,19.0939712524414,-0.945859491825104,1.44529557228088,1.55201029777527,92.676513671875,-0.214517116546631,-0.0150945400819182,0.0305331833660603,3.00000010611257e-06,16,3.67394031065145e-22,-3.65999984741211,0.0999999940395355,94,1,0,0,0,0,0
-117.959548950195,204.279373168945,50.1935729980469,-1.84530162811279,18.966947555542,-1.06896770000458,-0.892877578735352,1.84877121448517,91.4917449951172,-0.214517116546631,-0.0150945400819182,0.0305331833660603,3.00000010611257e-06,16,3.67394031065145e-22,-3.14999985694885,-0.649999976158142,93,1,0,0,0,0,0
-114.268379211426,204.010757446289,50.4048385620117,-1.45875835418701,18.7496166229248,-1.03101122379303,-2.90809774398804,1.91057980060577,89.9242782592773,-0.0544313564896584,-0.0262975692749023,0.0730251893401146,3.00000010611257e-06,16,3.67394031065145e-22,-2.24000000953674,-1.11000001430511,93,1,0,0,0,0,0
-109.813804626465,203.741302490234,50.6692886352539,-1.05711770057678,18.5831909179688,-1.01795101165771,-2.90809774398804,1.91057980060577,89.9242782592773,-0.146619126200676,0.0122637990862131,0.0849738121032715,3.00000010611257e-06,16,3.67394031065145e-22,-0.75,-1.67999994754791,93,1,0,0,0,0,0
-105.393157958984,203.575210571289,50.9305572509765,-0.645608723163605,18.4115600585938,-0.892479598522186,-5.41733312606812,1.09528982639313,88.8125991821289,-0.146619126200676,0.0122637990862131,0.0849738121032715,3.00000010611257e-06,16,3.67394031065145e-22,1.76999998092651,-2.3899998664856,93,1,0,0,0,0,0
-101.023460388184,203.511032104492,51.1731224060058,-0.341585516929626,18.2473735809326,-0.751300692558289,-3.4525773525238,0.628619134426117,88.2915115356445,0.0122064109891653,0.0349802449345589,-0.00554910395294428,3.00000010611257e-06,16,3.67394031065145e-22,3.75999999046326,-2.93999981880188,93,1,0,0,0,0,0
-96.7041854858398,203.52717590332,51.3754119873047,-0.095771349966526,18.065336227417,-0.529796123504639,-3.4525773525238,0.628619134426117,88.2915115356445,0.154956519603729,0.0235133394598961,0.0688388720154762,3.00000010611257e-06,16,3.67394031065145e-22,4.80999994277954,-3.17999982833862,93,1,0,0,0,0,0
-92.4441146850586,203.591049194336,51.5339012145996,0.115167856216431,17.8964958190918,-0.315319180488586,-0.0166458655148745,-0.142717659473419,85.9852905273438,0.154956519603729,0.0235133394598961,0.0688388720154762,3.00000010611257e-06,16,3.67394031065145e-22,6.21000003814697,-3.50999999046326,93,1,0,0,0,0,0
-87.8513488769531,203.699172973633,51.6623039245605,0.22306826710701,17.7729473114014,-0.259010970592499,-0.0166458655148745,-0.142717659473419,85.9852905273438,0.148455560207367,0.0361775606870651,0.101053789258003,3.00000010611257e-06,16,3.67394031065145e-22,6.84999990463257,-3.72000002861023,93,1,0,0,0,0,0
-83.6360855102539,203.815856933594,51.7449913024902,0.28803563117981,17.6787738800049,-0.106002628803253,3.34408092498779,-1.34352910518646,84.1161651611328,0.148455560207367,0.0361775606870651,0.101053789258003,3.00000010611257e-06,16,3.67394031065145e-22,7.3899998664856,-3.86999988555908,93,1,0,0,0,0,0
-75.2794876098632,204.104949951172,51.815746307373,0.336980015039444,17.5859680175781,0.214659854769707,3.34408092498779,-1.34352910518646,84.1161651611328,0.0533755980432034,0.0567243956029415,0.0159238521009684,3.00000010611257e-06,16,3.67394031065145e-22,7.94999980926514,-3.83999991416931,94,1,0,0,0,0,0
-75.2794876098632,204.104949951172,51.815746307373,0.341552078723907,17.5425510406494,0.574612855911255,4.93189144134521,-2.8032922744751,84.1604461669922,0.0533755980432034,0.0567243956029415,0.0159238521009684,3.00000010611257e-06,16,3.67394031065145e-22,8.30000019073486,-3.49000000953674,94,1,0,0,0,0,0
-70.0727310180664,204.283813476563,51.7143058776855,0.27898296713829,17.559778213501,0.874368786811829,6.20673036575317,-3.89585828781128,84.2886810302734,0.0649179145693779,0.0525286421179771,-0.0191080830991268,3.00000010611257e-06,16,3.67394031065145e-22,8.26000022888184,-3.12999987602234,94,1,0,0,0,0,0
-62.7744522094726,204.496932983398,51.3857688903809,0.236099556088448,17.5924434661865,1.07076013088226,6.20673036575317,-3.89585828781128,84.2886810302734,0.0620957165956497,0.0964190810918808,0.0039089573547244,3.00000010611257e-06,16,3.67394031065145e-22,8.1899995803833,-2.62999987602234,94,1,0,0,0,0,0
-58.5938987731933,204.589767456055,51.1214981079101,0.108590178191662,17.6996021270752,1.25165331363678,7.06874704360962,-4.62164068222046,84.2409744262695,0.0603131651878357,0.000507639721035956,-0.00667193485423923,3.00000010611257e-06,16,3.67394031065145e-22,7.73000001907349,-1.8199999332428,94,1,0,0,0,0,0
-54.3650703430175,204.660018920898,50.8336296081543,0.0132441911846399,17.8127403259277,1.25257813930511,7.5975513458252,-4.54608058929443,84.3109359741211,0.00325664691627026,-0.0194390453398228,-0.013717895373702,3.00000010611257e-06,16,3.67394031065145e-22,7.39999961853027,-1.27999997138977,94,1,0,0,0,0,0
-50.0804443359375,204.707717895508,50.5515098571777,-0.0524121597409248,17.9188003540039,1.12455379962921,7.5975513458252,-4.54608058929443,84.3109359741211,0.00325664691627026,-0.0194390453398228,-0.013717895373702,3.00000010611257e-06,16,3.67394031065145e-22,7.00999975204468,-0.599999964237213,94,1,0,0,0,0,0
-45.4262084960937,204.74836730957,50.2809867858887,-0.134066879749298,18.0904483795166,0.967844605445862,6.42277193069458,-4.11411142349243,84.9732208251953,-0.112512022256851,-0.0188212357461453,-0.0435993261635303,3.00000010611257e-06,16,3.67394031065145e-22,6.82999992370605,-0.170000001788139,94,1,0,0,0,0,0
-40.7631721496582,204.791275024414,50.0662002563476,-0.164445593953133,18.2001457214355,0.781696856021881,6.42277193069458,-4.11411142349243,84.9732208251953,-0.112512022256851,-0.0188212357461453,-0.0435993261635303,3.00000010611257e-06,16,3.67394031065145e-22,6.62999963760376,0.25,94,1,0,0,0,0,0
-36.4026298522949,204.826751708984,49.9023399353027,-0.190230667591095,18.2866535186768,0.6395103931427,4.88371419906616,-3.19417333602905,85.7090759277344,-0.00791974924504757,-0.0574994757771492,-0.00323970802128314,3.00000010611257e-06,16,3.67394031065145e-22,6.48999977111816,0.509999990463257,94,1,0,0,0,0,0
-32.0624351501464,204.863540649414,49.7714347839355,-0.179909721016884,18.3498916625977,0.42714512348175,4.77581024169922,-2.28762364387512,85.5888671875,-0.0062373261898756,-0.0588427409529686,0.0244978498667479,3.00000010611257e-06,16,3.67394031065145e-22,6.65999984741211,0.759999990463257,94,1,0,0,0,0,0
-27.6978359222412,204.908340454102,49.6784629821777,-0.15809839963913,18.3695774078369,0.29120945930481,4.30573844909668,-0.858623504638672,85.3563079833984,-0.0062373261898756,-0.0588427409529686,0.0244978498667479,3.00000010611257e-06,16,3.67394031065145e-22,6.75999975204468,0.899999976158142,94,1,0,0,0,0,0
-23.3376731872558,204.963577270508,49.6383361816406,-0.127086877822876,18.3526153564453,0.0154246175661683,4.30573844909668,-0.858623504638672,85.3563079833984,0.00777315814048052,-0.0556851252913475,-0.00261409673839807,3.00000010611257e-06,16,3.67394031065145e-22,6.94000005722046,0.839999973773956,94,1,0,0,0,0,0
-18.2749919891357,205.056381225586,49.6712951660156,-0.0964111909270287,18.2970314025879,-0.330887019634247,4.30573844909668,-0.858623504638672,85.3563079833984,0.00777315814048052,-0.0556851252913475,-0.00261409673839807,3.00000010611257e-06,16,3.67394031065145e-22,7.21000003814697,0.629999995231628,94,1,0,0,0,0,0
-14.3243198394775,205.14128112793,49.755298614502,-0.022391315549612,18.1953392028809,-0.59102189540863,3.82923126220703,0.900053203105927,85.0706100463867,-0.00587762892246246,-0.0504992008209229,0.0172246936708689,3.00000010611257e-06,16,3.67394031065145e-22,7.8899998664856,0.159999996423721,95,1,0,0,0,0,0
-9.99880409240719,205.2578125,49.883415222168,0.0455243960022926,18.1184425354004,-0.532135307788849,3.99865436553955,1.11240291595459,84.7601013183594,0.0432805120944977,0.04344592243433,0.00903134979307651,3.00000010611257e-06,16,3.67394031065145e-22,8.23999977111816,-0.0899999961256981,95,1,0,0,0,0,0
-5.72949504852291,205.389114379883,49.9932899475098,0.0968451201915741,18.0317306518555,-0.317398190498352,3.99865436553955,1.11240291595459,84.7601013183594,0.0432805120944977,0.04344592243433,0.00903134979307651,3.00000010611257e-06,16,3.67394031065145e-22,8.86999988555908,-0.259999990463257,95,1,0,0,0,0,0
-1.44098448753353,205.529510498047,50.0446701049805,0.0954601392149925,17.9680252075195,-0.121721535921097,4.13508415222168,0.433527380228043,84.8857650756836,0.0102364756166935,0.0235378295183182,-0.0184479989111424,3.00000010611257e-06,16,3.67394031065145e-22,9.05000019073486,-0.209999993443489,95,1,0,0,0,0,0
3.50465059280399,205.691543579102,50.0665092468262,0.0661608874797821,17.9000434875488,-0.105693958699703,5.12471532821655,0.360031127929688,84.7910308837891,0.094984382390976,-0.00353465974330902,0.0258851442486048,3.00000010611257e-06,16,3.67394031065145e-22,9.22000026702881,-0.219999998807907,95,1,0,0,0,0,0
7.41116046905521,205.802703857422,50.0934791564941,0.0671818554401398,17.8571281433105,-0.13565993309021,5.49725246429443,0.432671129703522,84.1277618408203,0.094984382390976,-0.00353465974330902,0.0258851442486048,3.00000010611257e-06,16,3.67394031065145e-22,9.38999938964844,-0.310000002384186,95,1,0,0,0,0,0
12.3485832214356,205.933639526367,50.1589469909668,0.0811842530965805,17.8086452484131,-0.39379021525383,5.49725246429443,0.432671129703522,84.1277618408203,-0.00624730996787548,0.00546912895515561,0.00437641656026244,3.00000010611257e-06,16,3.67394031065145e-22,9.51000022888184,-0.5,95,1,0,0,0,0,0
16.2139949798584,206.045028686523,50.2677040100098,0.0544515028595924,17.7479763031006,-0.388231366872787,5.67447805404663,0.222789883613586,84.1944885253906,0.0945884436368942,0.0434545353055,-0.00818100385367871,3.00000010611257e-06,16,3.67394031065145e-22,9.6899995803833,-0.959999978542328,96,1,0,0,0,0,0
20.7527446746827,206.163726806641,50.3792343139648,-0.0323426052927971,17.7103939056396,-0.148340821266174,8.00703811645508,-0.610004663467407,84.4008102416992,0.0945884436368942,0.0434545353055,-0.00818100385367871,3.00000010611257e-06,16,3.67394031065145e-22,9.55999946594238,-1.0699999332428,96,1,0,0,0,0,0
25.3048839569092,206.250259399414,50.4211921691895,-0.163965433835983,17.7060680389404,0.0226009674370289,8.00703811645508,-0.610004663467407,84.4008102416992,0.0961031541228294,0.0188990719616413,-0.0209301207214594,3.00000010611257e-06,16,3.67394031065145e-22,9.13000011444092,-1.04999995231628,96,1,0,0,0,0,0
29.5078220367432,206.284912109375,50.4174385070801,-0.319807887077332,17.7059631347656,0.11594619601965,9.35994625091553,-1.15841007232666,84.7463607788086,-0.0261936895549297,0.000524836592376227,-0.0381621718406677,3.00000010611257e-06,16,3.67394031065145e-22,8.30000019073486,-0.959999978542328,96,1,0,0,0,0,0
34.0433006286621,206.289703369141,50.3952140808106,-0.477585971355438,17.7110767364502,0.104917630553246,9.35994625091553,-1.15841007232666,84.7463607788086,-0.0261936895549297,0.000524836592376227,-0.0381621718406677,3.00000010611257e-06,16,3.67394031065145e-22,7.62999963760376,-0.949999988079071,96,1,0,0,0,0,0
37.563274383545,206.257598876953,50.379264831543,-0.674774765968323,17.7339763641357,0.0911117941141129,8.78822898864746,-1.60053360462189,86.7228012084961,-0.0261936895549297,0.000524836592376227,-0.0381621718406677,3.00000010611257e-06,16,3.67394031065145e-22,6.46000003814697,-0.949999988079071,96,1,0,0,0,0,0
42.0938911437989,206.169128417969,50.3664054870606,-0.849774122238159,17.7530975341797,0.050199493765831,8.78822898864746,-1.60053360462189,86.7228012084961,-0.0653213709592819,0.0177138037979603,-0.0545432679355145,3.00000010611257e-06,16,3.67394031065145e-22,5.54999971389771,-0.939999997615814,96,1,0,0,0,0,0
46.3136215209961,206.039474487305,50.3723907470703,-0.983995616436005,17.7387504577637,-0.052231639623642,8.13465309143066,-1.03844630718231,86.9185104370117,-0.0330204702913761,-0.0437224432826042,0.0144350035116077,3.00000010611257e-06,16,3.67394031065145e-22,4.26999998092651,-1.11000001430511,95,1,0,0,0,0,0
50.5150032043457,205.881484985352,50.4041137695313,-1.00164222717285,17.7114372253418,-0.0501165874302387,8.13465309143066,-1.03844630718231,86.9185104370117,-0.0330204702913761,-0.0437224432826042,0.0144350035116077,3.00000010611257e-06,16,3.67394031065145e-22,3.87999987602234,-1.20999991893768,95,1,0,0,0,0,0
53.989055633545,205.75944519043,50.4270553588867,-0.938389956951141,17.6669425964355,0.0191255807876587,4.51925659179688,-0.875752866268158,86.8004989624023,-0.10687568038702,-0.00807032734155655,-0.029655497521162,3.00000010611257e-06,16,3.67394031065145e-22,3.92999982833862,-1.25,95,1,0,0,0,0,0
58.8777046203614,205.620819091797,50.4463233947754,-0.912218928337097,17.6264038085938,0.0287846568971872,3.95962238311768,-0.438024193048477,86.9714813232422,-0.10687568038702,-0.00807032734155655,-0.029655497521162,3.00000010611257e-06,16,3.67394031065145e-22,3.99000000953674,-1.28999996185303,95,1,0,0,0,0,0
63.0266952514649,205.517440795898,50.4569206237793,-0.833736956119537,17.5526943206787,-0.0396976917982101,3.95962238311768,-0.438024193048477,86.9714813232422,0.00647226627916098,-0.0199141856282949,0.0266576074063778,3.00000010611257e-06,16,3.67394031065145e-22,4.06999969482422,-1.4099999666214,95,1,0,0,0,0,0
67.1833877563477,205.424728393555,50.4781150817871,-0.728891730308533,17.4948616027832,-0.017014741897583,3.95962238311768,-0.438024193048477,86.9714813232422,0.00647226627916098,-0.0199141856282949,0.0266576074063778,3.00000010611257e-06,16,3.67394031065145e-22,4.3600001335144,-1.43999993801117,95,1,0,0,0,0,0
71.3269958496094,205.35710144043,50.4992294311524,-0.608016908168793,17.4372406005859,-0.0626881644129753,2.99419474601746,-0.177375748753548,85.9218826293945,-0.022158931940794,-0.00435718242079019,0.019641537219286,3.00000010611257e-06,16,3.67394031065145e-22,5.04999971389771,-1.62000000476837,95,1,0,0,0,0,0
75.4544219970704,205.325347900391,50.5349845886231,-0.536994099617004,17.4079971313477,-0.0284696854650974,2.83314800262451,-0.162568747997284,85.8071365356445,-0.022158931940794,-0.00435718242079019,0.019641537219286,3.00000010611257e-06,16,3.67394031065145e-22,5.60999965667725,-1.67999994754791,95,1,0,0,0,0,0
80.2553253173829,205.324554443359,50.5568580627441,-0.464455395936966,17.3720111846924,0.231542810797691,2.83314800262451,-0.162568747997284,85.8071365356445,0.0470767542719841,0.00780727434903383,0.00641210656613111,3.00000010611257e-06,16,3.67394031065145e-22,5.81999969482422,-1.5699999332428,95,1,0,0,0,0,0
83.9993896484375,205.324203491211,50.5297966003418,-0.417477428913116,17.3742008209229,0.438233405351639,4.41048288345337,-1.0988734960556,85.2822189331055,0.0999203324317932,0.048811960965395,0.0342626124620438,3.00000010611257e-06,16,3.67394031065145e-22,6.07999992370605,-1.23000001907349,95,1,0,0,0,0,0
88.44580078125,205.328842163086,50.4345932006836,-0.405008614063263,17.4148216247559,0.596430480480194,5.75122404098511,-1.73505294322968,84.5255966186523,0.0999203324317932,0.048811960965395,0.0342626124620438,3.00000010611257e-06,16,3.67394031065145e-22,6.21999979019165,-0.939999997615814,95,1,0,0,0,0,0
92.9002914428711,205.344268798828,50.294864654541,-0.394861489534378,17.4679775238037,0.730904638767242,6.36943483352661,-2.05280947685242,84.6464920043945,0.0686839073896408,0.0199634805321693,0.0139034725725651,-0.00286199990659952,16,-3.50493899729158e-19,6.34999990463257,-0.560000002384186,95,1,0,0,0,0,0
97.3937072753907,205.362854003906,50.1158599853516,-0.446122258901596,17.5390586853027,0.685274362564087,6.36943483352661,-2.05280947685242,84.6464920043945,0.0342636406421661,0.00594962853938341,-0.0327306017279625,-0.076946996152401,15.9998149871826,-9.42328951467962e-18,6.31999969482422,-0.0599999986588955,95,1,0,0,0,0,0
101.213066101074,205.363784790039,49.970645904541,-0.524622738361359,17.6310081481934,0.540715575218201,6.99886703491211,-1.61323225498199,85.2549438476562,0.0342636406421661,0.00594962853938341,-0.0327306017279625,-0.353707998991013,15.9960899353027,-4.33167355269929e-17,6.81999969482422,0.179999992251396,96,1,0,0,0,0,0
105.400581359863,205.341674804687,49.853687286377,-0.563872158527374,17.6987533569336,0.443977504968643,6.99886703491211,-1.61323225498199,85.2549438476562,-0.0450543276965618,-0.0174620989710093,0.00613342085853219,-0.708505988121033,15.9843053817749,-8.6766964769962e-17,7.96999979019165,0.329999983310699,96,1,0,0,0,0,0
113.811431884766,205.276306152344,49.6986274719238,-0.622512757778168,17.7793445587158,0.246872171759605,6.45518398284912,-1.01667034626007,85.3683853149414,-0.0314789079129696,-0.0271191075444221,-0.00671247998252511,-1.55192899703979,15.9245567321777,-1.90056485081311e-16,10.8199996948242,0.419999986886978,98,1,0,0,0,0,0
118.034507751465,205.221862792969,49.6866836547852,-0.717625975608826,17.835765838623,0.0296953208744526,6.45518398284912,-1.01667034626007,85.3683853149414,-0.0314789079129696,-0.0271191075444221,-0.00671247998252511,-3.25545287132263,15.6653127670288,-3.98678000072526e-16,16.5,0.359999984502792,102,1,0,0,0,0,0
122.619873046875,205.111328125,49.7147216796875,-0.924107491970062,17.8754081726074,-0.105490133166313,9.9403600692749,-0.511426210403442,85.6170043945312,0.236015111207962,-0.0408133007586002,-0.0112937428057194,-3.76304507255554,15.5511894226074,-4.60840133414964e-16,18.3299999237061,0.299999982118607,104,1,0,0,0,0,0
126.486045837402,204.948120117187,49.7800788879395,-1.32921302318573,17.8892650604248,-0.289220929145813,14.0853681564331,0.444874227046967,86.1841583251953,0.207814246416092,-0.0281561110168695,-0.0349700562655926,-5.89397668838501,14.8748455047607,-7.21803996442199e-16,24.6199989318848,0.0199999995529652,110,1,0,0,0,0,0
131.090469360352,204.652069091797,49.8578643798828,-1.70181274414062,17.8886909484863,-0.193840309977531,14.0853681564331,0.444874227046967,86.1841583251953,0.207814246416092,-0.0281561110168695,-0.0349700562655926,-6.41672086715698,14.6569328308105,-7.85821687804495e-16,26.3400001525879,-0.0299999993294477,112,1,0,0,0,0,0
134.964294433594,204.311904907227,49.9105682373047,-2.13882040977478,17.8919353485107,-0.121407732367516,18.5991611480713,0.0707019567489624,88.4572906494141,0.183809876441956,-0.00562493130564692,-0.167239964008331,-8.42090511322021,13.604718208313,-1.03126346031506e-15,32.0099983215332,-0.0899999961256981,119,1,0,0,0,0,0
139.183837890625,203.800506591797,49.9392509460449,-2.88475799560547,17.8951644897461,0.0189358778297901,18.5991611480713,0.0707019567489624,88.4572906494141,0.183809876441956,-0.00562493130564692,-0.167239964008331,-9.36217594146729,12.9749631881714,-1.14653585646954e-15,34.3899993896484,-0.00999999977648258,123,1,0,0,0,0,0
143.379974365234,203.089233398437,49.9353561401367,-3.87361264228821,17.8722858428955,0.158096611499786,24.9033012390137,-0.860815703868866,92.2739715576172,0.347873419523239,-0.0411807596683502,-0.17106157541275,-10.6847257614136,11.9095182418823,-1.30850147323701e-15,37.1599998474121,0.179999992251396,129,1,0,0,0,0,0
147.57975769043,202.120483398437,49.9045829772949,-5.10773086547852,17.7923583984375,0.204259991645813,32.227409362793,-0.632775366306305,96.9500122070312,0.231218099594116,-0.142845630645752,-0.184747949242592,-11.5004110336304,11.123872756958,-1.40839418628908e-15,38.6499977111816,0.379999995231628,133,1,0,0,0,0,0
151.750381469727,200.848678588867,49.8691101074219,-6.55927181243896,17.6014442443848,0.177169814705849,32.227409362793,-0.632775366306305,96.9500122070312,0.231218099594116,-0.142845630645752,-0.184747949242592,-12.6147079467773,9.84221267700195,-1.54485617041031e-15,40.3299980163574,0.550000011920929,139,1,0,0,0,0,0
155.512893676758,199.385940551758,49.8376045227051,-7.99197626113892,17.2760448455811,0.201769277453423,36.8880195617676,-0.18764066696167,103.501586914062,0.127564549446106,-0.187094777822495,-0.242862939834595,-14.1505498886108,7.46739196777344,-1.7329425892052e-15,41.2000007629395,0.669999957084656,143,1,0,0,0,0,0
160.180908203125,197.103271484375,49.7975234985352,-9.60262680053711,16.7569484710693,0.204538181424141,39.0967559814453,-0.0553328581154346,109.112754821777,0.116734497249126,-0.231669008731842,-0.273407250642776,-14.6433277130127,6.44770908355713,-1.79329051032352e-15,42.2399978637695,0.85999995470047,150,1,0,0,0,0,0
163.723526000977,194.967269897461,49.7669792175293,-11.0055561065674,16.1504535675049,0.220639690756798,41.2081108093262,0.236822828650475,116.433227539062,0.116734497249126,-0.231669008731842,-0.273407250642776,-15.2418022155762,4.86697816848755,-1.8665823654253e-15,42.8099975585938,0.979999959468842,154,1,0,0,0,0,0
167.415054321289,192.296752929687,49.7374954223633,-12.7164373397827,15.1738920211792,0.275719434022903,41.2081108093262,0.236822828650475,116.433227539062,0.0939213186502457,-0.242690205574036,-0.275377243757248,-15.5357418060303,3.82631993293762,-1.90257957161772e-15,43.5599975585938,1.16999995708466,161,1,0,0,0,0,0
171.147888183594,189.036102294922,49.7069892883301,-14.1172132492065,14.1816377639771,0.187023133039474,42.6157493591309,0.272678345441818,123.739624023438,0.0102839414030313,-0.265868991613388,-0.317736804485321,-15.5357418060303,3.82631993293762,-1.90257957161772e-15,44.7700004577637,1.19999992847443,169,1,0,0,0,0,0
174.312194824219,185.669204711914,49.6982917785645,-15.7196550369263,12.7607469558716,0.145655378699303,43.3059921264648,0.304696977138519,130.471496582031,0.056853000074625,-0.27206888794899,-0.289218366146088,-15.9197845458984,1.60014200210571,-1.94961128777225e-15,43.4899978637695,1.23000001907349,171,1,0,0,0,0,0
176.95915222168,182.2939453125,49.6811447143555,-17.0490665435791,11.2472705841064,0.13017849624157,43.5825424194336,0.28121480345726,138.25341796875,0.056853000074625,-0.27206888794899,-0.289218366146088,-15.9846630096436,0.700390994548798,-1.95755666857573e-15,43.629997253418,1.32999992370605,177,1,0,0,0,0,0
179.305618286133,178.719924926758,49.6482276916504,-18.2749099731445,9.52357387542725,-0.0943617299199104,43.5825424194336,0.28121480345726,138.25341796875,0.0277399588376284,-0.273642212152481,-0.343635380268097,-15.996844291687,0.317777991294861,-1.95904829359585e-15,41.7799987792969,1.28999996185303,179,1,0,0,0,0,0
181.345321655273,174.878372192383,49.6506004333496,-19.2075099945068,7.79748773574829,-0.390377849340439,43.5927124023438,0.293357789516449,147.854904174805,-0.00430806539952755,-0.319702476263046,-0.265615791082382,-15.9999446868896,0.0420069992542267,-1.95942818787269e-15,39.1100006103516,1,-178,1,0,0,0,0,0
183.251647949219,170.108901977539,49.7738304138184,-20.0620079040527,5.5223822593689,-0.903351187705994,42.3969573974609,1.21318233013153,153.628356933594,-0.133208826184273,-0.305573761463165,-0.262385100126266,-16,0.00122400000691414,-1.95943496413627e-15,32.8299980163574,0.0199999995529652,-176,1,0,0,0,0,0
184.607849121094,165.126342773437,50.057113647461,-20.385066986084,3.92439985275269,-1.02942907810211,39.5252723693848,1.83901524543762,164.208404541016,-0.133208826184273,-0.305573761463165,-0.262385100126266,-16,-6.00000021222513e-06,-1.95943496413627e-15,28.2299995422363,-0.709999978542328,-175,1,0,0,0,0,0
185.375717163086,160.833099365234,50.3519058227539,-20.521520614624,2.12928414344788,-1.11302876472473,39.5252723693848,1.83901524543762,164.208404541016,-0.134300693869591,-0.201686143875122,-0.310259819030762,-16,-6.00000021222513e-06,-1.95943496413627e-15,20.4099998474121,-1.84999990463257,-175,1,0,0,0,0,0
185.888092041016,155.738235473633,50.7224426269531,-20.4642715454102,0.647456705570221,-1.23611736297607,35.5713081359863,1.99177706241608,171.729476928711,-0.134300693869591,-0.201686143875122,-0.310259819030762,-16,-6.00000021222513e-06,-1.95943496413627e-15,14.789999961853,-2.75,-174,1,0,0,0,0,0
186.014846801758,150.651992797852,51.1388053894043,-20.1763381958008,-0.731599688529968,-1.37185072898865,27.4839019775391,2.18182921409607,177.082962036133,-0.273502707481384,-0.156479030847549,-0.215748116374016,-16,-6.00000021222513e-06,-1.95943496413627e-15,7.04999971389771,-4.36999988555908,-174,1,0,0,0,0,0
185.86474609375,146.015426635742,51.5755729675293,-19.8547763824463,-1.38414323329926,-1.33847939968109,22.0369873046875,1.41953110694885,-179.38720703125,-0.432550400495529,-0.0716765746474266,-0.208979457616806,-16,-6.00000021222513e-06,-1.95943496413627e-15,3.11999988555908,-5.44000005722046,-174,1,0,0,0,0,0
185.497100830078,140.721298217773,52.102954864502,-19.4722785949707,-1.89946508407593,-1.08577024936676,22.0369873046875,1.41953110694885,-179.38720703125,-0.34946671128273,-0.00197002943605188,-0.24475634098053,-16,-6.00000021222513e-06,-1.95943496413627e-15,-1.02999997138977,-6.76999998092651,-175,1,0,0,0,0,0
185.129364013672,136.605133056641,52.4706344604492,-19.154052734375,-2.19645524024963,-0.929478347301483,15.6251058578491,0.134506374597549,-175.42268371582,-0.363704562187195,0.00839468371123073,-0.207311004400253,-16,-6.00000021222513e-06,-1.95943496413627e-15,-3.19999980926514,-7.54999971389771,-175,1,0,0,0,0,0
184.629653930664,131.801620483398,52.8409767150879,-18.8387298583984,-2.37346434593201,-0.658007681369781,9.56930923461914,-0.712664723396301,-172.838485717773,-0.363704562187195,0.00839468371123073,-0.207311004400253,-16,-6.00000021222513e-06,-1.95943496413627e-15,-5.52999973297119,-8.5,-175,1,0,0,0,0,0
183.741775512695,123.759353637695,53.2772598266602,-18.6074199676514,-2.33844423294067,-0.293271601200104,9.56930923461914,-0.712664723396301,-172.838485717773,-0.366619020700455,0.0916054770350456,-0.0892356038093567,-16,-6.00000021222513e-06,-1.95943496413627e-15,-6.11999988555908,-8.88999938964844,-176,1,0,0,0,0,0
183.279678344727,119.098281860352,53.3901519775391,-18.3876533508301,-2.14471626281738,0.0955555513501167,1.68214201927185,-2.11566567420959,-172.474517822266,-0.199280291795731,0.062712550163269,0.00497849192470311,-16,-6.00000021222513e-06,-1.95943496413627e-15,-6.15999984741211,-9.1899995803833,-176,1,0,0,0,0,0
182.896987915039,114.793815612793,53.4057998657227,-18.2746829986572,-1.96341562271118,0.378150701522827,-0.882582485675812,-3.49737310409546,-173.053848266602,-0.0908278226852417,0.0708503127098083,0.036233127117157,-16,-6.00000021222513e-06,-1.95943496413627e-15,-5.87999963760376,-9.22999954223633,-177,1,0,0,0,0,0
182.896987915039,114.793815612793,53.4057998657227,-18.1854629516602,-1.73197102546692,0.767862200737,-0.882582485675812,-3.49737310409546,-173.053848266602,-0.0908278226852417,0.0708503127098083,0.036233127117157,-16,-6.00000021222513e-06,-1.95943496413627e-15,-5.44999980926514,-9.13000011444092,-177,1,0,0,0,0,0
182.286987304688,106.549728393555,53.1968879699707,-18.1443977355957,-1.55697846412659,1.09713363647461,-1.2238804101944,-4.94970846176147,-174.031127929688,-0.00155271030962467,0.073559008538723,0.0438418239355087,-16,-6.00000021222513e-06,-1.95943496413627e-15,-4.71000003814697,-8.71000003814697,-177,1,0,0,0,0,0
181.995956420898,101.559188842773,52.8982849121094,-18.1477336883545,-1.24172830581665,1.54388868808746,-2.99466037750244,-6.38740587234497,-175.602645874023,-0.0822078734636307,0.0391131266951561,0.0640005767345428,-16,-6.00000021222513e-06,-1.95943496413627e-15,-3.80999994277954,-7.90999984741211,-178,1,0,0,0,0,0
181.801940917969,97.2466354370117,52.5615386962891,-18.2020835876465,-0.985831677913666,1.77537083625793,-2.99466037750244,-6.38740587234497,-175.602645874023,-0.0822078734636307,0.0391131266951561,0.0640005767345428,-16,-6.00000021222513e-06,-1.95943496413627e-15,-2.42999982833862,-6.8899998664856,-178,1,0,0,0,0,0
181.68913269043,93.6303100585937,52.2343215942383,-18.2918262481689,-0.702421188354492,1.87829399108887,-3.93970084190369,-7.27464151382446,-177.642593383789,0.0198704842478037,0.00722085498273374,0.0858171880245209,-16,-6.00000021222513e-06,-1.95943496413627e-15,-1.39999997615814,-6.17000007629395,-178,1,0,0,0,0,0
181.60905456543,88.5418472290039,51.7710075378418,-18.438648223877,-0.367771416902542,1.63980948925018,-3.93970084190369,-7.27464151382446,-177.642593383789,0.0198704842478037,0.00722085498273374,0.0858171880245209,-16,-6.00000021222513e-06,-1.95943496413627e-15,-0.0799999982118607,-5.55999994277954,-178,1,0,0,0,0,0
181.621337890625,84.8443069458007,51.496322631836,-18.6049919128418,0.00531063694506884,1.30783939361572,-2.64478325843811,-6.82588195800781,179.805313110352,-0.00486378371715546,-0.0322983339428902,0.0395295172929764,-16,-6.00000021222513e-06,-1.95943496413627e-15,2,-4.96999979019165,-178,1,0,0,0,0,0
181.723693847656,79.6626663208007,51.1988105773926,-18.7459506988525,0.247625082731247,0.983357310295105,-1.73639905452728,-6.1041316986084,179.452301025391,0.112113624811172,-0.0537813231348991,0.0216201562434435,-16,-6.00000021222513e-06,-1.95943496413627e-15,3.77999997138977,-4.63000011444092,-178,1,0,0,0,0,0
181.847991943359,75.5263595581054,51.032886505127,-18.8371868133545,0.384720891714096,0.605561852455139,-1.73639905452728,-6.1041316986084,179.452301025391,0.112113624811172,-0.0537813231348991,0.0216201562434435,-16,-6.00000021222513e-06,-1.95943496413627e-15,4.6100001335144,-4.6100001335144,-178,1,0,0,0,0,0
181.992660522461,71.4039993286132,50.9386520385742,-18.8923053741455,0.504750430583954,0.281661480665207,1.04245316982269,-4.8171329498291,177.674285888672,0.0621558092534542,-0.0424352213740349,0.096265122294426,-16,-6.00000021222513e-06,-1.95943496413627e-15,5.40000009536743,-4.65000009536743,-178,1,0,0,0,0,0
182.159255981445,67.2335357666015,50.8938980102539,-18.9058609008789,0.654781758785248,-0.0280246734619141,1.3109940290451,-3.71054291725159,176.10139465332,0.0621558092534542,-0.0424352213740349,0.096265122294426,-16,-6.00000021222513e-06,-1.95943496413627e-15,6.64999961853027,-4.92999982833862,-177,1,0,0,0,0,0
182.370666503906,62.7258262634277,50.9011917114258,-18.8728675842285,0.745498538017273,-0.0341509245336056,1.3109940290451,-3.71054291725159,176.10139465332,-0.113146364688873,-0.0447565577924251,0.0288896001875401,-16,-6.00000021222513e-06,-1.95943496413627e-15,7.62999963760376,-5.03999996185303,-177,1,0,0,0,0,0
182.606811523438,58.2071342468261,50.9107627868653,-18.8539276123047,0.723142862319946,-0.00577738229185343,3.19051432609558,-3.45217227935791,175.917617797852,0.138569533824921,0.0025789225474,-0.00359969493001699,-16,-6.00000021222513e-06,-1.95943496413627e-15,7.8899998664856,-5.07999992370605,-177,1,0,0,0,0,0
182.904357910156,52.5699729919433,50.8844070434571,-18.8223571777344,0.699581742286682,0.215531066060066,3.19051432609558,-3.45217227935791,175.917617797852,0.138569533824921,0.0025789225474,-0.00359969493001699,-16,-6.00000021222513e-06,-1.95943496413627e-15,8.01999950408936,-4.90999984741211,-177,1,0,0,0,0,0
183.112335205078,48.4418220520019,50.823112487793,-18.7922611236572,0.821421325206757,0.19364795088768,2.56332302093506,-3.47221255302429,174.168380737305,0.138569533824921,0.0025789225474,-0.00359969493001699,-16,-6.00000021222513e-06,-1.95943496413627e-15,8.88999938964844,-4.76999998092651,-176,1,0,0,0,0,0
183.366668701172,43.9434509277343,50.7556610107422,-18.7689533233643,0.927552998065948,0.470216691493988,2.56332302093506,-3.47221255302429,174.168380737305,-0.00635684467852116,0.0177105516195297,0.0410157442092896,-16,-6.00000021222513e-06,-1.95943496413627e-15,9.84000015258789,-4.50999975204468,-176,1,0,0,0,0,0
183.656280517578,39.4482154846191,50.63232421875,-18.7937431335449,0.875989258289337,0.553300261497498,4.75195407867432,-4.00744724273682,175.018157958984,-0.00635684467852116,0.0177105516195297,0.0410157442092896,-16,-0.000901999999769032,-1.95943496413627e-15,10.3000001907349,-3.98000001907349,-176,1,0,0,0,0,0
183.921646118164,35.3428230285644,50.4779129028321,-18.8471584320068,0.722164690494537,0.580931842327118,7.62364530563354,-3.6176655292511,174.438430786133,0.247878715395927,-0.0181436873972416,-0.0302493758499622,-15.9999828338623,-0.0231759995222092,-1.9594328465539e-15,10.1899995803833,-3.59999990463257,-176,1,0,0,0,0,0
184.191711425781,30.4521465301513,50.2853889465332,-18.8893566131592,0.650787770748138,0.589127659797668,7.83398771286011,-3.68859553337097,173.884399414062,0.106485791504383,-0.012133470736444,0.0718622952699661,-15.9989461898804,-0.183654993772507,-1.95930579161181e-15,10.75,-3.1399998664856,-175,1,0,0,0,0,0
184.599304199219,21.7584724426269,49.9675178527832,-18.9291725158691,0.519477427005768,0.521919786930084,7.83398771286011,-3.68859553337097,173.884399414062,0.0444643795490265,0.0174477063119411,-0.018038546666503,-15.9884262084961,-0.608473002910614,-1.95801745449904e-15,12.1199998855591,-2.80999994277954,-174,1,0,0,0,0,0
184.761276245117,17.2365493774414,49.8333702087403,-18.9831809997559,0.327230513095856,0.401074111461639,9.50909423828125,-3.09863233566284,175.804458618164,0.0527797043323517,-0.0356457754969597,-0.0824167132377625,-15.9054689407349,-1.73668098449707,-1.94785814132967e-15,15.789999961853,-2.5,-171,1,0,0,0,0,0
184.896179199219,12.3121795654296,49.7154922485352,-19.0302791595459,0.156727239489555,0.296561181545258,8.7050952911377,-2.55459451675415,177.099349975586,0.0758703649044037,-0.0346148833632469,-0.0659757629036903,-15.8581466674805,-2.12583589553833,-1.94206295366279e-15,17.2700004577637,-2.3199999332428,-170,1,0,0,0,0,0
184.958419799805,8.13758468627926,49.6407470703125,-19.0726566314697,-0.191007420420647,0.217653796076775,8.7050952911377,-2.55459451675415,177.099349975586,0.0758703649044037,-0.0346148833632469,-0.0659757629036903,-15.4831886291504,-4.03371524810791,-1.89614381528448e-15,23.6199989318848,-2.05999994277954,-164,1,0,0,0,0,0
184.958419799805,8.13758468627926,49.6407470703125,-19.0875644683838,-0.585966348648071,0.137158423662186,14.3360977172852,-1.7719761133194,178.518020629883,0.0758703649044037,-0.0346148833632469,-0.0659757629036903,-15.1635990142822,-5.10541486740112,-1.85700538740717e-15,26.8400001525879,-1.93999993801117,-161,1,0,0,0,0,0
184.764923095703,-1.7305456399918,49.5029716491699,-19.0949745178223,-1.2433785200119,0.194381862878799,14.3360977172852,-1.7719761133194,178.518020629883,0.234914064407349,-0.0485437363386154,-0.0372006632387638,-14.2913665771484,-7.19422340393066,-1.75018765061571e-15,32.7799987792969,-1.66999995708466,-154,1,0,0,0,0,0
184.764923095703,-1.7305456399918,49.5029716491699,-19.0946617126465,-1.64380788803101,0.322081029415131,20.150333404541,-1.45043301582336,-179.60871887207,0.234914064407349,-0.0485437363386154,-0.0372006632387638,-13.7466630935669,-8.1871395111084,-1.683480735525e-15,35.4799995422363,-1.37999999523163,-150,1,0,0,0,0,0
184.098831176758,-10.0550651550293,49.3204650878906,-19.076639175415,-2.5984902381897,0.578646421432495,25.517692565918,-2.00352573394775,-177.215835571289,0.277495890855789,-0.0425519496202469,-0.135308519005775,-12.8014211654663,-9.59810543060303,-1.56772193070056e-15,38.939998626709,-0.740000009536743,-144,1,0,0,0,0,0
183.346038818359,-15.3239860534668,49.1009140014649,-19.0733089447021,-3.64349102973938,0.897474765777588,25.517692565918,-2.00352573394775,-177.215835571289,0.277495890855789,-0.0425519496202469,-0.135308519005775,-12.0904054641724,-10.479603767395,-1.48064757899753e-15,41.0299987792969,0.140000000596046,-139,1,0,0,0,0,0
182.469177246094,-19.8683662414551,48.8462753295899,-19.0396556854248,-4.5218710899353,1.14842998981476,29.8790416717529,-2.65991640090942,-172.819747924805,0.190203040838242,-0.0713055357336998,-0.236762061715126,-10.9115018844604,-11.7020988464355,-1.33627356599511e-15,43.9699974060059,0.889999985694885,-134,1,0,0,0,0,0
181.337417602539,-24.376657485962,48.5255126953125,-18.9169387817383,-5.90454387664795,1.26026678085327,35.8057556152344,-3.74634504318237,-165.356140136719,0.190203040838242,-0.0713055357336998,-0.236762061715126,-9.15089225769043,-13.1248302459717,-1.12066111751329e-15,44.689998626709,2.1399998664856,-126,1,0,0,0,0,0
180.130737304688,-28.1276187896729,48.2428665161133,-18.618745803833,-7.56472492218018,1.29778218269348,35.8057556152344,-3.74634504318237,-165.356140136719,0.28021565079689,-0.189117133617401,-0.254994302988052,-7.20712518692017,-14.2848644256592,-8.82618283676111e-16,44.7099990844727,3,-122,1,0,0,0,0,0
178.166809082031,-32.8890533447266,47.8762664794922,-18.1857357025146,-9.17237186431885,1.24453270435333,40.8743019104004,-3.02851390838623,-158.481948852539,0.225823968648911,-0.275301486253738,-0.234556660056114,-6.17859220504761,-14.7588958740234,-7.56659296342595e-16,44.7399978637695,3.8199999332428,-116,1,0,0,0,0,0
175.901565551758,-37.1319808959961,47.5719718933106,-17.5557327270508,-10.9308366775513,1.06524789333344,43.5374946594238,-1.56764507293701,-150.065414428711,0.225823968648911,-0.275301486253738,-0.234556660056114,-4.07343006134033,-15.4727878570557,-4.98851319258152e-16,44.7700004577637,4.75999975204468,-111,1,0,0,0,0,0
173.157165527344,-41.1999015808106,47.2993392944336,-16.4801845550537,-13.1050453186035,0.809529185295105,43.5374946594238,-1.56764507293701,-150.065414428711,0.0387068912386894,-0.303933322429657,-0.245592787861824,-3.5658860206604,-15.5975790023804,-4.36695088676565e-16,44.7700004577637,5.52999973297119,-102,1,0,0,0,0,0
169.737838745117,-45.2776679992676,47.0871124267578,-15.2882747650146,-14.9033145904541,0.696829855442047,44.3109550476074,-0.57740306854248,-141.925842285156,0.0562921762466431,-0.293659597635269,-0.269213557243347,-1.77982294559479,-15.9006986618042,-2.17965453069732e-16,44.7700004577637,5.98999977111816,-100,1,0,0,0,0,0
166.502212524414,-48.4734649658203,46.9387664794922,-13.8779621124268,-16.5681114196777,0.482495188713074,44.3109550476074,-0.57740306854248,-141.925842285156,0.0562921762466431,-0.293659597635269,-0.269213557243347,-1.4179539680481,-15.9370450973511,-1.73649284839428e-16,44.7700004577637,6.44999980926514,-92,1,0,0,0,0,0
162.32746887207,-51.8911972045899,46.8274765014649,-12.281177520752,-18.0178298950195,0.240008249878883,43.9987831115723,-0.532053351402283,-130.863647460938,0.0246279407292604,-0.263424754142761,-0.336059749126434,-0.394403994083405,-15.995138168335,-4.83005615833514e-17,44.7700004577637,6.67000007629395,-90,1,0,0,0,0,0
157.800567626953,-54.8279571533203,46.7680473327637,-10.5229902267456,-19.2703151702881,-0.092561736702919,44.9400177001953,0.0870158597826958,-120.564750671387,0.0246279407292604,-0.263424754142761,-0.336059749126434,-0.394403994083405,-15.995138168335,-4.83005615833514e-17,44.7700004577637,6.75,-86,1,0,0,0,0,0
153.286514282227,-57.0522079467774,46.8292350769043,-7.80486392974854,-20.5923690795898,-0.944757163524628,44.9400177001953,0.0870158597826958,-120.564750671387,-0.0843087434768677,-0.36008021235466,-0.284590423107147,-0.0046080001629889,-15.9999990463257,-5.6431724464076e-19,43.0599975585938,6.1399998664856,-84,1,0,0,0,0,0
150.107070922852,-58.2262420654297,46.9903831481934,-5.82497453689575,-21.19211769104,-1.27359044551849,44.1565437316895,2.31773042678833,-111.369903564453,-0.0399604588747025,-0.352458089590073,-0.237271979451179,-7.40000032237731e-05,-16,-9.06238641935853e-21,39.1399993896484,5.44000005722046,-82,1,0,0,0,0,0
144.84326171875,-59.6277122497559,47.3622131347656,-3.66683840751648,-21.5045986175537,-1.48651516437531,41.5765609741211,3.6944625377655,-103.513801574707,-0.0399604588747025,-0.352458089590073,-0.237271979451179,-3.00000010611257e-06,-16,-3.67394031065145e-22,32.4899978637695,4.25,-81,1,0,0,0,0,0
135.418884277344,-60.9169807434082,48.1733627319336,-1.85096955299377,-21.4386940002441,-1.57000875473022,41.5765609741211,3.6944625377655,-103.513801574707,-0.175355091691017,-0.251641660928726,-0.247132837772369,-3.00000010611257e-06,-16,-3.67394031065145e-22,28.0299987792969,3.42999982833862,-81,1,0,0,0,0,0
130.141326904297,-61.0565719604492,48.7079849243164,-0.1363685131073,-21.1173439025879,-1.94477164745331,36.284854888916,4.49734687805176,-92.3405914306641,-0.280284315347672,-0.216081410646439,-0.268671214580536,-3.00000010611257e-06,-16,-3.67394031065145e-22,19.439998626709,1.87000000476837,-80,1,0,0,0,0,0
125.808097839355,-60.8515663146973,49.2643852233887,1.33121740818024,-20.5987071990967,-2.38699269294739,36.284854888916,4.49734687805176,-92.3405914306641,-0.280284315347672,-0.216081410646439,-0.268671214580536,-3.00000010611257e-06,-16,-3.67394031065145e-22,13.0099992752075,0.389999985694885,-80,1,0,0,0,0,0
125.808097839355,-60.8515663146973,49.2643852233887,2.47375202178955,-19.9607200622559,-2.50533580780029,30.2126274108887,5.56218242645264,-85.4247817993164,-0.280284315347672,-0.216081410646439,-0.268671214580536,-3.00000010611257e-06,-16,-3.67394031065145e-22,4.78999996185303,-1.84999990463257,-80,1,0,0,0,0,0
120.417922973633,-60.2708053588867,50.0521430969238,3.16416811943054,-19.3561019897461,-2.36280751228333,23.4969787597656,5.81803417205811,-81.0195922851562,-0.338863611221313,-0.14268171787262,-0.183710902929306,-3.00000010611257e-06,-16,-3.67394031065145e-22,0.550000011920929,-3.25,-81,1,0,0,0,0,0
111.589172363281,-58.8351745605469,51.3215217590332,3.48401594161987,-18.7992572784424,-1.9185448884964,23.4969787597656,5.81803417205811,-81.0195922851562,-0.394651383161545,-0.0502798855304718,-0.118969663977623,-3.00000010611257e-06,-16,-3.67394031065145e-22,-3.65999984741211,-5,-81,1,0,0,0,0,0
111.589172363281,-58.8351745605469,51.3215217590332,3.58172678947449,-18.3609390258789,-1.43817353248596,13.5617008209229,4.26514530181885,-78.1445770263672,-0.394651383161545,-0.0502798855304718,-0.118969663977623,-3.00000010611257e-06,-16,-3.67394031065145e-22,-5.92000007629395,-6.17000007629395,-82,1,0,0,0,0,0
103.118019104004,-57.3169059753418,52.1718711853027,3.54966926574707,-18.0489921569824,-1.22466206550598,13.5617008209229,4.26514530181885,-78.1445770263672,-0.425624519586563,0.0927467346191406,-0.131886005401611,-3.00000010611257e-06,-16,-3.67394031065145e-22,-6.84999990463257,-6.85999965667725,-82,1,0,0,0,0,0
99.2836685180664,-56.6434288024903,52.4781913757324,3.40848517417908,-17.7351989746094,-0.817416191101074,4.16757917404175,1.40676808357239,-74.8936309814453,-0.328386276960373,0.0907031744718551,-0.105967700481415,-3.00000010611257e-06,-16,-3.67394031065145e-22,-7.60999965667725,-7.69000005722046,-83,1,0,0,0,0,0
94.4375534057617,-55.833065032959,52.7646255493164,3.11805939674377,-17.5496101379395,-0.520076632499695,-1.23640239238739,-0.0211466923356056,-74.4497680664062,-0.287758708000183,0.0767165347933769,0.037070170044899,-3.00000010611257e-06,-16,-3.67394031065145e-22,-7.42999982833862,-8.11999988555908,-84,1,0,0,0,0,0
90.6917572021484,-55.2627563476563,52.9120178222656,2.79236531257629,-17.4586639404297,-0.22855207324028,-1.23640239238739,-0.0211466923356056,-74.4497680664062,-0.287758708000183,0.0767165347933769,0.037070170044899,-3.00000010611257e-06,-16,-3.67394031065145e-22,-6.94999980926514,-8.38999938964844,-84,1,0,0,0,0,0
86.2114486694336,-54.6628684997559,52.9818687438965,2.42182850837708,-17.4031848907471,0.278091251850128,-5.70936250686646,-1.99481070041656,-75.6456680297852,-0.147259831428528,0.0958595350384712,0.0573638267815113,-3.00000010611257e-06,-16,-3.67394031065145e-22,-5.71000003814697,-8.42999935150146,-85,1,0,0,0,0,0
81.7630310058594,-54.1566047668457,52.9529609680176,2.0685703754425,-17.4145679473877,0.428711920976639,-6.94703149795532,-4.2161693572998,-77.0170059204102,0.00311296433210373,0.0858482718467713,0.0874875411391258,-3.00000010611257e-06,-16,-3.67394031065145e-22,-4.65999984741211,-8.40999984741211,-85,1,0,0,0,0,0
77.6354598999023,-53.7776832580567,52.8793792724609,1.62211430072784,-17.4363994598389,0.883230745792389,-6.94703149795532,-4.2161693572998,-77.0170059204102,0.00311296433210373,0.0858482718467713,0.0874875411391258,-3.00000010611257e-06,-16,-3.67394031065145e-22,-3.01999998092651,-8.21000003814697,-86,1,0,0,0,0,0
73.5027389526367,-53.4633827209473,52.6824188232422,1.41906082630157,-17.4414157867432,1.31603097915649,-5.24879837036133,-6.17380332946777,-78.7316131591797,0.12693952023983,0.0653314962983132,0.0718013644218445,-3.00000010611257e-06,-16,-3.67394031065145e-22,-2.25999999046326,-7.71999979019165,-86,1,0,0,0,0,0
69.0253753662109,-53.171558380127,52.345890045166,1.17745316028595,-17.4828567504883,1.54022693634033,-5.24879837036133,-6.17380332946777,-78.7316131591797,0.12693952023983,0.0653314962983132,0.0718013644218445,-3.00000010611257e-06,-16,-3.67394031065145e-22,-1.37999999523163,-6.75999975204468,-86,1,0,0,0,0,0
64.5312423706055,-52.9329948425293,51.9726943969727,0.947267949581146,-17.5578174591064,1.55233585834503,-2.52783584594727,-6.21692037582397,-80.9639663696289,-0.00783148594200611,-0.0170206651091576,0.0909980610013008,-3.00000010611257e-06,-16,-3.67394031065145e-22,-0.709999978542328,-6.19000005722046,-86,1,0,0,0,0,0
60.0002098083496,-52.7573547363281,51.5780296325684,0.689745604991913,-17.6243839263916,1.71192538738251,-2.24134302139282,-6.08349561691284,-82.4874877929688,0.0208061262965202,0.00770444609224797,0.0494791306555271,-3.00000010611257e-06,-16,-3.67394031065145e-22,0.379999995231628,-5.19999980926514,-87,1,0,0,0,0,0
56.5308609008789,-52.6640129089356,51.2607688903809,0.475300043821335,-17.6951656341553,1.70590806007385,-2.24134302139282,-6.08349561691284,-82.4874877929688,0.0208061262965202,0.00770444609224797,0.0494791306555271,-3.00000010611257e-06,-16,-3.67394031065145e-22,1.20999991893768,-4.50999975204468,-87,1,0,0,0,0,0
51.9793357849121,-52.6012420654297,50.8374786376953,0.234040468931198,-17.7982482910156,1.66477155685425,-2.16998338699341,-5.83390712738037,-83.2214050292969,0.0497181303799152,-0.0251763015985489,0.0388550609350204,-3.00000010611257e-06,-16,-3.67394031065145e-22,2.49000000953674,-3.44999980926514,-87,1,0,0,0,0,0
48.1067733764648,-52.5918235778809,50.4892158508301,0.0618807598948479,-17.8910675048828,1.53543376922607,-0.669838070869446,-5.22301721572876,-84.1680526733398,0.091621071100235,-0.0278076454997063,0.0399838984012604,-3.00000010611257e-06,-16,-3.67394031065145e-22,3.27999997138977,-2.80999994277954,-87,1,0,0,0,0,0
44.233455657959,-52.6137084960938,50.1706123352051,-0.0687201991677284,-17.9791107177734,1.38270747661591,0.921420693397522,-4.61343193054199,-84.9120025634766,0.091621071100235,-0.0278076454997063,0.0399838984012604,-3.00000010611257e-06,-16,-3.67394031065145e-22,4.25999975204468,-1.95999991893768,-87,1,0,0,0,0,0
39.6121826171875,-52.6755561828613,49.8431968688965,-0.193614155054092,-18.0612659454346,1.0942714214325,0.921420693397522,-4.61343193054199,-84.9120025634766,0.0374737232923508,-0.0340201258659363,0.0284170098602772,-3.00000010611257e-06,-16,-3.67394031065145e-22,5.1399998664856,-1.37000000476837,-87,1,0,0,0,0,0
35.3306808471679,-52.7654991149902,49.6190910339356,-0.243109136819839,-18.1301097869873,0.619094610214233,1.85951042175293,-3.50301289558411,-85.2346801757812,0.0897034406661987,-0.0487930625677109,0.00112196616828442,-3.00000010611257e-06,-16,-3.67394031065145e-22,5.50999975204468,-1.20999991893768,-87,1,0,0,0,0,0
30.3206787109375,-52.8880157470703,49.4609794616699,-0.213552072644234,-18.1396770477295,0.313186436891556,4.468665599823,-1.96615958213806,-85.5372772216797,0.0897034406661987,-0.0487930625677109,0.00112196616828442,-3.00000010611257e-06,-16,-3.67394031065145e-22,5.60999965667725,-1.12999999523163,-87,1,0,0,0,0,0
26.7359066009521,-52.9657859802246,49.4096946716309,-0.16328701376915,-18.1253261566162,0.0282987132668495,4.468665599823,-1.96615958213806,-85.5372772216797,0.0983628183603287,-0.0374410152435303,0.0382415130734444,-3.00000010611257e-06,-16,-3.67394031065145e-22,5.42000007629395,-1.1599999666214,-87,1,0,0,0,0,0
22.435604095459,-53.0545997619629,49.3903160095215,-0.148053660988808,-18.0772075653076,-0.219517275691032,5.53489446640015,-0.737233519554138,-86.2039642333984,0.0983628183603287,-0.0374410152435303,0.0382415130734444,-3.00000010611257e-06,-16,-3.67394031065145e-22,5.48000001907349,-1.24000000953674,-86,1,0,0,0,0,0
18.1731739044189,-53.1481018066406,49.4203872680664,-0.060255941003561,-18.0028553009033,-0.521498441696167,6.29671716690063,0.0761118903756142,-85.7584381103516,0.0206285510212183,-0.0384964160621166,-0.0106805432587862,-3.00000010611257e-06,-16,-3.67394031065145e-22,5.31999969482422,-1.57999992370605,-86,1,0,0,0,0,0
13.2040576934814,-53.2432708740234,49.5353775024414,0.019103866070509,-17.8939304351807,-0.593123018741608,6.29671716690063,0.0761118903756142,-85.7584381103516,0.0509633123874664,-0.0420504808425903,-0.0176330041140318,-3.00000010611257e-06,-16,-3.67394031065145e-22,4.90999984741211,-1.99000000953674,-86,1,0,0,0,0,0
8.96352767944334,-53.3023986816406,49.6604919433594,0.050801832228899,-17.8235569000244,-0.498311430215836,6.29671716690063,0.0761118903756142,-85.7584381103516,0.0509633123874664,-0.0420504808425903,-0.0176330041140318,-3.00000010611257e-06,-16,-3.67394031065145e-22,4.83999967575073,-2.07999992370605,-86,1,0,0,0,0,0
4.73971366882322,-53.3565559387207,49.7617645263672,0.058992937207222,-17.707103729248,-0.405092000961304,5.68041801452637,0.0598634071648121,-85.9965286254883,-0.0245632771402597,-0.0186198987066746,0.0124900806695223,-3.00000010611257e-06,-16,-3.67394031065145e-22,4.82999992370605,-2.30999994277954,-86,1,0,0,0,0,0
0.551037073135358,-53.4194297790527,49.8284301757812,0.0296291187405586,-17.633487701416,-0.325441122055054,4.62681293487549,-0.401620894670486,-86.1861190795898,-0.0245632771402597,-0.0186198987066746,0.0124900806695223,-3.00000010611257e-06,-16,-3.67394031065145e-22,4.98000001907349,-2.35999989509583,-86,1,0,0,0,0,0
-4.35641193389894,-53.5122108459473,49.8833656311035,0.00530531536787748,-17.5563945770264,-0.18358525633812,5.27006721496582,-0.789116024971008,-85.9893646240234,-0.0394656360149384,0.0201664641499519,-0.00654311897233129,-3.00000010611257e-06,-16,-3.67394031065145e-22,5.3899998664856,-2.35999989509583,-86,1,0,0,0,0,0
-8.53997802734377,-53.5926551818848,49.9010963439941,0.0512037612497807,-17.476900100708,-0.234215289354324,5.27006721496582,-0.789116024971008,-85.9893646240234,0.112895965576172,0.0120211066678166,-0.0210999548435211,-3.00000010611257e-06,-16,-3.67394031065145e-22,5.46999979019165,-2.44000005722046,-86,0,0,0,0,1,0
-13.0431385040283,-53.6693153381348,49.9353218078613,0.446446865797043,-17.3747692108154,-0.00142773205880076,10.3068943023682,-3.13884592056274,-72.8647689819336,0.112895965576172,0.0120211066678166,-0.0210999548435211,-3.00000010611257e-06,-16,-3.67394031065145e-22,4.48000001907349,-2.35999989509583,-86,0,0,0,0,1,0
-17.1985473632813,-53.6232109069824,49.9081420898438,1.61627423763275,-17.0674667358398,0.581970572471619,10.3068943023682,-3.13884592056274,-72.8647689819336,0.405827134847641,0.0966382026672362,-0.901482462882996,-3.00000010611257e-06,-16,-3.67394031065145e-22,-1.83999991416931,-1.75,-86,0,0,0,0,1,0
-21.2528629302979,-53.2561683654785,49.7382583618164,2.88866329193115,-16.7756614685059,1.43558120727539,19.4726543426514,-10.4921293258667,-62.4686660766602,0.371008068323135,0.261570453643799,-0.221080869436264,-3.00000010611257e-06,-16,-3.67394031065145e-22,-7.78999996185303,-0.799999952316284,-86,0,0,0,0,1,0
-25.2598266601563,-52.5251388549805,49.3420944213867,4.32520484924316,-16.5413665771484,2.26245832443237,20.6097183227539,-12.7668895721436,-60.2376518249512,0.371008068323135,0.261570453643799,-0.221080869436264,-3.00000010611257e-06,-16,-3.67394031065145e-22,-16.8299999237061,1.16999995708466,-87,0,0,0,0,1,0
-29.5170478820801,-51.3864974975586,48.7092933654785,5.42645454406738,-16.3395824432373,2.42002820968628,20.6097183227539,-12.7668895721436,-60.2376518249512,-0.260436505079269,-0.160629659891129,-0.280314773321152,-3.00000010611257e-06,-16,-3.67394031065145e-22,-23.0699996948242,2.52999997138977,-88,0,0,0,0,1,0
-33.684009552002,-49.90771484375,48.0278282165527,6.93017768859863,-15.9428520202637,2.36843943595886,12.1233777999878,-10.9894189834595,-50.6347961425781,-0.320130944252014,-0.196956753730774,-0.464674800634384,-3.00000010611257e-06,-16,-3.67394031065145e-22,-31.8299999237061,4.42000007629395,-90,0,0,0,0,1,0
-36.5254020690918,-48.6809844970703,47.5708808898926,8.01941585540771,-15.587498664856,2.24067234992981,12.1233777999878,-10.9894189834595,-50.6347961425781,-0.320130944252014,-0.196956753730774,-0.464674800634384,-3.00000010611257e-06,-16,-3.67394031065145e-22,-36.6199989318848,5.61999988555908,-92,0,0,0,0,1,0
-40.5384788513184,-46.6803131103516,46.9922485351562,8.71768188476562,-15.3688640594482,2.16319584846497,2.14266347885132,-8.00210285186768,-43.2536888122559,-0.421994268894196,-0.135079920291901,-0.145271152257919,-3.00000010611257e-06,-16,-3.67394031065145e-22,-40.4899978637695,6.75999975204468,-93,0,0,0,0,1,0
-47.7892951965332,-42.5191802978516,46.1059112548828,9.49690818786621,-15.2348442077637,1.78897511959076,-9.20379734039307,-3.20951437950134,-40.973388671875,-0.447879523038864,-0.202401861548424,-0.109174385666847,-3.00000010611257e-06,-16,-3.67394031065145e-22,-44.9599990844727,8.72000026702881,-97,0,0,0,0,1,0
-51.423267364502,-40.3221397399902,45.7780685424805,9.77740669250488,-15.2893295288086,1.4190446138382,-9.20379734039307,-3.20951437950134,-40.973388671875,-0.447879523038864,-0.202401861548424,-0.109174385666847,-3.00000010611257e-06,-16,-3.67394031065145e-22,-44.9899978637695,9.52999973297119,-98,0,0,0,0,1,0
-51.423267364502,-40.3221397399902,45.7780685424805,9.85884094238281,-15.4218893051147,0.988325595855713,-19.2340793609619,2.36594557762146,-40.2360687255859,-0.447879523038864,-0.202401861548424,-0.109174385666847,-3.00000010611257e-06,-16,-3.67394031065145e-22,-44.9099998474121,10.1399993896484,-101,0,0,0,0,1,0
-58.5329742431641,-36.1750679016113,45.4314575195312,9.72968673706055,-15.6793594360352,0.523729622364044,-19.2340793609619,2.36594557762146,-40.2360687255859,-0.275844722986221,-0.192724108695984,-0.0426720753312111,-3.00000010611257e-06,-16,-3.67394031065145e-22,-44.8099975585938,10.6300001144409,-103,0,0,0,0,1,0
-62.0081214904785,-34.2685432434082,45.4167594909668,9.4355411529541,-16.0025577545166,0.053136870265007,-23.7711925506592,5.14822626113892,-42.2649459838867,-0.220394015312195,-0.158332079648972,0.0729290246963501,-3.00000010611257e-06,-16,-3.67394031065145e-22,-44.6499977111816,10.7199993133545,-104,0,0,0,0,1,0
-65.5776672363281,-32.4354400634765,45.4666595458984,9.04788780212402,-16.3046379089355,-0.267498254776001,-23.7711925506592,5.14822626113892,-42.2649459838867,-0.220394015312195,-0.158332079648972,0.0729290246963501,-3.00000010611257e-06,-16,-3.67394031065145e-22,-44.4500007629395,10.5999994277954,-107,0,0,0,0,1,0
-69.5648956298828,-30.5268421173096,45.5639991760254,8.61016368865967,-16.6019420623779,-0.574422359466553,-28.6740455627441,8.90846633911133,-45.9110794067383,-0.0919243842363358,-0.124109879136086,0.0323079936206341,-3.00000010611257e-06,-16,-3.67394031065145e-22,-44.2999992370605,10.4499998092651,-108,0,0,0,0,1,0
-73.5936431884766,-28.7385063171387,45.7263717651367,8.11349582672119,-16.8492622375488,-0.756674885749817,-30.5081844329834,10.4790563583374,-48.972412109375,-0.0919243842363358,-0.124109879136086,0.0323079936206341,-3.00000010611257e-06,-16,-3.67394031065145e-22,-44.2099990844727,10.1300001144409,-110,0,0,0,0,1,0
-78.053092956543,-26.9249153137207,45.9222717285156,7.643310546875,-17.0847930908203,-0.834440648555756,-30.5081844329834,10.4790563583374,-48.972412109375,-0.0295537803322077,-0.0887850821018219,0.0748365372419357,-3.00000010611257e-06,-16,-3.67394031065145e-22,-44.1100006103516,9.90999984741211,-112,0,0,0,0,1,0
-82.2226409912109,-25.3566970825195,46.111328125,7.14778614044189,-17.3094673156738,-0.812692582607269,-32.3274688720703,11.3516044616699,-51.327091217041,-0.0462827607989311,-0.0897533074021339,0.0488714464008808,-3.00000010611257e-06,-16,-3.67394031065145e-22,-44.0299987792969,9.60999965667725,-114,0,0,0,0,1,0
-87.1133193969727,-23.635461807251,46.3131141662598,6.74416255950928,-17.4506244659424,-0.786469101905823,-32.3274688720703,11.3516044616699,-51.327091217041,-0.0462827607989311,-0.0897533074021339,0.0488714464008808,-3.00000010611257e-06,-16,-3.67394031065145e-22,-44.0599975585938,9.42999935150146,-115,0,0,0,0,1,0
-90.6267852783203,-22.476972579956,46.4384956359863,6.24401235580444,-17.6437835693359,-0.647592663764954,-32.9869537353516,11.4829368591309,-54.0043334960938,0.0142264245077968,-0.0322939157485962,0.112148575484753,-3.00000010611257e-06,-16,-3.67394031065145e-22,-44.1199989318848,9.32999992370605,-117,0,0,0,0,1,0
-94.9271774291992,-21.1364841461181,46.5721549987793,5.82031965255737,-17.8121700286865,-0.595288991928101,-34.0968055725098,11.1318101882935,-56.9570541381836,0.0142264245077968,-0.0322939157485962,0.112148575484753,-3.00000010611257e-06,-16,-3.67394031065145e-22,-44.1199989318848,9.26999950408936,-118,0,0,0,0,1,0
-98.8783721923828,-20.0180320739746,46.6814270019531,5.33253955841064,-17.9882526397705,-0.505189120769501,-34.2646102905273,11.0069742202759,-58.8343086242676,-0.00339154340326786,-0.0553076565265655,0.0778336301445961,-3.00000010611257e-06,-16,-3.67394031065145e-22,-44.1399993896484,9.17999935150146,-119,0,0,0,0,1,0
-103.976783752441,-18.7279930114746,46.8038673400879,4.86418771743774,-18.1833477020264,-0.371127665042877,-34.2646102905273,11.0069742202759,-58.8343086242676,0.0223011560738087,-0.0358340293169022,0.0843185409903526,-3.00000010611257e-06,-16,-3.67394031065145e-22,-44.189998626709,9.19999980926514,-120,0,0,0,0,1,0
-108.397926330566,-17.7126369476318,46.8758850097656,4.36601066589355,-18.4082508087158,-0.288558840751648,-34.5836448669434,10.6006288528442,-60.9128761291504,-6.45443797111511e-05,-0.0438008904457092,0.102715335786343,-3.00000010611257e-06,-16,-3.67394031065145e-22,-44.2399978637695,9.27999973297119,-122,0,0,0,0,1,0
-113.240562438965,-16.7158241271972,46.9380493164062,3.92768907546997,-18.5961437225342,-0.17280301451683,-34.5836448669434,10.6006288528442,-60.9128761291504,-6.45443797111511e-05,-0.0438008904457092,0.102715335786343,-3.00000010611257e-06,-16,-3.67394031065145e-22,-44.2399978637695,9.42999935150146,-122,0,0,0,0,1,0
-117.765884399414,-15.9268760681152,46.9756507873535,3.43749809265137,-18.7966785430908,-0.110405914485455,-36.3594551086426,10.2735261917114,-65.0014572143555,-0.0156630743294954,-0.0804890245199203,0.0946521386504173,-3.00000010611257e-06,-16,-3.67394031065145e-22,-44.2299995422363,9.57999992370605,-123,0,0,0,0,1,0
-122.339904785156,-15.2477684020996,47.0083122253418,2.97272133827209,-18.9889392852783,-0.0863435491919518,-36.6090850830078,10.330174446106,-67.1496658325195,0.00328515656292439,-0.0737968683242798,0.0968338251113892,-3.00000010611257e-06,-16,-3.67394031065145e-22,-44.2299995422363,9.71000003814697,-124,0,0,0,0,1,0
-126.959365844727,-14.7043972015381,47.0331878662109,2.10536623001099,-19.2384986877441,-0.122666746377945,-37.4807739257812,10.7377128601074,-70.1525344848633,0.00328515656292439,-0.0737968683242798,0.0968338251113892,-3.00000010611257e-06,-16,-3.67394031065145e-22,-44.1499977111816,9.84999942779541,-124,0,0,0,0,1,0
-131.625228881836,-14.3082809448242,47.0658378601074,1.62187552452087,-19.3408336639404,-0.162617728114128,-37.4807739257812,10.7377128601074,-70.1525344848633,0.032686285674572,-0.105147495865822,0.088270477950573,0.0048030000180006,-15.9999990463257,5.88197845527589e-19,-44.0999984741211,9.88999938964844,-124,0,0,0,0,1,0
-136.659484863281,-14.0723819732666,47.10791015625,0.750281155109406,-19.4561519622803,-0.301397651433945,-37.5516815185547,11.367992401123,-73.8163375854492,0.0577609911561012,-0.115241274237633,0.0894987210631371,0.163217008113861,-15.9991674423218,1.99883182308927e-17,-44.0099983215332,9.89999961853027,-124,0,0,0,0,1,0
-140.620300292969,-14.025146484375,47.1651802062988,-0.00414744112640619,-19.5463581085205,-0.40162205696106,-37.7380905151367,11.9350080490112,-76.9814147949219,0.0577609911561012,-0.115241274237633,0.0894987210631371,0.163217008113861,-15.9991674423218,1.99883182308927e-17,-43.9599990844727,9.84000015258789,-124,0,0,0,0,1,0
-145.751235961914,-14.1584911346435,47.2739524841308,-0.80144190788269,-19.5966682434082,-0.559210002422333,-37.7380905151367,11.9350080490112,-76.9814147949219,0.0327910259366035,-0.110209427773952,0.1013003885746,0.163217008113861,-15.9991674423218,1.99883182308927e-17,-42.5599975585938,9.63000011444092,-123,0,0,0,0,1,0
-150.524887084961,-14.4584655761718,47.3933486938476,-1.35324144363403,-19.5833549499512,-0.609469830989838,-37.5825462341309,12.2732038497925,-80.5532836914062,0.0719747990369797,-0.112269535660744,0.109901584684849,0.163217008113861,-15.9991674423218,1.99883182308927e-17,-40.6699981689453,9.35999965667725,-123,0,0,0,0,1,0
-156.516296386719,-15.0746097564697,47.5973930358887,-2.22671413421631,-19.5576877593994,-0.729638040065765,-36.9231758117676,12.3681802749634,-84.8357543945312,0.0719747990369797,-0.112269535660744,0.109901584684849,0.163217008113861,-15.9991674423218,1.99883182308927e-17,-37.5900001525879,8.9399995803833,-122,0,0,0,0,1,0
-160.873062133789,-15.7027912139892,47.7616271972656,-2.93180704116821,-19.4860076904297,-0.927801787853241,-36.9231758117676,12.3681802749634,-84.8357543945312,0.122079186141491,-0.105392903089523,0.099199615418911,0.163217008113861,-15.9991674423218,1.99883182308927e-17,-35.1100006103516,8.55000019073486,-121,0,0,0,0,1,0
-169.581665039062,-17.3976898193359,48.2056579589844,-3.55615592002869,-19.3801651000977,-1.03503310680389,-33.599365234375,11.7977733612061,-88.598503112793,0.23565599322319,-0.00926537811756132,0.149212211370468,0.163217008113861,-15.9991674423218,1.99883182308927e-17,-31.2899990081787,7.75999975204468,-120,0,0,0,0,1,0
-173.871109008789,-18.4060249328613,48.452407836914,-4.12359285354614,-19.2579498291016,-1.12167036533356,-30.8266353607178,10.6013031005859,-91.0706100463867,0.169257968664169,-0.0243801716715097,0.101972110569477,0.163217008113861,-15.9991674423218,1.99883182308927e-17,-28.3599987030029,7.19999980926514,-118,0,0,0,0,1,0
-178.546722412109,-19.6309604644775,48.7468452453613,-4.68671083450317,-19.0604019165039,-1.27143454551697,-30.8266353607178,10.6013031005859,-91.0706100463867,0.169257968664169,-0.0243801716715097,0.101972110569477,0.163217008113861,-15.9991674423218,1.99883182308927e-17,-23.75,6.30999994277954,-117,0,0,0,0,1,0
-183.132934570312,-20.9487915039062,49.0821647644043,-4.97804927825928,-18.9268226623535,-1.3555234670639,-26.7260704040527,9.91796207427979,-93.2036743164062,0.193095073103905,0.00455903634428979,0.0755583867430687,0.163217008113861,-15.9991674423218,1.99883182308927e-17,-20.7199993133545,5.59999990463257,-116,0,0,0,0,1,0
-186.93473815918,-22.1111030578613,49.3708190917969,-5.27564001083374,-18.7380962371826,-1.37678873538971,-26.7260704040527,9.91796207427979,-93.2036743164062,0.193095073103905,0.00455903634428979,0.0755583867430687,0.163217008113861,-15.9991674423218,1.99883182308927e-17,-16.3199996948242,4.56999969482422,-115,0,0,0,0,1,0
-191.841461181641,-23.6829566955566,49.7389488220215,-5.41127252578735,-18.5714454650879,-1.31159567832947,-22.2018508911133,8.48509502410889,-95.1893310546875,0.193937569856644,0.0220231786370277,0.0692127272486687,0.163217008113861,-15.9991674423218,1.99883182308927e-17,-13.6399993896484,3.86999988555908,-113,0,0,0,0,1,0
-196.65510559082,-25.2574405670166,50.0639572143554,-5.35209560394287,-18.4622898101807,-1.03975796699524,-19.4076595306396,7.24193525314331,-95.7446060180664,0.222473651170731,0.102032132446766,0.0510308928787708,0.163217008113861,-15.9991674423218,1.99883182308927e-17,-10.5599994659424,3.12999987602234,-112,0,0,0,0,1,0
-200.704086303711,-26.566120147705,50.2984046936035,-5.250892162323,-18.4057846069336,-0.836342573165894,-14.440375328064,4.4893913269043,-96.1206283569336,0.262493848800659,0.140075981616974,0.0623009130358696,0.163217008113861,-15.9991674423218,1.99883182308927e-17,-9.05000019073486,2.65999984741211,-111,0,0,0,0,1,0
-204.380630493164,-27.7315406799316,50.5025978088379,-5.07416486740112,-18.3662929534912,-0.777287542819977,-14.440375328064,4.4893913269043,-96.1206283569336,0.262493848800659,0.140075981616974,0.0623009130358696,0.163217008113861,-15.9991674423218,1.99883182308927e-17,44.7199974060059,5.92999982833862,-35,0,0,0,0,1,0
-209.096878051758,-29.170913696289,50.7579841613769,-4.42496919631958,-18.430700302124,-1.32420468330383,-7.97171020507812,2.7161660194397,-96.2310333251953,0.848684728145599,0.0629599392414093,-0.01796979829669,0.163217008113861,-15.9991674423218,1.99883182308927e-17,44.75,8.94999980926514,-33,0,0,0,0,1,0
-214.186645507812,-30.5205059051513,51.200439453125,-2.84450697898865,-18.7104873657227,-2.29492473602295,21.4853324890137,3.2718620300293,-95.2493209838867,0.848684728145599,0.0629599392414093,-0.01796979829669,0.163217008113861,-15.9991674423218,1.99883182308927e-17,44.6699981689453,12.4699993133545,-30,0,0,0,0,1,0
-218.208709716797,-31.2583484649658,51.747501373291,-1.10259222984314,-18.8647632598877,-3.08966755867004,21.4853324890137,3.2718620300293,-95.2493209838867,0.722721636295319,-0.235202223062515,-0.211416825652122,0.163217008113861,-15.9991674423218,1.99883182308927e-17,44.5799980163574,14.1300001144409,-28,0,0,0,0,1,0
-222.612213134766,-31.5617923736572,52.5721473693847,2.06435561180115,-18.6937789916992,-3.91082262992859,32.5016822814941,5.45631647109985,-85.5820007324219,0.468329846858978,-0.393185138702393,-0.548011839389801,0.163217008113861,-15.9991674423218,1.99883182308927e-17,44.5399971008301,15.8299999237061,-26,0,0,0,0,1,0
-226.529235839844,-31.240119934082,53.4631881713867,5.2562403678894,-17.9532909393311,-4.21374940872192,41.1111450195312,5.47564935684204,-73.8550720214844,0.468329846858978,-0.393185138702393,-0.548011839389801,0.163217008113861,-15.9991674423218,1.99883182308927e-17,43.5,16.8500003814697,-24,0,0,0,0,1,0
-231.248001098633,-29.8647785186767,54.6936912536621,9.09397888183594,-16.0653228759766,-4.43756341934204,49.917049407959,5.02483606338501,-52.1330184936523,0.410865426063538,-0.462440997362137,-0.606151223182678,0.163217008113861,-15.9991674423218,1.99883182308927e-17,27.8799991607666,18.1299991607666,-22,0,0,0,0,1,0
-234.657760620117,-27.7776947021484,55.7752151489258,11.8194732666016,-13.6965703964233,-4.46258068084717,49.917049407959,5.02483606338501,-52.1330184936523,-0.0465982481837273,-0.734312415122986,-0.617674767971039,0.163217008113861,-15.9991674423218,1.99883182308927e-17,14.3099994659424,18.2399997711182,-21,0,0,0,0,1,0
-237.379287719727,-24.970064163208,56.8639411926269,13.9364261627197,-10.2102222442627,-4.75075340270996,42.193229675293,7.67452430725098,-25.6893062591553,-0.0465982481837273,-0.734312415122986,-0.617674767971039,0.163217008113861,-15.9991674423218,1.99883182308927e-17,-2.02999997138977,18.0200004577637,-20,0,0,0,0,1,0
-239.100875854492,-22.0497550964355,57.9144134521484,14.7562427520752,-6.99294328689575,-5.02528429031372,42.193229675293,7.67452430725098,-25.6893062591553,-0.741397082805634,-0.807330906391144,-0.69623064994812,0.163217008113861,-15.9991674423218,1.99883182308927e-17,-7.26999998092651,17.8199996948242,-20,0,0,0,0,1,0
-240.244781494141,-18.5073585510253,59.2708892822265,14.7823867797852,-4.08056211471558,-5.11129760742188,31.2802410125732,10.932674407959,-5.21890163421631,-0.804609715938568,-0.574364900588989,-0.618769705295563,0.163217008113861,-15.9991674423218,1.99883182308927e-17,-8.22999954223633,17.6199989318848,-21,0,0,0,0,1,0
-240.615020751953,-15.3596611022949,60.6068649291992,14.2767400741577,-1.81595301628113,-5.2184681892395,15.536452293396,16.6491603851318,9.87646484375,-0.804609715938568,-0.574364900588989,-0.618769705295563,0.163217008113861,-15.9991674423218,1.99883182308927e-17,-17.1700000762939,17.4899997711182,-21,0,0,0,0,1,0
-240.585342407227,-12.4080638885498,61.9859428405761,13.8570861816406,-0.654247760772705,-5.18145036697388,15.536452293396,16.6491603851318,9.87646484375,-0.685214281082153,-0.285456538200378,-0.28080353140831,0.163217008113861,-15.9991674423218,1.99883182308927e-17,-19.6000003814697,17.4499988555908,-22,0,0,0,0,1,0
-240.032470703125,-6.83662748336787,64.6958923339843,13.4135770797729,0.337755590677261,-4.88487768173218,-3.23749423027039,21.3280792236328,18.2000999450684,-0.721736967563629,-0.0702943876385689,-0.181929543614388,0.163217008113861,-15.9991674423218,1.99883182308927e-17,-24.7199993133545,17.4499988555908,-23,0,0,0,0,1,0
-239.682220458984,-4.10345268249506,65.8849487304687,13.1293973922729,1.03703165054321,-4.38387012481689,-3.23749423027039,21.3280792236328,18.2000999450684,-0.721736967563629,-0.0702943876385689,-0.181929543614388,0.163217008113861,-15.9991674423218,1.99883182308927e-17,-27.7999992370605,17.5100002288818,-24,0,0,0,0,1,0
-239.370071411133,-1.81305050849909,66.7698898315429,13.0400943756104,1.44003903865814,-3.84270286560059,-16.4062614440918,22.6531581878662,22.2044334411621,-0.513868987560272,0.0321830958127975,-0.0789336338639259,0.163217008113861,-15.9991674423218,1.99883182308927e-17,-29.4699993133545,17.5799999237061,-25,0,0,0,0,1,0
-238.886810302734,1.4523315429688,67.8038253784179,13.0310125350952,1.77878856658936,-3.18997144699097,-16.4062614440918,22.6531581878662,22.2044334411621,-0.513868987560272,0.0321830958127975,-0.0789336338639259,0.163217008113861,-15.9991674423218,1.99883182308927e-17,-31.8799991607666,17.6599998474121,-27,0,0,0,0,1,0
-238.484146118164,4.07409524917608,68.4606552124023,13.0994739532471,1.90907025337219,-2.65191984176636,-25.4109783172607,22.2967338562012,23.1230411529541,-0.30727031826973,0.03365208953619,0.0292860232293606,0.163217008113861,-15.9991674423218,1.99883182308927e-17,-33.1199989318848,17.6199989318848,-28,0,0,0,0,1,0
-238.083068847656,6.77537727355962,69.0199813842773,13.2349166870117,1.84096813201904,-2.20306515693665,-31.4339065551758,21.7791481018066,21.5716609954834,-0.192866817116737,-0.0306947827339172,0.0967411398887634,0.163217008113861,-15.9991674423218,1.99883182308927e-17,-34.439998626709,14.0299997329712,-30,0,0,0,0,1,0
-237.706268310547,9.77581405639654,69.5660781860351,13.3566045761108,1.53237736225128,-2.02669882774353,-31.4339065551758,21.7791481018066,21.5716609954834,-0.192866817116737,-0.0306947827339172,0.0967411398887634,0.163217008113861,-15.9991674423218,1.99883182308927e-17,-34.7900009155273,11.8199996948242,-31,0,0,0,0,1,0
-237.437576293945,12.8225727081299,70.0674209594726,13.4876918792725,1.10310459136963,-1.76284790039062,-35.7168846130371,20.8824253082275,18.248872756958,-0.0539618879556656,-0.00626457203179596,0.189224079251289,0.163217008113861,-15.9991674423218,1.99883182308927e-17,-35.189998626709,9.88999938964844,-32,0,0,0,0,1,0
-237.274780273438,16.2065696716309,70.5274047851562,13.6260776519775,0.57375705242157,-1.12346756458282,-35.7168846130371,20.8824253082275,18.248872756958,-0.0539618879556656,-0.00626457203179596,0.189224079251289,0.163217008113861,-15.9991674423218,1.99883182308927e-17,-35.7700004577637,7.5,-34,0,0,0,0,1,0
-237.2451171875,19.367977142334,70.8258361816406,13.7468643188477,0.0331672355532646,-0.556205153465271,-38.8216590881348,17.4595508575439,12.5998048782349,0.0125880120322108,-0.00793086271733043,0.233672499656677,0.163217008113861,-15.9991674423218,1.99883182308927e-17,-36.25,5.73999977111816,-37,0,0,0,0,1,0
-237.358657836914,22.8739643096924,71.0260620117187,13.8589143753052,-0.537150204181671,-0.107175186276436,-38.8216590881348,17.4595508575439,12.5998048782349,0.0125880120322108,-0.00793086271733043,0.233672499656677,0.163217008113861,-15.9991674423218,1.99883182308927e-17,-36.5,4.88000011444092,-38,0,0,0,0,1,0
