-182.550323486328,26.812635421753,43.4982948303222,-3.98266386985779,-21.473783493042,-0.612871170043945,4.5780177116394,-1.47219622135162,-98.9914855957031,0.917758345603943,0.0294363256543875,-0.0738326013088226,16,-3.5527136788005e-15,1.95943496413627e-15,44.9799995422363,-1.55999994277954,-31,1,0,0,0,0,0
-187.258209228516,26.0231819152832,43.6690101623535,-3.06052923202515,-21.3089771270752,-0.313294678926468,23.6809120178223,-1.83969819545746,-97.8540802001953,0.900783777236938,0.0314983651041984,-0.0634310096502304,16,-3.5527136788005e-15,1.95943496413627e-15,44.9799995422363,1.4099999666214,-27,1,0,0,0,0,0
-192.354446411133,25.4028434753418,43.8236465454101,-1.86640310287476,-21.2032527923584,-0.178511798381805,33.1529235839844,-1.36555814743042,-95.2544555664062,0.374801874160767,-0.171544104814529,-0.185962826013565,16,-3.5527136788005e-15,1.95943496413627e-15,44,4.3600001335144,-24,1,0,0,0,0,0
-197.418197631836,25.1091365814209,43.9509315490722,-0.317974597215652,-21.1323719024658,-0.227982461452484,33.1529235839844,-1.36555814743042,-95.2544555664062,0.374801874160767,-0.171544104814529,-0.185962826013565,16,-3.5527136788005e-15,1.95943496413627e-15,44.6599998474121,8.60999965667725,-18,1,0,0,0,0,0
-202.009658813477,25.1834602355957,44.079776763916,1.98121798038483,-20.9334564208984,-0.709342837333679,37.2436447143555,-0.525164902210236,-88.4203643798828,0.0738962218165398,-0.256363451480865,-0.218438372015953,16,-3.5527136788005e-15,1.95943496413627e-15,44.75,12.9299993515015,-13,1,0,0,0,0,0
-206.94677734375,25.7612018585206,44.3166847229004,3.82149696350098,-20.5708446502686,-1.17359912395477,40.6102905273438,2.76080942153931,-81.3364639282227,0.0738962218165398,-0.256363451480865,-0.218438372015953,16,-3.5527136788005e-15,1.95943496413627e-15,44.7000007629395,15.6799993515015,-9,1,0,0,0,0,0
-211.807998657227,26.8010978698731,44.6375045776367,5.57712936401367,-20.037015914917,-1.42931234836578,40.6102905273438,2.76080942153931,-81.3364639282227,0.116720892488956,-0.262916684150696,-0.154434308409691,16,-3.5527136788005e-15,1.95943496413627e-15,44.6699981689453,16.0699996948242,-6,1,0,0,0,0,0
-216.888916015625,28.3681335449219,44.9896469116211,7.50839328765869,-19.1466255187988,-1.61363780498505,45.2121047973633,4.24471759796143,-66.3144302368164,0.116720892488956,-0.262916684150696,-0.154434308409691,16,-3.5527136788005e-15,1.95943496413627e-15,44.6100006103516,14.7699995040894,-1,1,0,0,0,0,0
-221.327163696289,30.2985458374024,45.3462219238281,9.48680686950684,-17.9189434051514,-2.13676142692566,45.2121047973633,4.24471759796143,-66.3144302368164,0.275217622518539,-0.35119292140007,-0.30421507358551,16,-3.5527136788005e-15,1.95943496413627e-15,44.3899993896484,12.6199998855591,2,1,0,0,0,0,0
-225.647644042969,32.9727935791016,45.9066696166992,11.2396087646484,-16.4413986206055,-2.71796917915344,44.9958572387695,7.66422605514526,-55.250789642334,-0.424947112798691,-0.49173977971077,-0.168511465191841,16,-3.5527136788005e-15,1.95943496413627e-15,44.2299995422363,11.6399993896484,4,1,0,0,0,0,0
-229.169876098633,35.907039642334,46.611701965332,13.1866245269775,-13.9668264389038,-3.15508055686951,43.4268417358398,10.7252082824707,-46.3580894470215,-0.424947112798691,-0.49173977971077,-0.168511465191841,16,-3.5527136788005e-15,1.95943496413627e-15,43.9500007629395,8.6899995803833,8,1,0,0,0,0,0
-232.060256958008,38.7914733886719,47.2937698364258,13.837869644165,-12.7136697769165,-3.07264876365662,43.4268417358398,10.7252082824707,-46.3580894470215,-0.120747655630112,-0.195877581834793,-0.285650193691254,16,-3.5527136788005e-15,1.95943496413627e-15,44.0900001525879,6.8899998664856,11,1,0,0,0,0,0
-235.31575012207,42.5955390930176,48.1308288574218,14.6368341445923,-10.7166652679443,-2.84141874313354,43.5002021789551,8.82273197174072,-37.804988861084,0.0281187146902084,-0.197060450911522,-0.38703989982605,16,-3.5527136788005e-15,1.95943496413627e-15,44.3099975585938,3.48000001907349,16,1,0,0,0,0,0
-237.545867919922,45.7151641845704,48.7654075622558,15.1527833938599,-8.99629974365234,-2.6124701499939,44.7830085754395,7.44392108917236,-30.1100940704346,0.0281187146902084,-0.197060450911522,-0.38703989982605,16,-3.5527136788005e-15,1.95943496413627e-15,44.3899993896484,1.93999993801117,18,1,0,0,0,0,0
-239.870834350586,49.7636604309083,49.5264320373535,15.5439281463623,-7.29738664627075,-2.22686362266541,46.8657073974609,5.79723739624023,-22.5524158477783,0.000920776044949889,-0.229396745562553,-0.327281266450882,16,-3.5527136788005e-15,1.95943496413627e-15,44.5200004577637,0.529999971389771,20,1,0,0,0,0,0
-241.339340209961,53.0533065795899,50.0648651123047,15.8437147140503,-5.5126256942749,-1.67941403388977,46.8657073974609,5.79723739624023,-22.5524158477783,0.151474922895432,-0.193663582205772,-0.286634832620621,16,-3.5527136788005e-15,1.95943496413627e-15,44.6100006103516,-1.14999997615814,23,1,0,0,0,0,0
-242.674240112305,57.0231170654297,50.5804862976074,15.9937076568604,-4.204918384552,-1.13426411151886,49.4601249694824,3.99802899360657,-15.7949886322021,0.025548143312335,-0.216252520680428,-0.328658789396286,16,-3.5527136788005e-15,1.95943496413627e-15,44.189998626709,-1.89999997615814,25,1,0,0,0,0,0
-243.593200683594,61.0549011230469,50.921272277832,16.1041507720947,-2.04294490814209,-0.56030684709549,47.7503509521484,1.83339393138885,-7.53177356719971,0.025548143312335,-0.216252520680428,-0.328658789396286,16,-3.5527136788005e-15,1.95943496413627e-15,40.0499992370605,-2.77999997138977,26,1,0,0,0,0,0
-244.011703491211,64.7870101928712,51.1223526000976,16.0296173095703,-0.192779093980789,-0.315009266138077,47.7503509521484,1.83339393138885,-7.53177356719971,-0.141725346446037,-0.252259582281113,-0.340587973594665,16,-3.5527136788005e-15,1.95943496413627e-15,36.1599998474121,-3.29999995231628,27,1,0,0,0,0,0
-243.994094848633,68.4151000976563,51.2720794677734,15.7829580307007,1.58876371383667,-0.0906698927283287,42.4523315429688,-0.458318442106247,4.15416479110718,-0.141725346446037,-0.252259582281113,-0.340587973594665,16,-3.5527136788005e-15,1.95943496413627e-15,28.9499988555908,-4.02999973297119,27,1,0,0,0,0,0
-243.441909790039,73.0116577148438,51.3896980285644,15.4980344772339,2.73808193206787,0.526346683502197,42.4523315429688,-0.458318442106247,4.15416479110718,-0.338579207658768,-0.163069546222687,-0.311292380094528,16,-3.5527136788005e-15,1.95943496413627e-15,24.2299995422363,-4.19000005722046,27,1,0,0,0,0,0
-242.900238037109,75.7034454345704,51.3641395568847,15.1026935577393,4.07918119430542,0.768453299999237,38.1465034484863,-2.44055676460266,10.9951095581055,-0.45602422952652,-0.147670432925224,-0.325782924890518,16,-3.5527136788005e-15,1.95943496413627e-15,16.0900001525879,-4.17999982833862,26,1,0,0,0,0,0
-241.944671630859,79.2489395141602,51.2697525024414,14.6765832901001,5.21981382369995,0.80493175983429,28.4623470306396,-2.86246776580811,18.5720081329346,-0.45602422952652,-0.147670432925224,-0.325782924890518,16,-3.5527136788005e-15,1.95943496413627e-15,9.63000011444092,-4.3600001335144,25,1,0,0,0,0,0
-240.613876342773,82.9993515014649,51.1717796325683,14.2808380126953,6.05658864974976,0.796258449554443,28.4623470306396,-2.86246776580811,18.5720081329346,-0.295255094766617,-0.110311426222324,-0.207042530179024,16,-3.5527136788005e-15,1.95943496413627e-15,0.870000004768372,-4.42000007629395,23,1,0,0,0,0,0
-239.184356689453,86.3739624023438,51.0756454467773,13.9211950302124,6.66771078109741,0.536921381950378,18.5486850738525,-2.10482859611511,23.5002994537354,-0.295255094766617,-0.110311426222324,-0.207042530179024,16,-3.5527136788005e-15,1.95943496413627e-15,-4.23999977111816,-4.56999969482422,21,1,0,0,0,0,0
-237.489776611328,89.9544219970704,51.0212326049804,13.7264966964722,6.88316535949707,0.113959990441799,7.18430137634277,-1.82295405864716,26.1451778411865,-0.55793571472168,-0.0999332740902901,-0.133444055914879,16,-3.5527136788005e-15,1.95943496413627e-15,-9.86999988555908,-5.15000009536743,19,1,0,0,0,0,0
-236.002502441406,92.9508209228516,51.0609893798828,13.666974067688,6.83020639419556,-0.0574885942041874,7.18430137634277,-1.82295405864716,26.1451778411865,-0.48194682598114,0.0447895303368568,-0.100145570933819,16,-3.5527136788005e-15,1.95943496413627e-15,-12.039999961853,-5.6399998664856,17,1,0,0,0,0,0
-234.143249511719,96.7480545043946,51.1746520996093,13.694730758667,6.49698066711426,0.0448911748826504,-4.07075071334839,-2.35925841331482,27.6293087005615,-0.48194682598114,0.0447895303368568,-0.100145570933819,16,-3.5527136788005e-15,1.95943496413627e-15,-13.5900001525879,-6.02999973297119,15,1,0,0,0,0,0
-232.745559692383,99.7390060424805,51.2301406860351,13.7923316955566,6.14742422103882,0.0394296087324619,-7.79019117355347,-2.44283556938171,27.0533142089844,-0.385288149118423,0.0210474040359259,-0.00508225429803133,16,-3.5527136788005e-15,1.95943496413627e-15,-13.8299999237061,-6.17000007629395,14,1,0,0,0,0,0
-231.081741333008,103.583915710449,51.2643203735351,14.0220508575439,5.43233299255371,-0.0099159013479948,-10.8333473205566,-2.99550151824951,25.158597946167,-0.255112439393997,0.00756407622247935,0.0830120593309402,16,-3.5527136788005e-15,1.95943496413627e-15,-12.8400001525879,-6.46999979019165,12,1,0,0,0,0,0
-229.807556152344,106.907905578613,51.3059387207031,14.2297849655151,4.76369571685791,0.190831646323204,-10.8333473205566,-2.99550151824951,25.158597946167,-0.156515076756477,0.0302003473043442,0.127579852938652,16,-3.5527136788005e-15,1.95943496413627e-15,-11.0699996948242,-6.56999969482422,10,1,0,0,0,0,0
-228.76448059082,110.00227355957,51.3171882629394,14.3852548599243,4.23935079574585,0.310285687446594,-13.2424278259277,-3.86137008666992,23.0593338012695,-0.156515076756477,0.0302003473043442,0.127579852938652,16,0.00134800001978874,1.95943496413627e-15,-9.64999961853027,-6.50999975204468,9,1,0,0,0,0,0
-226.886260986328,116.816040039063,51.1586799621582,14.5623903274536,3.59146642684937,0.55125892162323,-11.5200128555298,-4.65516233444214,21.6524467468262,0.057709913700819,0.131788671016693,0.0835683867335319,15.9999980926514,0.00856500025838614,1.95943454061979e-15,-8.31999969482422,-6.33999967575073,8,1,0,0,0,0,0
-226.102798461914,120.283432006836,50.9823722839355,14.6697282791138,3.24721646308899,0.8019118309021,-11.5200128555298,-4.65516233444214,21.6524467468262,0.057709913700819,0.131788671016693,0.0835683867335319,15.9995775222778,0.116295002400875,1.95938308336825e-15,-7.04999971389771,-5.98999977111816,8,1,0,0,0,0,0
-225.512344360352,123.194297790527,50.7984199523925,14.8323049545288,2.80395483970642,1.15115427970886,-9.18662357330322,-6.20001745223999,19.0525817871094,0.0314449816942215,0.0667289793491364,0.126451954245567,15.9987821578979,0.197430998086929,1.95928567457931e-15,-5.55999994277954,-5.28999996185303,7,1,0,0,0,0,0
-224.853530883789,126.708763122559,50.480297088623,14.9595079421997,2.48144483566284,1.58358311653137,-9.18662357330322,-6.20001745223999,19.0525817871094,0.0314449816942215,0.0667289793491364,0.126451954245567,15.9872732162476,0.638037025928497,1.95787621175508e-15,-3.82999992370605,-4.1399998664856,6,1,0,0,0,0,0
-224.343719482422,129.663131713867,50.1620178222656,15.1267414093018,2.19863796234131,1.59760499000549,-6.5458836555481,-6.88411903381348,15.737774848938,0.182538866996765,-0.0405078865587711,0.19915983080864,15.9352226257324,1.43828892707825,1.95150186531052e-15,-0.729999959468842,-3.0699999332428,7,1,0,0,0,0,0
-223.696899414062,133.844543457031,49.7390632629394,15.3137664794922,1.83456933498383,1.26463210582733,-4.68878030776978,-6.08118343353271,12.5225505828857,0.0594410933554173,-0.103065676987171,0.144799262285233,15.9352226257324,1.43828892707825,1.95150186531052e-15,0.479999989271164,-2.5699999332428,7,1,0,0,0,0,0
-223.22770690918,137.461410522461,49.4597663879394,15.4462728500366,1.47420871257782,0.814823687076569,-4.68878030776978,-6.08118343353271,12.5225505828857,0.0594410933554173,-0.103065676987171,0.144799262285233,15.5919857025146,3.59026193618774,1.90946764354479e-15,6.28999996185303,-2.25,11,1,0,0,0,0,0
-222.807250976562,141.431671142578,49.2863693237304,15.5106658935547,1.21767902374268,0.225538149476051,-1.801886677742,-2.94805645942688,10.2835512161255,0.167609885334969,-0.0997161269187927,-0.012223931029439,14.9437532424927,5.71701383590698,1.83008202166222e-15,10.2299995422363,-2.23000001907349,12,1,0,0,0,0,0
-222.492874145508,144.799392700195,49.258544921875,15.4492340087891,1.1837614774704,-0.175785407423973,1.64699494838715,-1.70842123031616,10.7243728637695,0.167609885334969,-0.0997161269187927,-0.012223931029439,14.7320604324341,6.24230718612671,1.80415709600385e-15,18.5799999237061,-2.52999997138977,18,1,0,0,0,0,0
-222.095428466797,148.748687744141,49.3012504577636,15.3142108917236,1.41613078117371,-0.5084428191185,1.64699494838715,-1.70842123031616,10.7243728637695,0.267267972230911,-0.0578112117946148,-0.0293370503932238,14.7320604324341,6.24230718612671,1.80415709600385e-15,18.8500003814697,-2.74000000953674,19,1,0,0,0,0,0
-221.597381591797,152.657470703125,49.4440574645996,15.1307220458984,1.7978789806366,-0.847682297229767,9.78444004058838,-0.688286006450653,11.1608867645264,0.382258951663971,-0.0528421849012375,0.0184028018265963,13.9874105453491,7.7686767578125,1.71296372895744e-15,22.1199989318848,-3.26999998092651,23,1,0,0,0,0,0
-220.970672607422,156.512557983398,49.6459999084472,14.9341259002686,2.179123878479,-0.706080675125122,9.78444004058838,-0.688286006450653,11.1608867645264,0.382258951663971,-0.0528421849012375,0.0184028018265963,13.4028339385986,8.7386531829834,1.64137377480492e-15,24.1599998474121,-3.57999992370605,26,1,0,0,0,0,0
-220.404663085937,159.408386230469,49.742073059082,14.7069597244263,2.77244353294373,-0.433626562356949,15.1010036468506,-1.24973344802856,10.7640132904053,0.167849615216255,0.0309430323541164,-0.076021134853363,12.0354957580566,10.5426197052002,1.47392319618751e-15,28.0100002288818,-3.74000000953674,33,1,0,0,0,0,0
-219.699966430664,162.580856323242,49.7940063476562,14.5676851272583,3.2361958026886,-0.287647485733032,17.6540565490723,-2.75666260719299,13.3431396484375,0.176076337695122,-0.0247968677431345,-0.210876643657684,10.8502225875854,11.758939743042,1.32876906584067e-15,27.7799987792969,-3.66999983787537,35,1,0,0,0,0,0
-218.634979248047,166.623031616211,49.7967071533203,14.4078121185303,3.83130741119385,0.0485970564186573,22.3626861572266,-4.16213750839233,17.6519184112549,0.176076337695122,-0.0247968677431345,-0.210876643657684,9.99124240875244,12.4970026016235,1.22357424417615e-15,30.2799987792969,-3.3899998664856,40,1,0,0,0,0,0
-217.559173583984,170.046264648438,49.6959419250488,14.1157083511353,4.85160636901855,0.714142441749573,22.3626861572266,-4.16213750839233,17.6519184112549,0.274439066648483,-0.0215789210051298,-0.236440375447273,8.61032867431641,13.4856309890747,1.05446115164151e-15,33.6300010681152,-2.39999985694885,48,1,0,0,0,0,0
-216.273178100586,173.432601928711,49.4699325561523,13.7516584396362,6.0340142250061,1.01965284347534,29.7526550292969,-4.70603132247925,21.4494171142578,0.259409636259079,-0.133720502257347,-0.147259965538979,7.63481712341309,14.060923576355,9.34995413002528e-16,32.6399993896484,-1.66999995708466,50,1,0,0,0,0,0
-214.729568481445,176.743881225586,49.1785583496093,13.3175983428955,7.21932744979858,0.979413032531738,31.7779712677002,-2.75274538993835,26.0340709686279,0.259409636259079,-0.133720502257347,-0.147259965538979,7.13240385055542,14.3223190307617,8.73467574988686e-16,33.1699981689453,-0.680000007152557,56,1,0,0,0,0,0
-213.057373046875,179.689315795898,48.9217948913574,12.878270149231,8.22811222076416,0.841910302639008,31.7779712677002,-2.75274538993835,26.0340709686279,0.168154552578926,-0.167952477931976,-0.135887369513512,6.10140991210938,14.7909698486328,7.47207202744625e-16,33.3199996948242,-0.219999998807907,60,1,0,0,0,0,0
-210.389846801758,183.537872314453,48.6243858337402,12.1825942993164,9.65010833740234,0.929739475250244,32.1841201782227,-2.91977834701538,31.1433944702148,-0.0678944811224937,-0.0642259940505028,-0.272953867912292,3.99754905700684,15.4925661087036,4.89558573733384e-16,34.9099998474121,0.560000002384186,67,1,0,0,0,0,0
-208.610427856445,185.760803222656,48.4386825561523,11.5699710845947,10.7015209197998,0.93109655380249,32.1841201782227,-2.91977834701538,31.1433944702148,-0.0678944811224937,-0.0642259940505028,-0.272953867912292,3.49246907234192,15.6141815185547,4.27704098639257e-16,34.8800010681152,1.16999995708466,70,1,0,0,0,0,0
-205.359786987305,189.299621582031,48.1094360351562,10.8527660369873,11.7592611312866,1.04387199878693,32.2214584350586,-3.90684676170349,38.8988838195801,0.0682306587696075,-0.128668233752251,-0.273241430521011,1.72395193576813,15.9068536758423,2.1112322680093e-16,36.1300010681152,2.12999987602234,77,1,0,0,0,0,0
-202.993255615234,191.520095825195,47.8738594055176,10.2004823684692,12.592004776001,1.05469715595245,33.2015609741211,-4.44361734390259,45.1934280395508,0.0682306587696075,-0.128668233752251,-0.273241430521011,1.36795699596405,15.9414148330688,1.67526414535972e-16,35.939998626709,2.8899998664856,79,1,0,0,0,0,0
-199.428863525391,194.408081054688,47.5273246765137,8.98145484924316,13.8658456802368,0.746395349502563,33.4579696655273,-3.2033543586731,51.2924308776855,0.0683335363864899,-0.207307994365692,-0.265285581350327,0.781629979610443,15.9808969497681,9.57220617861305e-17,34.8699989318848,3.69999980926514,83,1,0,0,0,0,0
-196.397415161133,196.462219238281,47.2979583740234,7.90530967712402,14.7718629837036,0.333595246076584,33.4579696655273,-3.2033543586731,51.2924308776855,-0.0662805214524269,-0.26037859916687,-0.246964424848556,0.228021994233131,15.9983749389648,2.79246414066674e-17,34.1199989318848,3.98000001907349,87,1,0,0,0,0,0
-192.579223632812,198.602767944336,47.1177978515625,6.90131807327271,15.4211206436157,0.072718933224678,30.9340324401855,-1.62285506725311,59.1961517333984,-0.0662805214524269,-0.26037859916687,-0.246964424848556,0.0195119995623827,15.9999885559082,2.38953081581205e-18,31.7099990844727,4.23000001907349,89,1,0,0,0,0,0
-188.554779052734,200.430480957031,47.040828704834,5.88004779815674,15.9264478683472,-0.0302094426006079,30.9340324401855,-1.62285506725311,59.1961517333984,0.00318676885217428,-0.236486360430717,-0.244103640317917,1.10000000859145e-05,16,1.34711148931145e-21,29.6299991607666,4.40999984741211,90,1,0,0,0,0,0
-184.390563964844,201.94563293457,47.0019111633301,4.5759162902832,16.3840026855469,0.15629169344902,31.0965709686279,-0.174232572317123,65.7197036743164,-0.0305036418139935,-0.109217286109924,-0.184660136699677,3.00000010611257e-06,16,3.67394031065145e-22,26.7299995422363,4.96000003814697,92,1,0,0,0,0,0
-180.478225708008,203.106506347656,46.9124641418457,3.39475965499878,16.6996688842773,-0.102275334298611,30.675407409668,0.886852145195007,72.5066909790039,-0.0305036418139935,-0.109217286109924,-0.184660136699677,3.00000010611257e-06,16,3.67394031065145e-22,23.8299999237061,5.1399998664856,93,1,0,0,0,0,0
-176.182556152344,204.057342529297,46.8703689575195,2.15331983566284,16.899393081665,-0.434639155864716,30.675407409668,0.886852145195007,72.5066909790039,-0.124966643750668,-0.224986612796783,-0.235312134027481,3.00000010611257e-06,16,3.67394031065145e-22,18.6499996185303,5.02999973297119,94,1,0,0,0,0,0
-172.507537841797,204.603485107422,46.9076080322265,1.15325200557709,16.9700145721436,-0.72131073474884,26.8848190307617,2.29318571090698,79.5490341186523,-0.124966643750668,-0.224986612796783,-0.235312134027481,3.00000010611257e-06,16,3.67394031065145e-22,15,4.75999975204468,94,1,0,0,0,0,0
-167.106216430664,205.016006469727,47.0929489135742,0.289701342582703,16.923376083374,-0.959839463233948,23.9261245727539,3.2180073261261,83.3680419921875,-0.140637785196304,-0.110650300979614,-0.155144363641739,3.00000010611257e-06,16,3.67394031065145e-22,9.98999977111816,4.25999975204468,95,1,0,0,0,0,0
-163.760925292969,205.088729858398,47.2594871520996,-0.4636050760746,16.7708911895752,-1.10116648674011,19.0061168670654,3.94212532043457,87.6684265136719,-0.200196385383606,-0.162542924284935,-0.186714202165604,3.00000010611257e-06,16,3.67394031065145e-22,6.71000003814697,3.75,95,1,0,0,0,0,0
-159.759796142578,205.018814086914,47.5065231323242,-1.04611432552338,16.5679836273193,-1.39320528507233,19.0061168670654,3.94212532043457,87.6684265136719,-0.310585349798203,-0.0686770454049111,-0.173663377761841,3.00000010611257e-06,16,3.67394031065145e-22,2.66999983787537,2.95000004768372,95,1,0,0,0,0,0
-155.153991699219,204.766372680664,47.8528785705566,-1.5354642868042,16.2956027984619,-1.7147935628891,13.7155237197876,5.22394704818726,91.7286148071289,-0.310585349798203,-0.0686770454049111,-0.173663377761841,3.00000010611257e-06,16,3.67394031065145e-22,0.189999997615814,2.1800000667572,95,1,0,0,0,0,0
-151.275833129883,204.429870605469,48.2348518371582,-1.80064117908478,15.9947233200073,-1.96418654918671,13.7155237197876,5.22394704818726,91.7286148071289,-0.261286228895187,-0.0626067444682121,-0.0932725146412849,3.00000010611257e-06,16,3.67394031065145e-22,-2.61999988555908,0.829999983310699,94,1,0,0,0,0,0
-147.788009643555,204.05632019043,48.6568527221679,-1.90595841407776,15.704065322876,-2.03908371925354,7.41031408309937,5.94107294082642,93.6756286621094,-0.261286228895187,-0.0626067444682121,-0.0932725146412849,3.00000010611257e-06,16,3.67394031065145e-22,-4.17999982833862,-0.610000014305115,94,1,0,0,0,0,0
-144.050704956055,203.614028930664,49.1441116333008,-1.8447961807251,15.444974899292,-1.81505572795868,7.41031408309937,5.94107294082642,93.6756286621094,-0.306174606084824,-0.00808131694793702,-0.0493432134389877,3.00000010611257e-06,16,3.67394031065145e-22,-4.52999973297119,-1.38999998569489,93,1,0,0,0,0,0
-140.099884033203,203.145965576172,49.631591796875,-1.72763562202454,15.2658128738403,-1.41257750988007,1.68744492530823,4.80993270874023,94.5476760864258,-0.175907820463181,0.0700617805123329,-0.0252758003771305,3.00000010611257e-06,16,3.67394031065145e-22,-4.65000009536743,-2.15999984741211,93,1,0,0,0,0,0
-136.476959228516,202.728805541992,49.9838256835937,-1.51490926742554,15.1178522109985,-1.01168096065521,-1.88208401203156,3.02743792533875,93.9753875732422,-0.175907820463181,0.0700617805123329,-0.0252758003771305,3.00000010611257e-06,16,3.67394031065145e-22,-4.31999969482422,-2.49000000953674,92,1,0,0,0,0,0
-132.885055541992,202.34765625,50.2423439025879,-1.34832608699799,15.0715560913086,-0.84164822101593,-1.88208401203156,3.02743792533875,93.9753875732422,-0.122910417616367,0.0836354345083237,0.0584463141858578,3.00000010611257e-06,16,3.67394031065145e-22,-4,-2.60999989509583,92,1,0,0,0,0,0
-129.028686523437,202.001708984375,50.4443435668945,-0.899389028549194,14.993088722229,-0.306283324956894,-4.13633346557617,0.533594310283661,92.9444274902344,-0.122910417616367,0.0836354345083237,0.0584463141858578,3.00000010611257e-06,16,3.67394031065145e-22,-2.3199999332428,-2.85999989509583,92,1,0,0,0,0,0
-125.766471862793,201.767883300781,50.5432815551758,-0.689789295196533,14.9815635681152,-0.0449840910732746,-4.13633346557617,0.533594310283661,92.9444274902344,-0.0442353934049606,0.0693895891308784,0.0250594951212406,3.00000010611257e-06,16,3.67394031065145e-22,-1.38999998569489,-2.83999991416931,91,1,0,0,0,0,0
-121.922134399414,201.561370849609,50.5916976928711,-0.347297340631485,14.9661502838135,0.261679649353027,-4.75487661361694,-0.816618740558624,91.8171844482422,0.0131052201613784,0.0224497821182013,0.0840296074748039,3.00000010611257e-06,16,3.67394031065145e-22,0.0999999940395355,-2.6399998664856,91,1,0,0,0,0,0
-114.849090576172,201.353652954102,50.5078392028808,-0.0690976455807686,14.9658241271973,0.371644616127014,-3.57579064369202,-0.965619146823883,89.244384765625,0.0393440537154675,0.0281254295259714,0.125776216387749,3.00000010611257e-06,16,3.67394031065145e-22,1.0900000333786,-2.50999999046326,91,1,0,0,0,0,0
-111.031372070312,201.324859619141,50.3972053527832,0.147142693400383,14.9671802520752,0.66750168800354,-2.68610453605652,-2.03434562683105,87.235710144043,0.0746578425168991,0.0819821879267693,0.120460689067841,3.00000010611257e-06,16,3.67394031065145e-22,2.48000001907349,-2.09999990463257,91,1,0,0,0,0,0
-107.567146301269,201.345001220703,50.2337875366211,0.400645792484283,14.9873161315918,0.810584366321564,-2.68610453605652,-2.03434562683105,87.235710144043,0.0746578425168991,0.0819821879267693,0.120460689067841,3.00000010611257e-06,16,3.67394031065145e-22,3.46000003814697,-1.69999992847443,91,1,0,0,0,0,0
-107.567146301269,201.345001220703,50.2337875366211,0.640014886856079,15.0160446166992,0.765636742115021,-1.59241592884064,-2.06084704399109,84.9793701171875,0.0746578425168991,0.0819821879267693,0.120460689067841,3.00000010611257e-06,16,3.67394031065145e-22,5.15999984741211,-1.23000001907349,91,1,0,0,0,0,0
-103.499572753906,201.436889648438,50.0419158935547,0.795268595218658,15.0215663909912,0.717512786388397,-1.59241592884064,-2.06084704399109,84.9793701171875,0.0092319194227457,-0.0355049818754196,0.0457816869020462,3.00000010611257e-06,16,3.67394031065145e-22,6.10999965667725,-0.969999969005585,91,1,0,0,0,0,0
-99.9927291870117,201.56428527832,49.8948936462402,0.852483510971069,15.04274559021,0.622728645801544,1.35086214542389,-1.12742638587952,84.4309616088867,0.0092319194227457,-0.0355049818754196,0.0457816869020462,3.00000010611257e-06,16,3.67394031065145e-22,6.75,-0.689999997615814,91,1,0,0,0,0,0
-95.8541488647461,201.742965698242,49.740837097168,0.835086226463318,15.0881605148315,0.625132143497467,1.35086214542389,-1.12742638587952,84.4309616088867,0.233054786920547,-0.01482286863029,0.0237235147505999,3.00000010611257e-06,16,3.67394031065145e-22,6.96999979019165,-0.419999986886978,92,1,0,0,0,0,0
-92.8847503662109,201.861526489258,49.6503868103027,0.826383590698242,15.1262407302856,0.760302186012268,4.23597145080566,-1.67063879966736,83.3646850585938,0.233054786920547,-0.01482286863029,0.0237235147505999,3.00000010611257e-06,16,3.67394031065145e-22,7.12999963760376,-0.0700000002980232,92,1,0,0,0,0,0
-85.409065246582,202.134780883789,49.3428916931152,0.777133882045746,15.2172517776489,0.659135043621063,5.51778221130371,-2.18722605705261,83.1423187255859,0.0469661243259907,0.0143137825652957,-0.00332550168968737,3.00000010611257e-06,16,3.67394031065145e-22,7.21000003814697,0.419999986886978,92,1,0,0,0,0,0
-81.1791305541992,202.272521972656,49.1741752624512,0.713387250900269,15.2972564697266,0.626787841320038,5.49638223648071,-1.90364801883698,83.7441787719727,-0.0704180523753166,-0.0726628452539444,-0.0280157886445522,3.00000010611257e-06,16,3.67394031065145e-22,7.04999971389771,0.839999973773956,92,1,0,0,0,0,0
-81.1791305541992,202.272521972656,49.1741752624512,0.654740333557129,15.3527307510376,0.480249255895615,5.49638223648071,-1.90364801883698,83.7441787719727,-0.0704180523753166,-0.0726628452539444,-0.0280157886445522,3.00000010611257e-06,16,3.67394031065145e-22,6.94999980926514,1.07999992370605,92,1,0,0,0,0,0
-74.1850509643554,202.452941894531,48.9667587280273,0.588956832885742,15.3706312179565,0.19082635641098,4.49682712554932,0.0697209686040878,84.5415954589844,-0.0228155180811882,-0.0797786563634872,-0.025689572095871,3.00000010611257e-06,16,3.67394031065145e-22,6.78999996185303,1.25,92,1,0,0,0,0,0
-70.5316772460937,202.530471801758,48.9470634460449,0.528168737888336,15.3440704345703,-0.0660116225481033,4.49682712554932,0.0697209686040878,84.5415954589844,-0.0228155180811882,-0.0797786563634872,-0.025689572095871,3.00000010611257e-06,16,3.67394031065145e-22,6.57999992370605,1.23000001907349,92,1,0,0,0,0,0
-66.9048233032226,202.606216430664,48.9943504333496,0.520314633846283,15.2805309295654,-0.334063082933426,4.86833715438843,1.8180456161499,84.4110794067383,-0.0615973360836506,-0.0261068772524595,0.0290374401956797,3.00000010611257e-06,16,3.67394031065145e-22,6.60999965667725,0.979999959468842,93,1,0,0,0,0,0
-62.9721374511718,202.706573486328,49.0866546630859,0.536527097225189,15.2299461364746,-0.491925209760666,4.94000959396362,1.50338447093964,84.4695510864258,0.0988824814558029,0.0244741756469011,-0.0213897880166769,3.00000010611257e-06,16,3.67394031065145e-22,6.78999996185303,0.789999961853027,93,1,0,0,0,0,0
-59.3500633239746,202.807464599609,49.1944046020508,0.514781296253204,15.1909036636353,-0.445404291152954,4.94000959396362,1.50338447093964,84.4695510864258,0.0988824814558029,0.0244741756469011,-0.0213897880166769,3.00000010611257e-06,16,3.67394031065145e-22,6.96999979019165,0.489999979734421,93,1,0,0,0,0,0
-55.757038116455,202.892852783203,49.2359161376953,0.418645918369293,15.1757040023804,-0.0651717856526375,6.75065040588379,0.193853154778481,85.7014236450195,0.137883797287941,0.0980975478887558,-0.0863065421581268,3.00000010611257e-06,16,3.67394031065145e-22,6.64999961853027,0.649999976158142,93,1,0,0,0,0,0
-52.7622985839843,202.933166503906,49.1916389465332,0.220577210187912,15.174090385437,0.262114524841309,7.55644083023071,-0.155318722128868,86.3982620239258,-0.00225693173706532,-0.0445682965219021,0.0010760328732431,3.00000010611257e-06,16,3.67394031065145e-22,5.79999971389771,1.10000002384186,93,1,0,0,0,0,0
-48.8536529541015,202.949691772461,49.0889625549316,0.130507871508598,15.1628274917603,0.321126252412796,6.47491836547852,0.46210902929306,86.1271362304688,-0.00225693173706532,-0.0445682965219021,0.0010760328732431,3.00000010611257e-06,16,3.67394031065145e-22,5.17999982833862,1.5,93,1,0,0,0,0,0
-45.2491836547851,202.946701049805,48.9977378845215,0.0846326276659966,15.161847114563,0.311756044626236,6.35129737854004,0.726416349411011,86.6359786987305,-0.0487969405949116,-0.00367281585931778,0.0116888592019677,3.00000010611257e-06,16,3.67394031065145e-22,4.92999982833862,1.70999991893768,93,1,0,0,0,0,0
-41.3065414428711,202.933654785156,48.9147682189941,-0.0384223461151123,15.1684064865112,0.0927875265479088,6.35129737854004,0.726416349411011,86.6359786987305,-0.0685208365321159,-0.030117005109787,-0.0604486241936684,3.00000010611257e-06,16,3.67394031065145e-22,4.55999994277954,1.8199999332428,93,1,0,0,0,0,0
-37.3507652282714,202.891906738281,48.8851737976074,-0.125885903835297,15.1614933013916,0.134628012776375,6.48419189453125,1.4854189157486,87.5637817382812,-0.0345332026481628,0.0207002256065607,-0.0256362892687321,3.00000010611257e-06,16,3.67394031065145e-22,3.82999992370605,1.94999992847443,93,1,0,0,0,0,0
-33.4063529968261,202.829895019531,48.8555107116699,-0.260659247636795,15.1632490158081,0.0439538769423962,6.66495990753174,0.997551143169403,87.882194519043,-0.0345332026481628,0.0207002256065607,-0.0256362892687321,3.00000010611257e-06,16,3.67394031065145e-22,3.25999999046326,2.03999996185303,93,1,0,0,0,0,0
-30.0573425292968,202.75212097168,48.8568878173828,-0.342021763324738,15.1403188705444,-0.131810650229454,6.66495990753174,0.997551143169403,87.882194519043,-0.0214625764638186,-0.0517209097743034,0.0089052775874734,3.00000010611257e-06,16,3.67394031065145e-22,2.41999983787537,1.96999990940094,93,1,0,0,0,0,0
-26.1067886352539,202.643890380859,48.9030265808105,-0.396268844604492,15.0646734237671,-0.344609081745148,5.32426929473877,2.49476289749146,87.8266448974609,-0.0187118016183376,-0.0593547821044922,0.0156513676047325,3.00000010611257e-06,16,3.67394031065145e-22,1.89999997615814,1.71999990940094,93,1,0,0,0,0,0
-22.7810974121093,202.551055908203,48.9810409545898,-0.395176380872726,14.9702749252319,-0.506277143955231,4.26565027236938,3.48777985572815,87.7233734130859,-0.0187118016183376,-0.0593547821044922,0.0156513676047325,3.00000010611257e-06,16,3.67394031065145e-22,1.75,1.5,92,1,0,0,0,0,0
-18.8798904418945,202.452880859375,49.1345710754395,-0.233889535069466,14.8319816589355,-0.815581500530243,4.26565027236938,3.48777985572815,87.7233734130859,-0.0123955998569727,-0.0418525226414204,0.0297012776136398,3.00000010611257e-06,16,3.67394031065145e-22,2.52999997138977,0.819999992847443,92,1,0,0,0,0,0
-15.6184844970703,202.413009643555,49.3245124816895,0.0190166085958481,14.6921443939209,-1.091268658638,0.289089292287827,3.6767954826355,88.0978164672852,-0.0535597763955593,0.00317586446180939,-0.0547686852514744,3.00000010611257e-06,16,3.67394031065145e-22,3.51999998092651,0.219999998807907,92,1,0,0,0,0,0
-12.1237497329712,202.43147277832,49.5812339782715,0.209279552102089,14.6155099868774,-0.663144469261169,1.23579704761505,1.70624625682831,89.3991851806641,-0.0535597763955593,0.00317586446180939,-0.0547686852514744,3.00000010611257e-06,16,3.67394031065145e-22,4.48000001907349,-0.0799999982118607,92,1,0,0,0,0,0
-8.61065292358395,202.500350952148,49.7485084533691,0.253197342157364,14.5696926116943,-0.271051377058029,3.11942100524902,1.35954141616821,89.9240341186523,0.125964850187302,0.0986619293689728,-0.0695110708475113,3.00000010611257e-06,16,3.67394031065145e-22,5.11999988555908,-0.0899999961256981,93,1,0,0,0,0,0
-4.51980972290035,202.581100463867,49.8065757751465,0.260343253612518,14.5304956436157,-0.130310922861099,3.11942100524902,1.35954141616821,89.9240341186523,0.130044728517532,0.00604597479104996,-0.00281345774419606,3.00000010611257e-06,16,3.67394031065145e-22,5.25,-0.00999999977648258,93,1,0,0,0,0,0
-1.04942607879635,202.641098022461,49.8251037597656,0.26290887594223,14.4653806686401,-0.142799437046051,3.11942100524902,1.35954141616821,89.9240341186523,0.130044728517532,0.00604597479104996,-0.00281345774419606,3.00000010611257e-06,16,3.67394031065145e-22,5.36999988555908,-0.0700000002980232,93,1,0,0,0,0,0
2.40759372711186,202.70295715332,49.8630142211914,0.368454426527023,14.4414119720459,-0.0289852824062109,4.37613105773926,1.13211464881897,88.7979278564453,-0.0917058736085892,0.0486942566931248,0.0444370731711388,3.00000010611257e-06,16,3.67394031065145e-22,5.81999969482422,-0.129999995231628,93,1,0,0,0,0,0
6.71874046325688,202.820129394531,49.8650817871094,0.429222017526627,14.468487739563,0.129205286502838,3.88948154449463,-0.178101882338524,89.0020141601562,0.0917720943689346,0.072435200214386,-0.073108546435833,3.00000010611257e-06,16,3.67394031065145e-22,6.50999975204468,0.0599999986588955,93,1,0,0,0,0,0
9.588324546814,202.913375854492,49.8371124267578,0.406859040260315,14.5012474060059,0.165425390005112,3.88948154449463,-0.178101882338524,89.0020141601562,0.0917720943689346,0.072435200214386,-0.073108546435833,3.00000010611257e-06,16,3.67394031065145e-22,6.62999963760376,0.149999991059303,93,1,0,0,0,0,0
13.349630355835,203.025741577148,49.8040046691895,0.32801553606987,14.5384788513184,0.0821439400315285,6.41410160064697,-0.0063488744199276,90.0704040527344,0.0142415482550859,-0.0481204949319363,-0.029551587998867,3.00000010611257e-06,16,3.67394031065145e-22,6.42999982833862,0.209999993443489,93,1,0,0,0,0,0
17.1363677978516,203.116775512695,49.7936248779297,0.219432786107063,14.5631742477417,-0.0948411598801613,6.64360046386719,0.506373584270477,91.0335540771484,0.0142415482550859,-0.0481204949319363,-0.029551587998867,3.00000010611257e-06,16,3.67394031065145e-22,6.00999975204468,0.0999999940395355,93,1,0,0,0,0,0
20.6077270507813,203.173950195312,49.8187561035156,0.146363779902458,14.5825071334839,-0.146901547908783,6.64360046386719,0.506373584270477,91.0335540771484,0.0308808218687773,-0.0338297113776207,-0.0387351997196674,3.00000010611257e-06,16,3.67394031065145e-22,5.67999982833862,0,93,1,0,0,0,0,0
24.112117767334,203.212921142578,49.8819961547852,0.119474783539772,14.5967836380005,-0.305512279272079,5.07036685943604,0.421101868152618,91.0517196655273,0.0308808218687773,-0.0338297113776207,-0.0387351997196674,3.00000010611257e-06,16,3.67394031065145e-22,5.5,-0.229999989271164,93,1,0,0,0,0,0
27.6234931945801,203.251770019531,49.9796676635742,0.211119025945663,14.6384229660034,-0.330252349376678,5.07036685943604,0.421101868152618,91.0517196655273,-0.0848772376775742,0.0159809999167919,0.0109063209965825,3.00000010611257e-06,16,3.67394031065145e-22,6.04999971389771,-0.589999973773956,93,1,0,0,0,0,0
31.1310806274414,203.31494140625,50.0846939086914,0.256562322378159,14.7227735519409,-0.228408098220825,1.62345850467682,-0.666394293308258,91.7123947143555,-0.0848772376775742,0.0159809999167919,0.0109063209965825,3.00000010611257e-06,16,3.67394031065145e-22,6.46000003814697,-0.769999980926514,94,1,0,0,0,0,0
34.6712379455567,203.395492553711,50.1577758789063,0.28966748714447,14.7645683288574,-0.337302923202515,1.62345850467682,-0.666394293308258,91.7123947143555,-0.071274921298027,-0.0116949314251542,-0.0395801663398743,3.00000010611257e-06,16,3.67394031065145e-22,6.73000001907349,-0.959999978542328,94,1,0,0,0,0,0
37.9434928894043,203.47607421875,50.2362670898438,0.298203378915787,14.7954502105713,-0.338896661996841,3.80154752731323,0.252820938825607,90.3236618041992,0.187818378210068,0.0109560405835509,0.0987091362476349,3.00000010611257e-06,16,3.67394031065145e-22,6.98000001907349,-1.35000002384186,94,1,0,0,0,0,0
42.1051673889161,203.583969116211,50.3708343505859,0.210750609636307,14.8742580413818,-0.299304634332657,6.48755550384521,-0.984508574008942,89.0706329345703,0.187818378210068,0.0109560405835509,0.0987091362476349,3.00000010611257e-06,16,3.67394031065145e-22,6.77999973297119,-1.5,94,1,0,0,0,0,0
45.6857337951661,203.661575317383,50.4605216979981,0.102241598069668,14.9555864334106,-0.321406722068787,6.48755550384521,-0.984508574008942,89.0706329345703,0.102049067616463,0.0786199644207954,-0.0169593878090382,3.00000010611257e-06,16,3.67394031065145e-22,6.30999994277954,-1.70999991893768,94,1,0,0,0,0,0
50.1929588317871,203.713165283203,50.5929336547852,-0.0250170286744833,15.0258474349976,-0.240462765097618,6.93739557266235,-1.75699937343597,88.0861053466797,0.00536738289520144,0.0396440513432026,0.0554981082677841,3.00000010611257e-06,16,3.67394031065145e-22,5.71000003814697,-2.01999998092651,94,1,0,0,0,0,0
52.8483657836914,203.722595214844,50.6590614318848,-0.0304163638502359,15.0664167404175,-0.482087016105652,6.93739557266235,-1.75699937343597,88.0861053466797,0.00536738289520144,0.0396440513432026,0.0554981082677841,3.00000010611257e-06,16,3.67394031065145e-22,5.56999969482422,-2.39999985694885,94,1,0,0,0,0,0
57.0787239074707,203.741485595703,50.8203506469727,0.0824211314320564,15.0772619247437,-0.630447804927826,4.66030073165894,-1.0165730714798,87.1649475097656,-0.0823507606983185,-0.0120431045070291,0.0146913845092058,3.00000010611257e-06,16,3.67394031065145e-22,6.09999990463257,-3.04999995231628,94,1,0,0,0,0,0
60.4317893981934,203.783630371094,50.979606628418,0.194631427526474,15.0961513519287,-0.437995582818985,4.48540210723877,-1.94637680053711,88.3045272827148,-0.0823507606983185,-0.0120431045070291,0.0146913845092058,3.00000010611257e-06,16,3.67394031065145e-22,6.62999963760376,-3.36999988555908,94,1,0,0,0,0,0
64.3975524902344,203.863647460937,51.1332740783691,0.182822957634926,15.1429691314697,-0.453083157539368,4.48540210723877,-1.94637680053711,88.3045272827148,0.139354169368744,0.0723277330398559,-0.0856971293687821,3.00000010611257e-06,16,3.67394031065145e-22,7.04999971389771,-3.70999979972839,94,1,0,0,0,0,0
68.6779403686524,203.950378417969,51.2669792175293,0.100386247038841,15.1582899093628,-0.416139930486679,6.87191152572632,-2.91477203369141,91.0650100708008,0.139354169368744,0.0723277330398559,-0.0856971293687821,3.00000010611257e-06,16,3.67394031065145e-22,6.76999998092651,-4,94,1,0,0,0,0,0
72.0403137207032,203.991073608398,51.3700981140137,-0.117720209062099,15.1790552139282,-0.318955153226852,6.87191152572632,-2.91477203369141,91.0650100708008,0.177653849124908,0.0155256120488047,-0.0940008386969566,3.00000010611257e-06,16,3.67394031065145e-22,6.07999992370605,-4.17999982833862,94,1,0,0,0,0,0
75.7223815917969,203.977355957031,51.4663276672363,-0.383824020624161,15.2267255783081,-0.413576781749725,6.81078672409058,-2.82779908180237,91.8319396972656,-0.0361134596168995,-0.0124493781477213,0.0109518151730299,3.00000010611257e-06,16,3.67394031065145e-22,4.50999975204468,-4.71000003814697,94,1,0,0,0,0,0
80.3072662353516,203.870727539062,51.6293678283691,-0.548968970775604,15.2639169692993,-0.209385052323341,8.74805068969727,-3.61962294578552,89.1096115112305,-0.0361134596168995,-0.0124493781477213,0.0109518151730299,3.00000010611257e-06,16,3.67394031065145e-22,3.14999985694885,-4.98999977111816,94,1,0,0,0,0,0
83.6928100585938,203.751358032227,51.7024955749512,-0.569517195224762,15.3092727661133,-0.0208514779806137,8.74805068969727,-3.61962294578552,89.1096115112305,-0.147849574685097,0.0414340347051621,0.0591556839644909,3.00000010611257e-06,16,3.67394031065145e-22,2.67999982833862,-5.07999992370605,94,1,0,0,0,0,0
88.3167037963868,203.602310180664,51.7220802307129,-0.516153514385223,15.4080944061279,0.211407199501991,5.40082931518555,-4.57510471343994,89.3215713500977,-0.147849574685097,0.0414340347051621,0.0591556839644909,3.00000010611257e-06,16,3.67394031065145e-22,2.75,-5.01999998092651,94,1,0,0,0,0,0
91.102783203125,203.527465820312,51.6939430236817,-0.546869099140167,15.5077095031738,0.414058536291122,4.17940950393677,-5.67513465881348,91.1673889160156,-0.109765455126762,-0.000490110018290588,-0.067879393696785,-0.000694999995175749,16,-8.51129494614484e-20,2.64999985694885,-4.8899998664856,93,1,0,0,0,0,0
96.076644897461,203.390045166016,51.587085723877,-0.60955536365509,15.6321096420288,0.525545835494995,4.17940950393677,-5.67513465881348,91.1673889160156,0.106142453849316,0.0620846152305603,-0.0766569152474404,-0.101274006068707,15.9996795654297,-1.2402488024269e-17,2.28999996185303,-4.61999988555908,93,1,0,0,0,0,0
98.9024276733399,203.298416137695,51.5123710632324,-0.63707023859024,15.7409210205078,0.59397554397583,4.30747509002686,-5.68091678619385,91.106819152832,0.106142453849316,0.0620846152305603,-0.0766569152474404,-0.175980001688004,15.9990320205688,-2.15513339009545e-17,2.00999999046326,-4.40000009536743,93,1,0,0,0,0,0
102.696281433106,203.170379638672,51.3986625671387,-0.593225002288818,15.8857383728027,0.481210082769394,2.3971118927002,-5.20484304428101,90.5400772094727,-0.0901941657066345,-0.036773357540369,0.0186504796147347,-0.41736900806427,15.9945554733276,-5.11129624311419e-17,2.80999994277954,-4.25999975204468,94,1,0,0,0,0,0
110.047454833984,202.969085693359,51.2383880615235,-0.465015262365341,16.0003604888916,0.539003014564514,2.3971118927002,-5.20484304428101,90.5400772094727,-0.114407792687416,-0.0490473620593548,0.0436956994235516,-1.06249594688416,15.9646825790405,-1.3011823674189e-16,5.06999969482422,-4.19000005722046,95,1,0,0,0,0,0
114.245239257813,202.897705078125,51.1313667297363,-0.41661724448204,16.1061000823975,0.577358067035675,3.22956013679504,-5.11232137680054,90.2490615844727,0.12046805024147,-0.0262172594666481,-0.0332386568188667,-1.70538306236267,15.9088554382324,-2.08849181565569e-16,7.84999990463257,-3.95999979972839,97,1,0,0,0,0,0
114.245239257813,202.897705078125,51.1313667297363,-0.494648963212967,16.2143669128418,0.372594654560089,6.92002296447754,-3.96248126029968,91.0739212036133,0.12046805024147,-0.0262172594666481,-0.0332386568188667,-2.9787061214447,15.7202835083008,-3.64786279558971e-16,11.7399997711182,-3.85999989509583,100,1,0,0,0,0,0
118.449478149414,202.820083618164,51.0333251953125,-0.66275680065155,16.2804679870605,0.13285756111145,6.92002296447754,-3.96248126029968,91.0739212036133,0.19531774520874,-0.065141074359417,-0.0202841833233833,-3.98870706558228,15.4948444366455,-4.88475695049878e-16,15.0699996948242,-3.97000002861023,102,1,0,0,0,0,0
122.672981262207,202.6962890625,51.0010490417481,-0.867230892181396,16.3050918579102,-0.0493583120405674,10.6479024887085,-3.00041604042053,92.1520004272461,0.19531774520874,-0.065141074359417,-0.0202841833233833,-5.59358167648315,14.9903917312622,-6.85016190872642e-16,19.8199996948242,-4.23000001907349,107,1,0,0,0,0,0
130.517807006836,202.271926879883,51.060287475586,-1.22659265995026,16.2990303039551,-0.0698279142379761,10.6479024887085,-3.00041604042053,92.1520004272461,0.119386725127697,-0.0743623226881027,-0.0766571015119552,-6.63995504379272,14.5571632385254,-8.13159993814482e-16,22.8199996948242,-4.34999990463257,110,1,0,0,0,0,0
134.426940917969,201.921081542969,51.0669708251953,-1.71165788173676,16.28857421875,0.110015891492367,15.4722347259521,-3.45793342590332,94.6971282958984,0.220004141330719,0.0298122111707926,-0.154465213418007,-8.14554595947266,13.7713499069214,-9.97541702256325e-16,26.8599987030029,-4.30999994277954,116,1,0,0,0,0,0
134.426940917969,201.921081542969,51.0669708251953,-2.38940525054932,16.2682094573975,0.211199894547462,21.5676498413086,-4.5816502571106,98.1582946777344,0.220004141330719,0.0298122111707926,-0.154465213418007,-9.09929370880127,13.1606550216675,-1.11434214584765e-15,28.9200000762939,-4.11999988555908,119,1,0,0,0,0,0
142.923233032227,200.595718383789,50.9547233581543,-3.25772500038147,16.2072315216064,0.346208214759827,25.6307220458984,-4.49204349517822,101.060653686523,0.256961137056351,-0.0884047150611878,-0.185383886098862,-10.4430074691772,12.1220293045044,-1.2788995775546e-15,31.769998550415,-3.92999982833862,124,1,0,0,0,0,0
146.812774658203,199.649627685547,50.8513984680176,-4.19767761230469,16.058931350708,0.527945101261139,25.6307220458984,-4.49204349517822,101.060653686523,0.256961137056351,-0.0884047150611878,-0.185383886098862,-11.2743310928345,11.3529491424561,-1.38070732622129e-15,32.8899993896484,-3.50999999046326,129,1,0,0,0,0,0
150.652267456055,198.460906982422,50.7122459411621,-5.36703491210938,15.7928266525269,0.564731538295746,30.517879486084,-4.01160669326782,106.446517944336,0.157662317156792,-0.185541480779648,-0.221921876072884,-12.4141826629639,10.0939626693726,-1.52029888532439e-15,35.0999984741211,-3.15999984741211,135,1,0,0,0,0,0
154.379043579102,196.998107910156,50.6040267944336,-6.4691367149353,15.4437704086304,0.427043378353119,30.517879486084,-4.01160669326782,106.446517944336,0.157662317156792,-0.185541480779648,-0.221921876072884,-13.0971078872681,9.19052600860596,-1.60393311859127e-15,35.0599975585938,-2.97000002861023,140,1,0,0,0,0,0
157.729187011719,195.376586914062,50.5463409423828,-7.97909212112427,14.8349838256836,0.143377617001534,31.9481658935547,-2.57815551757812,114.847503662109,0.063890315592289,-0.245559200644493,-0.261909753084183,-13.9974822998047,7.75051498413086,-1.71419722068688e-15,36.3699989318848,-2.97000002861023,145,1,0,0,0,0,0
161.533447265625,193.133865356445,50.5196685791016,-9.24828910827637,14.1757764816284,0.152177035808563,33.994987487793,-1.81813824176788,120.082855224609,0.122890576720238,-0.179820880293846,-0.219921886920929,-14.5106716156006,6.74095010757446,-1.77704484191166e-15,36.0499992370605,-2.95000004768372,150,1,0,0,0,0,0
165.442596435547,190.35725402832,50.4659156799317,-10.0836181640625,13.6709871292114,0.228062570095062,33.994987487793,-1.81813824176788,120.082855224609,0.122890576720238,-0.179820880293846,-0.219921886920929,-15.1424055099487,5.16793394088745,-1.85440986669855e-15,37.6100006103516,-2.8199999332428,155,1,0,0,0,0,0
168.87126159668,187.479202270508,50.3680152893067,-11.505838394165,12.6424112319946,0.444763243198395,36.482250213623,-1.89724767208099,127.256980895996,0.0962837487459183,-0.180089622735977,-0.272754967212677,-15.4611253738403,4.1174750328064,-1.89344178018274e-15,37.4899978637695,-2.46000003814697,161,1,0,0,0,0,0
171.597793579102,184.801452636719,50.251880645752,-12.6189222335815,11.6993379592896,0.44280406832695,36.482250213623,-1.89724767208099,127.256980895996,0.0962837487459183,-0.180089622735977,-0.272754967212677,-15.7786464691162,2.65222597122192,-1.93232694520882e-15,38.6499977111816,-2.15999984741211,166,1,0,0,0,0,0
174.116638183594,181.892990112305,50.162826538086,-13.5012865066528,10.8152847290039,0.358967572450638,36.9707527160645,-1.44792199134827,136.2978515625,0.00217811041511595,-0.251754909753799,-0.265650242567062,-15.8970031738281,1.81253504753113,-1.94682137300223e-15,38.3400001525879,-2.04999995231628,170,1,0,0,0,0,0
177.008392333984,177.911041259766,50.0613021850586,-14.5760555267334,9.5208101272583,0.556418240070343,36.9375038146973,-1.29633605480194,142.489669799805,0.0637250691652298,-0.187516942620277,-0.288149654865265,-15.9778823852539,0.840991973876953,-1.95672636452919e-15,37.7199974060059,-1.79999995231628,174,1,0,0,0,0,0
179.378753662109,174.012985229492,49.8808479309082,-15.2006912231445,8.58245944976807,0.832082748413086,37.9796714782715,-1.84073960781097,148.046585083008,0.104000903666019,-0.242536053061485,-0.272352278232574,-15.9947719573975,0.408980011940002,-1.95879460722814e-15,37.0499992370605,-1.29999995231628,177,1,0,0,0,0,0
181.104888916016,170.581954956055,49.6808166503906,-16.0909042358398,6.99929571151733,0.923827826976776,37.7938919067383,-0.682223975658417,154.52278137207,0.104000903666019,-0.242536053061485,-0.272352278232574,-15.9998435974121,0.0706690028309822,-1.95941569413672e-15,34.7099990844727,-0.550000011920929,-179,1,0,0,0,0,0
182.809127807617,166.329833984375,49.463565826416,-16.6208801269531,5.85501384735107,0.730297863483429,37.7938919067383,-0.682223975658417,154.52278137207,-0.159333109855652,-0.277222365140915,-0.204904526472092,-15.9999990463257,0.00552899995818734,-1.95943475237803e-15,32.2700004577637,-0.219999998807907,-177,1,0,0,0,0,0
184.116607666016,161.880081176758,49.3094558715821,-17.2587623596191,4.09787321090698,0.50681209564209,36.1598243713379,-0.0522494539618492,160.971328735352,0.00955341942608356,-0.186169162392616,-0.28716105222702,-16,-6.00000021222513e-06,-1.95943496413627e-15,27.4200000762939,0.0399999991059303,-176,1,0,0,0,0,0
184.978652954102,157.697280883789,49.1954650878906,-17.5881633758545,2.873939037323,0.452424734830856,33.6952514648438,-0.290103107690811,167.406982421875,-0.234149977564812,-0.143635377287865,-0.258945852518082,-16,-6.00000021222513e-06,-1.95943496413627e-15,22.2299995422363,0.329999983310699,-175,1,0,0,0,0,0
184.978652954102,157.697280883789,49.1954650878906,-17.8307075500488,1.6606217622757,0.382452368736267,33.6952514648438,-0.290103107690811,167.406982421875,-0.234149977564812,-0.143635377287865,-0.258945852518082,-16,-6.00000021222513e-06,-1.95943496413627e-15,18.5599994659424,0.439999997615814,-174,1,0,0,0,0,0
185.90104675293,148.766006469727,49.0245819091797,-17.968770980835,0.544354438781738,0.0668293163180351,27.6117725372314,-0.126289874315262,175.328918457031,-0.272115886211395,-0.165896102786064,-0.219022139906883,-16,-6.00000021222513e-06,-1.95943496413627e-15,12.6999998092651,0.469999998807907,-174,1,0,0,0,0,0
185.936294555664,144.064178466797,49.061264038086,-18.0067520141602,-0.565241873264313,-0.44258525967598,27.6117725372314,-0.126289874315262,175.328918457031,-0.272115886211395,-0.165896102786064,-0.219022139906883,-16,-6.00000021222513e-06,-1.95943496413627e-15,8.57999992370605,0.209999993443489,-174,1,0,0,0,0,0
185.72248840332,139.757049560547,49.2286262512207,-17.9177074432373,-1.40426445007324,-0.858971655368805,22.8605041503906,1.18151712417603,-179.693649291992,-0.288376241922379,-0.126679018139839,-0.160187140107155,-16,-6.00000021222513e-06,-1.95943496413627e-15,2.25999999046326,-0.610000014305115,-174,1,0,0,0,0,0
185.380813598633,135.843200683594,49.4638061523438,-17.7339973449707,-1.94188046455383,-0.978281319141388,14.2348785400391,2.48838567733765,-177.027313232422,-0.288376241922379,-0.126679018139839,-0.160187140107155,-16,-6.00000021222513e-06,-1.95943496413627e-15,-1.71999990940094,-1.51999998092651,-174,1,0,0,0,0,0
184.931411743164,131.639907836914,49.7387847900391,-17.5154399871826,-2.22557330131531,-1.10953199863434,14.2348785400391,2.48838567733765,-177.027313232422,-0.287987619638443,-0.090617410838604,-0.0644095465540886,-16,-6.00000021222513e-06,-1.95943496413627e-15,-3.64999985694885,-2.14999985694885,-175,1,0,0,0,0,0
184.428558349609,127.478507995605,50.0298500061035,-17.2968711853027,-2.33887434005737,-1.21447312831879,9.31715965270996,3.32537150382996,-175.915969848633,-0.271253734827042,-0.0303853824734688,-0.0227347109466791,-16,-6.00000021222513e-06,-1.95943496413627e-15,-5,-2.79999995231628,-175,1,0,0,0,0,0
183.816818237305,122.694091796875,50.3927459716797,-17.0801601409912,-2.3229341506958,-1.2139083147049,4.83260154724121,3.79878091812134,-175.817352294922,-0.196084946393967,-0.00457015261054039,0.00661533046513796,-16,-6.00000021222513e-06,-1.95943496413627e-15,-6.19999980926514,-3.77999997138977,-176,1,0,0,0,0,0
183.351348876953,119.005355834961,50.6723937988281,-16.8991851806641,-2.19292187690735,-1.07596468925476,4.83260154724121,3.79878091812134,-175.817352294922,-0.196084946393967,-0.00457015261054039,0.00661533046513796,-16,-6.00000021222513e-06,-1.95943496413627e-15,-6.3899998664856,-4.57999992370605,-176,1,0,0,0,0,0
182.988250732422,115.997688293457,50.8762702941895,-16.7662696838379,-1.91869020462036,-0.722373366355896,-0.871123552322388,2.22407817840576,-176.405197143555,-0.26049131155014,0.122989490628242,0.029554296284914,-16,-6.00000021222513e-06,-1.95943496413627e-15,-5.92000007629395,-4.8899998664856,-177,1,0,0,0,0,0
182.586883544922,112.34513092041,51.0610084533692,-16.6868877410889,-1.61947977542877,-0.395930111408234,-4.43425178527832,0.418678313493729,-176.786102294922,-0.26049131155014,0.122989490628242,0.029554296284914,-16,-6.00000021222513e-06,-1.95943496413627e-15,-4.80999994277954,-5.10999965667725,-177,1,0,0,0,0,0
182.212951660156,108.378326416016,51.1796989440918,-16.6442165374756,-1.29341888427734,-0.0344431065022945,-4.55269432067871,-1.0270254611969,-177.775939941406,-0.0758841782808304,0.0903037115931511,0.03038190305233,-16,-6.00000021222513e-06,-1.95943496413627e-15,-3.94999980926514,-5.10999965667725,-177,1,0,0,0,0,0
181.87712097168,104.095748901367,51.2240867614746,-16.6283760070801,-0.948418438434601,0.24744613468647,-4.55269432067871,-1.0270254611969,-177.775939941406,-0.0524845905601978,0.0528743974864483,0.0763010382652283,-16,-6.00000021222513e-06,-1.95943496413627e-15,-2.97000002861023,-4.98000001907349,-178,1,0,0,0,0,0
181.633941650391,100.148666381836,51.1898155212403,-16.6305713653564,-0.635926246643066,0.532051622867584,-5.24638891220093,-1.7846873998642,-179.31379699707,-0.0524845905601978,0.0528743974864483,0.0763010382652283,-16,-6.00000021222513e-06,-1.95943496413627e-15,-1.33999991416931,-4.67000007629395,-178,1,0,0,0,0,0
181.44482421875,95.8733520507812,51.0860061645508,-16.6760082244873,-0.300483077764511,0.860608994960785,-4.20059728622437,-3.34819412231445,179.016754150391,0.0367712266743183,0.0651445761322975,0.0825381800532341,-16,-6.00000021222513e-06,-1.95943496413627e-15,0.269999980926514,-4.09999990463257,-178,1,0,0,0,0,0
181.281707763672,88.7303848266601,50.7429275512696,-16.7351226806641,-0.0604863986372948,1.05577421188354,-4.20059728622437,-3.34819412231445,179.016754150391,0.0229133740067482,0.0795032307505608,0.0888591632246971,-16,-6.00000021222513e-06,-1.95943496413627e-15,1.30999994277954,-3.60999989509583,-178,1,0,0,0,0,0
181.281707763672,88.7303848266601,50.7429275512696,-16.8094577789307,0.166498139500618,1.03648519515991,-3.04860639572144,-4.24720001220703,177.160247802734,0.0229133740067482,0.0795032307505608,0.0888591632246971,-16,-6.00000021222513e-06,-1.95943496413627e-15,2.8899998664856,-2.97000002861023,-178,1,0,0,0,0,0
181.324035644531,80.4365463256836,50.2919578552246,-16.9022941589355,0.445360064506531,0.869794726371765,-1.86661684513092,-3.41594457626343,174.77033996582,-0.00347964838147163,0.0016533659072593,0.0859246328473091,-16,-6.00000021222513e-06,-1.95943496413627e-15,4.05999994277954,-2.70000004768372,-178,1,0,0,0,0,0
181.435119628906,76.4171905517578,50.1114501953125,-16.9703998565674,0.736444354057312,0.82486367225647,-1.86661684513092,-3.41594457626343,174.77033996582,-0.00347964838147163,0.0016533659072593,0.0859246328473091,-16,-6.00000021222513e-06,-1.95943496413627e-15,5.87999963760376,-2.23000001907349,-178,1,0,0,0,0,0
181.584136962891,72.7084121704101,49.9362449645996,-17.0224342346191,0.924427807331085,0.843807756900787,-0.833499789237976,-3.16810464859009,173.548675537109,0.0802853032946587,0.0240686908364296,0.0265209879726171,-16,-6.00000021222513e-06,-1.95943496413627e-15,6.44000005722046,-2.03999996185303,-178,1,0,0,0,0,0
181.796737670898,68.3578643798828,49.7184944152832,-17.0925464630127,1.07455062866211,0.912605881690979,-0.833499789237976,-3.16810464859009,173.548675537109,0.0802853032946587,0.0240686908364296,0.0265209879726171,-16,-6.00000021222513e-06,-1.95943496413627e-15,7.85999965667725,-1.41999995708466,-178,1,0,0,0,0,0
182.014602661133,64.3056106567382,49.4921188354492,-17.1735763549805,1.12501907348633,0.97732150554657,1.78850317001343,-3.60063409805298,173.080596923828,0.089751236140728,0.027860576286912,0.0155344791710377,-16,-6.00000021222513e-06,-1.95943496413627e-15,8.72000026702881,-0.669999957084656,-177,1,0,0,0,0,0
182.266250610352,59.5479545593261,49.2328987121582,-17.2622814178467,1.10047090053558,0.882644891738892,4.10166549682617,-3.04141426086426,172.734222412109,0.11408644169569,-0.0189016759395599,0.0207375269383192,-16,-6.00000021222513e-06,-1.95943496413627e-15,8.97000026702881,-0.25,-177,1,0,0,0,0,0
182.439926147461,55.8630867004394,49.0471305847168,-17.3656539916992,0.999757528305054,0.738246321678162,4.10166549682617,-3.04141426086426,172.734222412109,0.11408644169569,-0.0189016759395599,0.0207375269383192,-16,-6.00000021222513e-06,-1.95943496413627e-15,8.94999980926514,0.340000003576279,-177,1,0,0,0,0,0
182.616851806641,51.3975753784179,48.8702163696289,-17.41135597229,0.890718877315521,0.562246143817902,7.21189260482788,-1.9976943731308,172.547561645508,0.0479897111654282,-0.0962334722280502,-0.0265067629516125,-16,-6.00000021222513e-06,-1.95943496413627e-15,8.59999942779541,0.599999964237213,-177,1,0,0,0,0,0
182.740676879883,47.6180915832519,48.7848930358887,-17.4605293273926,0.762822329998016,0.0838053598999977,7.21189260482788,-1.9976943731308,172.547561645508,0.0479897111654282,-0.0962334722280502,-0.0265067629516125,-16,-6.00000021222513e-06,-1.95943496413627e-15,8.14999961853027,0.659999966621399,-177,1,0,0,0,0,0
182.874328613281,43.1152572631836,48.786075592041,-17.4627361297607,0.698943018913269,-0.274609446525574,5.80506038665771,0.00319193955510855,173.994842529297,-0.125986963510513,-0.0296537317335606,-0.0880639404058456,-16,-6.00000021222513e-06,-1.95943496413627e-15,7.98999977111816,0.509999990463257,-177,1,0,0,0,0,0
182.992568969727,38.6325645446777,48.8956146240235,-17.4043025970459,0.569908499717712,-0.566751420497894,4.34942579269409,0.907107710838318,175.006744384766,0.104982495307922,-0.0470799915492535,-0.0294190514832735,-16,-6.00000021222513e-06,-1.95943496413627e-15,7.61999988555908,0.0999999940395355,-176,1,0,0,0,0,0
183.068832397461,34.5057640075683,49.030933380127,-17.3439197540283,0.409690946340561,-0.553100824356079,6.93619537353516,1.47207176685333,175.019195556641,0.108977742493153,0.0192529577761889,0.0179069936275482,-15.9999952316284,-0.0123939998447895,-1.95943432886156e-15,7.09999990463257,-0.0999999940395355,-176,1,0,0,0,0,0
183.109191894531,30.724853515625,49.1336784362793,-17.2568798065186,0.256530493497849,-0.284709960222244,6.93619537353516,1.47207176685333,175.019195556641,0.108977742493153,0.0192529577761889,0.0179069936275482,-15.9962453842163,-0.346610009670258,-1.95897502524591e-15,6.33999967575073,-0.209999993443489,-176,1,0,0,0,0,0
183.133331298828,26.2688121795654,49.1807899475098,-17.2023677825928,0.184222280979156,-0.138696849346161,8.70990753173828,1.15047442913055,174.616806030273,-0.092534102499485,0.0172261223196983,-0.0268970485776663,-15.9962453842163,-0.346610009670258,-1.95897502524591e-15,7.00999975204468,-0.159999996423721,-176,1,0,0,0,0,0
183.148147583008,22.1616535186767,49.1770133972168,-17.1771030426025,0.103746481239796,0.112623907625675,6.64593267440796,0.107206650078297,176.638229370117,-0.092534102499485,0.0172261223196983,-0.0268970485776663,-15.9920997619629,-0.502731025218964,-1.95846744075227e-15,7.23000001907349,0.0499999970197678,-175,1,0,0,0,0,0
183.146041870117,18.4277324676513,49.1196403503418,-17.1674556732178,-0.0238829292356968,0.186245337128639,6.64593267440796,0.107206650078297,176.638229370117,-0.0683067888021469,-0.00714216521009804,-0.108464315533638,-15.886833190918,-1.89961302280426,-1.94557602281153e-15,10.25,0.319999992847443,-173,1,0,0,0,0,0
183.11442565918,14.3119087219238,49.0492324829102,-17.1587448120117,-0.106104128062725,0.166221261024475,5.68829298019409,0.841645658016205,177.963745117188,-0.0043615666218102,-0.00947554688900709,-0.00826338399201631,-15.5575799942017,-3.73653602600098,-1.90525407814867e-15,11.5299997329712,0.529999971389771,-171,1,0,0,0,0,0
183.068603515625,10.1906442642212,48.9961242675781,-17.1518955230713,-0.223422318696976,0.166570797562599,8.00267028808594,0.620799839496613,177.617477416992,-0.0043615666218102,-0.00947554688900709,-0.00826338399201631,-15.4216928482056,-4.2627911567688,-1.88861263359221e-15,19.2799987792969,0.759999990463257,-166,1,0,0,0,0,0
182.991256713867,5.75467967987056,48.9378814697266,-17.1490497589111,-0.395512610673904,0.340847074985504,8.00267028808594,0.620799839496613,177.617477416992,0.198049813508987,0.0449798218905926,0.00554859451949596,-15.4216928482056,-4.2627911567688,-1.88861263359221e-15,19.7999992370605,1.0699999332428,-165,1,0,0,0,0,0
182.855728149414,1.30242514610286,48.8251342773438,-17.1609840393066,-0.816394746303558,0.420967191457748,12.5713272094727,0.435981869697571,178.116638183594,0.225820705294609,-0.0406446680426598,-0.0530149787664413,-14.1797571182251,-7.41178035736084,-1.73651939758322e-15,28.8400001525879,1.59999990463257,-156,1,0,0,0,0,0
182.637237548828,-2.82010698318485,48.7036056518555,-17.1581726074219,-1.26584899425507,0.382482171058655,12.5713272094727,0.435981869697571,178.116638183594,0.225820705294609,-0.0406446680426598,-0.0530149787664413,-14.1797571182251,-7.41178035736084,-1.73651939758322e-15,29.0100002288818,1.89999997615814,-155,1,0,0,0,0,0
182.275939941406,-7.28440332412724,48.5876922607422,-17.1659908294678,-1.90268981456757,0.488346189260483,18.3926563262939,0.926518261432648,-179.764984130859,0.262499868869781,0.0270797647535801,-0.108661621809006,-12.6532506942749,-9.79261207580566,-1.54957626150888e-15,32.8199996948242,2.26999998092651,-149,1,0,0,0,0,0
181.73681640625,-11.7577028274537,48.4406509399414,-17.1685619354248,-2.63466334342957,0.651213049888611,18.3926563262939,0.926518261432648,-179.764984130859,0.262499868869781,0.0270797647535801,-0.108661621809006,-11.5439939498901,-11.0786371231079,-1.41373155264796e-15,35.0400009155273,2.99000000953674,-145,1,0,0,0,0,0
181.294860839844,-14.5237188339234,48.3284339904785,-17.1566715240479,-3.32292556762695,0.705532610416412,27.0626220703125,0.412362962961197,-174.604248046875,0.280245244503021,-0.1135184019804,-0.198068588972092,-11.1446781158447,-11.4802503585815,-1.36482948186677e-15,37.9099998474121,3.52999997138977,-137,1,0,0,0,0,0
180.282775878906,-19.3734722137452,48.1010284423828,-17.0851573944092,-4.62755155563354,0.778886258602142,31.6037540435791,0.182234138250351,-169.989288330078,0.280245244503021,-0.1135184019804,-0.198068588972092,-9.41304302215576,-12.9381074905396,-1.15276536028012e-15,41.9300003051758,4.3600001335144,-130,1,0,0,0,0,0
179.130065917969,-23.5281105041504,47.8822212219238,-16.9868679046631,-5.8091926574707,1.02303743362427,31.6037540435791,0.182234138250351,-169.989288330078,0.184775650501251,-0.120655499398708,-0.230774879455566,-8.47425079345703,-13.57155418396,-1.03779641367899e-15,41.689998626709,5.04999971389771,-128,1,0,0,0,0,0
177.446655273438,-28.3240852355957,47.5755424499512,-16.790584564209,-7.20486259460449,1.17667508125305,35.4016456604004,-1.58545207977295,-164.737075805664,0.204626828432083,-0.123706877231598,-0.307029068470001,-6.98798561096191,-14.3933334350586,-8.55781474110457e-16,44.75,6.23000001907349,-119,1,0,0,0,0,0
175.666137695312,-32.396411895752,47.2643585205078,-16.4528617858887,-8.71504592895508,1.27678453922272,38.0948219299316,-2.26512241363525,-155.20849609375,0.204626828432083,-0.123706877231598,-0.307029068470001,-5.95233011245728,-14.8515911102295,-7.28950201659946e-16,44.75,7.04999971389771,-117,1,0,0,0,0,0
173.744674682617,-36.0477752685547,46.9382057189942,-16.0024127960205,-10.1285381317139,1.32743692398071,38.0948219299316,-2.26512241363525,-155.20849609375,0.128812357783318,-0.242374897003174,-0.31934380531311,-4.36818027496338,-15.3921737670898,-5.34947787124071e-16,44.7399978637695,8.4399995803833,-107,1,0,0,0,0,0
171.06396484375,-40.2402420043946,46.5386505126953,-15.2274675369263,-11.9391069412231,1.2330709695816,41.1380729675293,-2.36518049240112,-147.934295654297,0.112227723002434,-0.308379948139191,-0.284782022237778,-3.35234999656677,-15.6448631286621,-4.10544481677306e-16,44.7599983215332,9.27999973297119,-102,1,0,0,0,0,0
167.900451660156,-44.2284126281739,46.1576042175293,-14.2728500366211,-13.6352043151855,1.07918620109558,42.5234413146973,-1.65612494945526,-140.846282958984,0.073327973484993,-0.345356225967407,-0.282635539770126,-2.00261092185974,-15.8741788864136,-2.45249098984842e-16,44.7700004577637,10.5,-97,1,0,0,0,0,0
164.548522949219,-47.6718559265137,45.8269653320313,-12.9931411743164,-15.3960971832275,0.858159065246582,42.5234413146973,-1.65612494945526,-140.846282958984,0.073327973484993,-0.345356225967407,-0.282635539770126,-0.712464034557343,-15.9841299057007,-8.72516793740283e-17,44.7700004577637,11.2299995422363,-95,1,0,0,0,0,0
160.480880737305,-51.0713844299317,45.4972686767578,-11.6143264770508,-16.8644351959229,0.643794298171997,44.6316986083984,0.380180388689041,-124.705345153809,0.073327973484993,-0.345356225967407,-0.282635539770126,-0.497287005186081,-15.9922704696655,-6.09000939556979e-17,44.7700004577637,12.3099994659424,-89,1,0,0,0,0,0
155.644683837891,-54.2896919250489,45.2027244567871,-9.87954139709473,-18.2779235839844,0.383108824491501,44.6316986083984,0.380180388689041,-124.705345153809,0.0575280785560608,-0.382499575614929,-0.301750928163528,-0.044208999723196,-15.9999389648438,-5.41404103858615e-18,44.7700004577637,12.9099998474121,-87,1,0,0,0,0,0
151.582809448242,-56.4390525817871,45.0286369323731,-7.98542833328247,-19.4044666290283,0.0877036228775978,45.730884552002,0.784303069114685,-116.116905212402,0.0352912917733192,-0.347461491823196,-0.331888854503632,-0.00145500001963228,-16,-1.78186103526739e-19,42.4699974060059,13.5999994277954,-83,1,0,0,0,0,0
147.267074584961,-58.212158203125,44.9172286987305,-5.38543701171875,-20.3895053863525,-0.336442142724991,45.8074989318848,2.34403848648071,-103.381958007812,0.0352912917733192,-0.347461491823196,-0.331888854503632,-3.00000010611257e-06,-16,-3.67394031065145e-22,36.6499977111816,13.8800001144409,-82,1,0,0,0,0,0
142.005859375,-59.7343521118164,44.8915672302246,-3.38904166221619,-20.8022880554199,-0.713005661964417,45.8074989318848,2.34403848648071,-103.381958007812,-0.064492754638195,-0.350590616464615,-0.297462373971939,-3.00000010611257e-06,-16,-3.67394031065145e-22,31.4899997711182,13.8199996948242,-81,1,0,0,0,0,0
136.607559204102,-60.6477279663086,44.9874572753906,-0.839463412761688,-20.8880996704102,-1.44878649711609,43.4939270019531,4.38698577880859,-90.2546081542969,-0.064492754638195,-0.350590616464615,-0.297462373971939,-3.00000010611257e-06,-16,-3.67394031065145e-22,24.5299987792969,13.3699998855591,-80,1,0,0,0,0,0
131.609252929688,-60.908260345459,45.2433013916016,1.32520353794098,-20.53395652771,-2.20725417137146,43.4939270019531,4.38698577880859,-90.2546081542969,-0.205502852797508,-0.453480124473572,-0.275124818086624,-3.00000010611257e-06,-16,-3.67394031065145e-22,12.1499996185303,11.9799995422363,-80,1,0,0,0,0,0
126.704811096191,-60.6671180725098,45.6898574829102,2.85862016677856,-19.9287719726562,-2.93069982528687,33.5245590209961,8.74909400939941,-77.9477691650391,-0.205502852797508,-0.453480124473572,-0.275124818086624,-3.00000010611257e-06,-16,-3.67394031065145e-22,4.80999994277954,10.7299995422363,-80,1,0,0,0,0,0
121.146629333496,-59.9059829711914,46.4341773986817,3.88117456436157,-19.2107486724854,-3.72734308242798,24.6160869598389,11.0494794845581,-72.4813003540039,-0.493456363677979,-0.286185473203659,-0.197420001029968,-3.00000010611257e-06,-16,-3.67394031065145e-22,-4.73999977111816,7.96999979019165,-81,1,0,0,0,0,0
117.319160461426,-59.1255187988282,47.1413307189942,4.51763105392456,-18.4206390380859,-4.05537176132202,24.6160869598389,11.0494794845581,-72.4813003540039,-0.540805637836456,-0.158420458436012,-0.210792407393455,-3.00000010611257e-06,-16,-3.67394031065145e-22,-8.78999996185303,6.05999994277954,-81,1,0,0,0,0,0
112.53742980957,-57.9797515869141,48.1845016479492,4.79810047149658,-17.5347785949707,-4.4774956703186,15.2681312561035,13.1358480453491,-66.6571273803711,-0.540805637836456,-0.158420458436012,-0.210792407393455,-3.00000010611257e-06,-16,-3.67394031065145e-22,-12.960000038147,2.72000002861023,-82,1,0,0,0,0,0
108.334274291992,-56.8689079284668,49.2553787231445,4.66719627380371,-16.8350410461426,-4.70330572128296,15.2681312561035,13.1358480453491,-66.6571273803711,-0.492590993642807,-0.149453788995743,-0.12660701572895,-3.00000010611257e-06,-16,-3.67394031065145e-22,-14.2799997329712,-0.959999978542328,-83,1,0,0,0,0,0
103.969306945801,-55.6824035644531,50.51611328125,4.34499549865723,-16.4031925201416,-4.47957563400269,1.79502296447754,13.5497245788574,-64.6029739379883,-0.492590993642807,-0.149453788995743,-0.12660701572895,-3.00000010611257e-06,-16,-3.67394031065145e-22,-14.1599998474121,-3.14999985694885,-84,1,0,0,0,0,0
99.7400283813476,-54.5910453796387,51.7468910217285,3.81196117401123,-15.9386358261108,-3.8759434223175,1.79502296447754,13.5497245788574,-64.6029739379883,-0.407890439033508,0.0914601236581802,-0.0387936048209667,-3.00000010611257e-06,-16,-3.67394031065145e-22,-13.4899997711182,-6.10999965667725,-85,1,0,0,0,0,0
96.2478942871094,-53.7554550170899,52.6988983154297,3.55339336395264,-15.7582359313965,-3.48555541038513,1.79502296447754,13.5497245788574,-64.6029739379883,-0.407890439033508,0.0914601236581802,-0.0387936048209667,-3.00000010611257e-06,-16,-3.67394031065145e-22,-13.289999961853,-6.94999980926514,-86,1,0,0,0,0,0
88.8133544921875,-52.1682395935059,54.3900108337402,3.04277420043945,-15.4873828887939,-2.56981873512268,-5.92228651046753,10.542179107666,-64.3763885498047,-0.0836272463202477,0.117418684065342,0.0829204842448234,-3.00000010611257e-06,-16,-3.67394031065145e-22,-12.5799999237061,-9.11999988555908,-87,1,0,0,0,0,0
88.8133544921875,-52.1682395935059,54.3900108337402,2.65261387825012,-15.3859233856201,-1.81380307674408,-8.39452171325684,6.59736347198486,-67.1545333862305,-0.0836272463202477,0.117418684065342,0.0829204842448234,-3.00000010611257e-06,-16,-3.67394031065145e-22,-11.5500001907349,-10.6099996566772,-88,1,0,0,0,0,0
84.8338165283203,-51.4327468872071,55.0246353149414,2.22864317893982,-15.3500099182129,-0.775584757328033,-9.97568321228027,1.71648144721985,-69.7422943115234,-0.0858009830117226,0.161430805921555,0.160397812724113,-3.00000010611257e-06,-16,-3.67394031065145e-22,-10.7699995040894,-11.2199993133545,-88,1,0,0,0,0,0
81.178970336914,-50.844955444336,55.4201354980469,1.9275404214859,-15.3925285339355,0.139955103397369,-9.97568321228027,1.71648144721985,-69.7422943115234,-0.0429017841815948,0.278541386127472,0.132369235157967,-3.00000010611257e-06,-16,-3.67394031065145e-22,-9.6899995803833,-11.4299993515015,-89,1,0,0,0,0,0
77.231460571289,-50.2972145080567,55.5860786437988,1.56397247314453,-15.5373477935791,0.92684143781662,-10.2076387405396,-3.98121428489685,-71.7682113647461,-0.0429017841815948,0.278541386127472,0.132369235157967,-3.00000010611257e-06,-16,-3.67394031065145e-22,-8.84999942779541,-11.2199993133545,-89,1,0,0,0,0,0
69.8371505737305,-49.5150032043457,55.3171539306641,1.24837577342987,-15.7399616241455,1.48336172103882,-9.33984851837158,-6.98824119567871,-73.382568359375,0.099286861717701,0.134970083832741,0.111221216619015,-3.00000010611257e-06,-16,-3.67394031065145e-22,-7.5,-10.6199998855591,-90,1,0,0,0,0,0
66.3898391723633,-49.2573471069336,55.0275840759277,0.947368323802948,-15.9834890365601,2.01356911659241,-9.33984851837158,-6.98824119567871,-73.382568359375,0.099286861717701,0.134970083832741,0.111221216619015,-3.00000010611257e-06,-16,-3.67394031065145e-22,-6.57999992370605,-10.0299997329712,-90,1,0,0,0,0,0
62.2633628845215,-49.0402221679688,54.5517311096191,0.623357117176056,-16.2793045043945,2.45980286598206,-9.46264457702637,-9.81089687347412,-75.8667144775391,0.00619423668831587,0.0864573270082474,0.140909433364868,-3.00000010611257e-06,-16,-3.67394031065145e-22,-5.02999973297119,-8.81999969482422,-91,1,0,0,0,0,0
58.3473968505859,-48.929428100586,54.0155372619629,0.153828844428062,-16.7455291748047,2.78162550926208,-8.26364898681641,-11.3000745773315,-80.1946334838867,0.00619423668831587,0.0864573270082474,0.140909433364868,-3.00000010611257e-06,-16,-3.67394031065145e-22,-2.84999990463257,-7.3899998664856,-91,1,0,0,0,0,0
54.3209342956543,-48.9149932861328,53.4216957092285,-0.163001224398613,-17.0373649597168,2.96787071228027,-8.26364898681641,-11.3000745773315,-80.1946334838867,0.0308903381228447,-0.018542805686593,0.138731315732002,-3.00000010611257e-06,-16,-3.67394031065145e-22,-1.27999997138977,-6.31999969482422,-91,1,0,0,0,0,0
49.5522575378418,-49.0211906433106,52.6865234375,-0.586136996746063,-17.4885635375977,2.92912101745605,-7.34710121154785,-11.1116790771484,-82.7642440795898,0.0439765751361847,-0.0290050730109215,0.0831693410873413,-3.00000010611257e-06,-16,-3.67394031065145e-22,0.379999995231628,-5.23999977111816,-91,1,0,0,0,0,0
45.7060966491699,-49.1870536804199,52.1273536682129,-0.945009469985962,-17.8861865997314,2.69566106796265,-7.34710121154785,-11.1116790771484,-82.7642440795898,0.0439765751361847,-0.0290050730109215,0.0831693410873413,-3.00000010611257e-06,-16,-3.67394031065145e-22,2.8899998664856,-3.79999995231628,-90,1,0,0,0,0,0
41.0898475646972,-49.4597930908203,51.5259780883789,-1.27086734771729,-18.1864376068115,2.3059298992157,-5.07146501541138,-9.37800598144531,-85.9148406982422,0.169754087924957,-0.0839623212814331,0.135677322745323,-3.00000010611257e-06,-16,-3.67394031065145e-22,5.35999965667725,-2.60999989509583,-90,1,0,0,0,0,0
36.8651809692383,-49.7752113342285,51.053581237793,-1.46054422855377,-18.3662891387939,2.01102805137634,-1.40533900260925,-7.83192014694214,-88.3821487426758,0.209016129374504,-0.0265409909188747,0.102222710847855,-3.00000010611257e-06,-16,-3.67394031065145e-22,6.73000001907349,-1.91999995708466,-90,1,0,0,0,0,0
32.1468925476074,-50.1657752990723,50.6327743530274,-1.55219340324402,-18.51220703125,1.51022803783417,2.30494475364685,-5.42744493484497,-89.5515823364258,0.175538957118988,-0.14146526157856,0.0200203824788332,-3.00000010611257e-06,-16,-3.67394031065145e-22,7.75,-1.43999993801117,-89,1,0,0,0,0,0
27.7388687133789,-50.5383071899414,50.3794822692871,-1.5414457321167,-18.6017951965332,0.816472291946411,2.30494475364685,-5.42744493484497,-89.5515823364258,0.175538957118988,-0.14146526157856,0.0200203824788332,-3.00000010611257e-06,-16,-3.67394031065145e-22,8.60999965667725,-1.1599999666214,-89,1,0,0,0,0,0
22.9984397888183,-50.9243888854981,50.2213554382324,-1.47108280658722,-18.5836505889893,0.441878110170364,5.74195003509521,-2.34203267097473,-89.3922348022461,0.0349541120231152,-0.0581117384135723,-0.0250161569565535,-3.00000010611257e-06,-16,-3.67394031065145e-22,8.77999973297119,-1.10000002384186,-89,1,0,0,0,0,0
18.975456237793,-51.2331962585449,50.1345176696777,-1.40037572383881,-18.5243892669678,0.120145969092846,5.74195003509521,-2.34203267097473,-89.3922348022461,0.0349541120231152,-0.0581117384135723,-0.0250161569565535,-3.00000010611257e-06,-16,-3.67394031065145e-22,9.02999973297119,-1.0900000333786,-88,1,0,0,0,0,0
14.60364818573,-51.5468940734863,50.1165466308594,-1.29189240932465,-18.4019374847412,-0.219652399420738,6.06825971603394,-0.108942054212093,-87.9531784057617,-0.00744822528213263,-0.101741634309292,-0.0664728879928589,-3.00000010611257e-06,-16,-3.67394031065145e-22,8.94999980926514,-1.37999999523163,-88,1,0,0,0,0,0
10.6261577606201,-51.8094482421875,50.1540718078613,-1.11482048034668,-18.1972255706787,-0.464714735746384,7.25655698776245,1.61747920513153,-86.4675979614258,-0.00744822528213263,-0.101741634309292,-0.0664728879928589,-3.00000010611257e-06,-16,-3.67394031065145e-22,8.63999938964844,-1.59999990463257,-88,1,0,0,0,0,0
5.62225770950316,-52.0950202941895,50.2540817260742,-0.892393231391907,-17.9694747924805,-0.677408397197723,7.25655698776245,1.61747920513153,-86.4675979614258,0.0833114311099052,-0.0700783208012581,-0.0423482991755009,-3.00000010611257e-06,-16,-3.67394031065145e-22,8.17000007629395,-1.87999999523163,-87,1,0,0,0,0,0
1.75125002861021,-52.2649612426758,50.3812294006348,-0.662730634212494,-17.7692489624023,-0.815385043621063,9.08912658691406,2.29603385925293,-85.907356262207,0.0678654313087463,-0.00693303672596812,-0.0128961801528931,-3.00000010611257e-06,-16,-3.67394031065145e-22,6.96000003814697,-2.47000002861023,-87,1,0,0,0,0,0
-3.48302173614504,-52.418025970459,50.6063194274902,-0.312972843647003,-17.5228004455566,-0.975582480430603,10.6565418243408,2.36875820159912,-86.1607360839844,0.177601382136345,0.0119143771007657,0.00718209287151694,-3.00000010611257e-06,-16,-3.67394031065145e-22,5.92999982833862,-2.91999983787537,-87,1,0,0,0,0,0
-6.92818737030031,-52.458324432373,50.7737922668457,-0.0212866347283125,-17.3361701965332,-0.818181216716766,10.3544130325317,1.5544695854187,-86.247200012207,0.177601382136345,0.0119143771007657,0.00718209287151694,-3.00000010611257e-06,-16,-3.67394031065145e-22,4.13000011444092,-3.5,-87,1,0,0,0,0,0
-11.369086265564,-52.4488525390625,50.9603652954102,0.180221930146217,-17.2152442932129,-0.713345170021057,10.3544130325317,1.5544695854187,-86.247200012207,-0.094210185110569,0.019086254760623,0.00964716263115406,-3.00000010611257e-06,-16,-3.67394031065145e-22,3.07999992370605,-3.84999990463257,-87,1,0,0,0,0,0
-15.8280744552613,-52.3928451538086,51.0947570800781,0.230475008487701,-17.1500701904297,-0.333819359540939,8.85370445251465,0.288370281457901,-86.5660018920898,-0.198580145835876,0.0974952653050423,-0.00387815013527871,-3.00000010611257e-06,-16,-3.67394031065145e-22,2.37999987602234,-4.01999998092651,-87,1,0,0,0,0,0
-19.9389114379883,-52.3463897705078,51.1000747680664,0.221673145890236,-17.1627578735352,0.26292496919632,8.85370445251465,0.288370281457901,-86.5660018920898,-0.198580145835876,0.0974952653050423,-0.00387815013527871,-3.00000010611257e-06,-16,-3.67394031065145e-22,2.39999985694885,-3.73000001907349,-87,1,0,0,0,0,0
-24.0840454101563,-52.3168907165527,50.9516372680664,0.211142748594284,-17.2068786621094,0.819037079811096,4.64773178100586,-3.17272615432739,-83.5305328369141,-0.085832417011261,0.0654851272702217,-0.138485088944435,-3.00000010611257e-06,-16,-3.67394031065145e-22,2.36999988555908,-2.8899998664856,-87,1,0,0,0,0,0
-28.2433624267578,-52.2928047180176,50.6954116821289,0.224005669355392,-17.283052444458,1.0216029882431,2.85521960258484,-3.22208833694458,-81.8828735351562,-0.085832417011261,0.0654851272702217,-0.138485088944435,-3.00000010611257e-06,-16,-3.67394031065145e-22,2.32999992370605,-2.25,-87,1,0,0,0,0,0
-32.0664596557617,-52.2728271484375,50.4280738830566,0.202312186360359,-17.3630046844482,1.09554946422577,2.85521960258484,-3.22208833694458,-81.8828735351562,-0.067212387919426,-0.0333005674183369,-0.0260823667049408,-3.00000010611257e-06,-16,-3.67394031065145e-22,2.30999994277954,-1.4099999666214,-87,0,0,0,0,0,1
-35.5402145385742,-52.2537803649902,50.1939659118652,0.145669281482697,-17.4277935028076,1.20658493041992,2.03172779083252,-3.26492261886597,-83.0746383666992,-0.067212387919426,-0.0333005674183369,-0.0260823667049408,-3.00000010611257e-06,-16,-3.67394031065145e-22,2.54999995231628,-0.789999961853027,-87,0,0,0,0,0,1
-39.7482986450196,-52.2481384277344,49.8998603820801,0.0712620690464973,-17.5180835723877,1.03160750865936,1.31233477592468,-2.78233861923218,-84.130256652832,-0.101400531828403,0.00221422128379346,0.0709316059947014,-3.00000010611257e-06,-16,-3.67394031065145e-22,2.96000003814697,-0.00999999977648258,-87,0,0,0,0,0,1
-43.9623527526856,-52.2626762390137,49.6300010681152,0.00454054307192564,-17.5532531738281,0.816868662834167,1.31233477592468,-2.78233861923218,-84.130256652832,0.0826995000243187,-0.0836959332227707,0.0632108598947525,-3.00000010611257e-06,-16,-3.67394031065145e-22,3.27999997138977,0.370000004768372,-87,0,0,0,0,0,1
-48.8621902465821,-52.3078804016113,49.3820114135742,-0.0539405420422554,-17.6006240844727,0.471392512321472,2.58834052085876,-1.62750244140625,-85.5693130493164,-0.00954137183725834,-5.91554271522816e-05,0.0763813704252243,-3.00000010611257e-06,-16,-3.67394031065145e-22,3.77999997138977,0.680000007152557,-87,0,0,0,0,0,1
-53.0972290039063,-52.3690452575683,49.2561073303223,-0.160703286528587,-17.6266384124756,0.012442440725863,3.24634408950806,-1.14261150360107,-87.4194641113281,-0.00954137183725834,-5.91554271522816e-05,0.0763813704252243,-3.00000010611257e-06,-16,-3.67394031065145e-22,4.17000007629395,0.620000004768372,-87,0,0,0,0,0,1
-57.6991157531738,-52.464714050293,49.2353591918945,-0.434265732765198,-17.6173973083496,0.0515413135290146,1.01872277259827,-1.0386289358139,-87.9647369384766,0.0578284002840519,-0.0227251723408699,0.100073702633381,-3.00000010611257e-06,-16,-3.67394031065145e-22,5.92000007629395,0.599999964237213,-87,0,0,0,0,0,1
-61.2345237731934,-52.591667175293,49.2293128967285,-0.66206294298172,-17.5866832733154,0.311462640762329,1.01872277259827,-1.0386289358139,-87.9647369384766,-0.123672105371952,-0.00641486002132298,-0.0898279845714569,-3.00000010611257e-06,-16,-3.67394031065145e-22,7.21999979019165,0.879999995231628,-87,0,0,0,0,0,1
-65.8392562866211,-52.8281593322754,49.1343612670898,-0.583615660667419,-17.4899520874023,0.139260321855545,0.987491250038147,-0.422298103570938,-85.4543991088867,0.0685073658823967,-0.0947549045085907,-0.128593787550926,-3.00000010611257e-06,-16,-3.67394031065145e-22,7.62999963760376,1.18999993801117,-86,0,0,0,0,0,1
-70.381820678711,-53.0527153015137,49.0436325073242,-0.351611584424973,-17.3609199523926,-0.186955630779266,8.01504135131836,2.11860466003418,-86.572395324707,0.0685073658823967,-0.0947549045085907,-0.128593787550926,-3.00000010611257e-06,-16,-3.67394031065145e-22,6.76999998092651,1.14999997615814,-86,0,0,0,0,0,1
-78.6715240478516,-53.2488746643066,49.2246131896973,-0.176888361573219,-17.1099395751953,-0.791967451572418,7.16983413696289,3.53981137275696,-89.7370071411133,-0.158433437347412,0.00837767217308284,0.0719271674752235,-3.00000010611257e-06,-16,-3.67394031065145e-22,5.85999965667725,0.459999978542328,-86,0,0,0,0,0,1
-82.7145462036133,-53.3271827697754,49.4043235778809,-0.203473627567291,-16.9391250610352,-0.657996475696564,7.16983413696289,3.53981137275696,-89.7370071411133,-0.158433437347412,0.00837767217308284,0.0719271674752235,-3.00000010611257e-06,-16,-3.67394031065145e-22,5.96999979019165,0.0899999961256981,-86,0,0,0,0,0,1
-82.7145462036133,-53.3271827697754,49.4043235778809,-0.293506324291229,-16.7288208007812,-0.573302984237671,4.97086334228516,3.8456666469574,-88.4124755859375,-0.158433437347412,0.00837767217308284,0.0719271674752235,-3.00000010611257e-06,-16,-3.67394031065145e-22,6.56999969482422,-0.140000000596046,-86,0,0,0,0,0,1
-86.749153137207,-53.4334335327148,49.5229377746582,-0.417805045843124,-16.4977931976318,-0.664521098136902,3.79221320152283,4.5093879699707,-86.0469436645508,-0.139593303203583,-0.027901716530323,-0.11277686804533,-3.00000010611257e-06,-16,-3.67394031065145e-22,7.31999969482422,-0.389999985694885,-86,0,0,0,0,0,1
-91.0646286010742,-53.5909042358398,49.6492805480957,-0.420667350292206,-16.2385139465332,-0.790754377841949,3.79221320152283,4.5093879699707,-86.0469436645508,-0.0473042614758015,-0.043986801058054,-0.143646582961082,-3.00000010611257e-06,-16,-3.67394031065145e-22,7.84999990463257,-0.839999973773956,-85,0,0,0,0,0,1
-99.1280059814453,-53.8905754089355,50.0358924865723,-0.336955100297928,-15.8802375793457,-1.06639611721039,4.94389772415161,5.60924911499023,-84.0693435668945,0.145526334643364,-0.0842418521642685,0.00774074997752906,-3.00000010611257e-06,-16,-3.67394031065145e-22,7.75999975204468,-1.32999992370605,-85,0,0,0,0,0,1
-99.1280059814453,-53.8905754089355,50.0358924865723,-0.283777564764023,-15.4931297302246,-1.19062471389771,7.26121664047241,8.05616283416748,-85.2038726806641,0.145526334643364,-0.0842418521642685,0.00774074997752906,-3.00000010611257e-06,-16,-3.67394031065145e-22,7.51999998092651,-2.25999999046326,-85,0,0,0,0,0,1
-106.544357299805,-54.0733909606933,50.6556282043457,-0.186340838670731,-15.0761013031006,-1.66923177242279,7.26121664047241,8.05616283416748,-85.2038726806641,0.0334990695118904,-0.0752055197954178,0.0454805195331574,-3.00000010611257e-06,-16,-3.67394031065145e-22,7.44000005722046,-3.05999994277954,-85,0,0,0,0,0,1
-109.791137695313,-54.1167106628418,51.0685539245605,-0.0180557165294886,-14.6291856765747,-1.93036496639252,8.68674755096436,9.21882343292236,-84.4249954223633,-0.0649347901344299,-0.0135092064738274,-0.0458696931600571,-3.00000010611257e-06,-16,-3.67394031065145e-22,6.5,-4.71000003814697,-85,0,0,0,0,0,1
-113.540252685547,-54.1371955871582,51.6004981994629,0.0649262368679047,-14.247428894043,-1.85383069515228,8.68674755096436,9.21882343292236,-84.4249954223633,-0.0649347901344299,-0.0135092064738274,-0.0458696931600571,-3.00000010611257e-06,-16,-3.67394031065145e-22,6,-6.21999979019165,-84,0,0,0,0,0,1
-116.931671142578,-54.1420059204101,52.0577201843262,0.100089356303215,-13.9475917816162,-1.76050555706024,5.76152324676514,8.6450834274292,-83.746955871582,-0.138271987438202,-0.0122053595259786,-0.0210590660572052,-3.00000010611257e-06,-16,-3.67394031065145e-22,5.81999969482422,-7.11999988555908,-84,0,0,0,0,0,1
-120.257705688477,-54.1380004882812,52.5064849853515,0.128352358937263,-13.6594009399414,-1.77601182460785,5.76152324676514,8.6450834274292,-83.746955871582,-0.138271987438202,-0.0122053595259786,-0.0210590660572052,-3.00000010611257e-06,-16,-3.67394031065145e-22,5.6399998664856,-8.61999988555908,-84,0,0,0,0,0,1
-123.767120361328,-54.1291160583496,52.9986991882324,0.107224874198437,-13.3143787384033,-1.58630967140198,5.79038143157959,9.14356803894043,-84.0842361450195,-0.0417602807283401,0.0162919200956821,0.0353394486010075,-3.00000010611257e-06,-16,-3.67394031065145e-22,5.73999977111816,-9.53999996185303,-84,0,0,0,0,0,1
-127.211929321289,-54.129108428955,53.4096755981445,0.114691652357578,-13.0573024749756,-1.07812643051147,6.41426992416382,7.38283348083496,-84.1975631713867,0.121337532997131,0.112058848142624,-0.0229431577026844,-3.00000010611257e-06,-16,-3.67394031065145e-22,5.75,-10.2299995422363,-84,0,0,0,0,0,1
-130.333251953125,-54.1312294006347,53.6400642395019,0.14571712911129,-12.8775053024292,-0.307210922241211,6.41426992416382,7.38283348083496,-84.1975631713867,0.121337532997131,0.112058848142624,-0.0229431577026844,-3.00000010611257e-06,-16,-3.67394031065145e-22,5.60999965667725,-10.6399993896484,-84,0,0,0,0,0,1
-133.174575805664,-54.1278076171875,53.6916847229004,0.122123710811138,-12.7624034881592,0.343151539564133,7.31595325469971,4.4259033203125,-83.9415664672852,-0.0595021545886993,0.109571874141693,-0.031693235039711,9.99999974737875e-06,-16,1.22464675338812e-21,5.67999982833862,-10.5199995040894,-84,0,0,0,0,0,1
-136.768585205078,-54.1449241638183,53.5711517333984,0.0378368943929672,-12.7131128311157,0.833162426948547,4.790283203125,1.8486841917038,-82.963264465332,-0.133781835436821,0.135548278689384,-0.0960645228624344,0.00918600056320429,-15.9999971389771,1.12496056659087e-18,6.17000007629395,-10.0299997329712,-84,0,0,0,0,0,1
-139.838165283203,-54.1807060241699,53.3509483337402,-0.0273265037685633,-12.7207612991333,1.34956645965576,4.790283203125,1.8486841917038,-82.963264465332,-0.133781835436821,0.135548278689384,-0.0960645228624344,0.0632700026035309,-15.9998750686646,7.74834059130773e-18,6.67999982833862,-9.22000026702881,-84,0,0,0,0,0,1
-142.666610717773,-54.2121238708496,53.0689430236816,-0.00373311433941126,-12.7796726226807,1.65197193622589,3.98096895217896,-0.724210560321808,-80.5079803466797,0.0976280570030212,0.0834240242838859,-0.0827085301280022,0.463017016649246,-15.9932994842529,5.670323099051e-17,7.11999988555908,-8.53999996185303,-83,0,0,0,0,0,1
-145.768356323242,-54.2266883850097,52.6972427368164,0.120190739631653,-12.8889513015747,1.93594217300415,6.80447006225586,-2.38060665130615,-80.0027542114258,0.0976280570030212,0.0834240242838859,-0.0827085301280022,0.874594986438751,-15.9760780334473,1.07106991925506e-16,7.12999963760376,-7.79999971389771,-83,0,0,0,0,0,1
-148.897476196289,-54.2025070190429,52.2641639709472,0.263643801212311,-13.0135650634766,2.29417085647583,6.80447006225586,-2.38060665130615,-80.0027542114258,0.0676458030939102,0.0563899986445904,0.000568112125620239,1.45531404018402,-15.9336767196655,1.78224559773802e-16,7.15999984741211,-6.42000007629395,-82,0,0,0,0,0,1
-152.058547973633,-54.1392211914062,51.7407722473144,0.40420126914978,-13.2475919723511,2.63328552246094,8.24865627288818,-3.82727694511414,-80.6679458618164,0.028427604585886,0.0884817615151405,0.0337628796696663,2.20802187919617,-15.8469123840332,2.70404706968874e-16,7.86999988555908,-5.27999973297119,-81,0,0,0,0,0,1
-156.072631835938,-54.0348472595214,50.9836921691894,0.428032249212265,-13.4493770599365,2.77787446975708,6.76984357833862,-5.07099199295044,-81.1408157348633,-0.0698244124650955,0.0983637347817421,0.00617646146565675,2.20802187919617,-15.8469123840332,2.70404706968874e-16,9.56999969482422,-3.47000002861023,-80,0,0,0,0,0,1
-159.088882446289,-53.9664077758789,50.3571701049804,0.450245410203934,-13.826470375061,3.19413876533508,6.76984357833862,-5.07099199295044,-81.1408157348633,-0.0698244124650955,0.0983637347817421,0.00617646146565675,4.13886880874634,-15.4554119110107,5.06865256790802e-16,12.9200000762939,-2.01999998092651,-77,0,0,0,0,0,1
-162.735244750977,-53.8781623840332,49.516357421875,0.64127516746521,-14.1808662414551,3.41472816467285,7.53978109359741,-8.20042324066162,-79.3618621826172,0.318564593791962,0.039521474391222,-0.0986673906445503,4.13886880874634,-15.4554119110107,5.06865256790802e-16,14.9200000762939,0.489999979734421,-75,0,0,0,0,0,1
-165.897689819336,-53.7495307922363,48.7433738708496,1.02813529968262,-14.5938901901245,3.66699886322021,7.53978109359741,-8.20042324066162,-79.3618621826172,0.318564593791962,0.039521474391222,-0.0986673906445503,6.26897811889648,-14.7207307815552,7.67728375836873e-16,17.2999992370605,2.30999994277954,-72,0,0,0,0,0,1
-169.135635375977,-53.5395355224609,47.9248466491699,1.3939847946167,-14.9557867050171,3.86395573616028,13.6693725585938,-10.0105819702148,-78.0932998657227,0.162191092967987,0.0491487495601177,-0.0378885678946972,7.29458475112915,-14.2404012680054,8.93329015294142e-16,20.0499992370605,5.27999973297119,-68,0,0,0,0,0,1
-173.667816162109,-53.1123580932617,46.7151794433594,1.96787047386169,-15.4012823104858,4.05565786361694,17.5627040863037,-11.7324256896973,-76.021125793457,0.162191092967987,0.0491487495601177,-0.0378885678946972,7.29458475112915,-14.2404012680054,8.93329015294142e-16,22.7099990844727,8.55000019073486,-64,0,0,0,0,0,1
-177.098526000977,-52.6556777954101,45.7761688232422,2.88033938407898,-15.9298858642578,3.96030879020691,17.5627040863037,-11.7324256896973,-76.021125793457,0.192981377243996,-0.020829189568758,-0.176902607083321,9.68792533874512,-12.7335815429688,1.18642867306549e-15,26.2399997711182,10.6999998092651,-59,0,0,0,0,0,1
-180.877487182617,-51.9830360412597,44.7800216674804,3.62022304534912,-16.3503074645996,4.03537940979004,20.4873676300049,-12.10777759552,-73.3859558105469,0.0892369076609612,0.0253248494118452,-0.115257881581783,10.9830541610718,-11.6349697113037,1.34503622771357e-15,32.2399978637695,13.9899997711182,-51,0,0,0,0,0,1
-184.832427978516,-51.0948905944824,43.7478523254394,4.67631483078003,-16.8794708251953,3.97243428230286,23.1208400726318,-13.2274618148804,-70.5592880249023,0.0892369076609612,0.0253248494118452,-0.115257881581783,11.7785720825195,-10.8289079666138,1.44245899269145e-15,34.7599983215332,16.2899990081787,-47,0,0,0,0,0,1
-189.579971313477,-49.7597389221191,42.5299415588379,5.81143426895142,-17.3502407073975,4.10016584396362,23.1208400726318,-13.2274618148804,-70.5592880249023,0.296165198087692,0.0389422103762627,-0.126537770032883,12.8600358963013,-9.5194263458252,1.57490021729118e-15,35.1699981689453,17.7299995422363,-45,0,0,0,0,0,1
-193.75910949707,-48.3379402160644,41.4101104736328,7.03154897689819,-17.6827583312988,4.19700479507446,28.6806812286377,-15.010778427124,-66.9245681762695,0.28475347161293,-0.0403471365571022,-0.21906279027462,13.5012035369873,-8.58588981628418,1.65342048913901e-15,38.8499984741211,17.8099994659424,-39,0,0,0,0,0,1
-198.007080078125,-46.6108131408691,40.2335472106933,9.04085254669189,-17.667308807373,4.23584365844727,28.6806812286377,-15.010778427124,-66.9245681762695,0.28475347161293,-0.0403471365571022,-0.21906279027462,14.3352127075195,-7.10645294189453,1.75555720422659e-15,40.6199989318848,18.0100002288818,-34,0,0,0,0,0,1
-201.916244506836,-44.6377220153808,39.1410827636719,10.8975133895874,-17.3104095458984,4.34787321090698,40.8459396362305,-15.7430534362793,-58.3914108276367,0.361711055040359,-0.130303993821144,-0.123204849660397,15.007532119751,-5.54743003845215,1.83789251246885e-15,43.3600006103516,18.0900001525879,-23,0,0,0,0,0,1
-206.732406616211,-41.5123176574707,37.7362594604492,12.5191745758057,-16.9581527709961,4.87601757049561,42.1715774536133,-14.5478982925415,-56.6523857116699,0.100924976170063,-0.0558750927448273,-0.0560862794518471,15.4993124008179,-3.97131204605103,1.89811824908453e-15,43.3199996948242,18.1199989318848,-21,0,0,0,0,0,1
-210.409896850586,-38.7266654968261,36.53071975708,13.7436141967773,-16.6974029541016,5.78537273406982,43.4302101135254,-16.2472553253174,-52.908275604248,0.100924976170063,-0.0558750927448273,-0.0560862794518471,15.8619394302368,-2.09734797477722,1.94252733947613e-15,42.8699989318848,18.1499996185303,-10,0,0,0,0,0,1
-215.040420532227,-34.868366241455,34.7447090148925,14.985559463501,-16.2994022369385,6.64560985565186,43.4302101135254,-16.2472553253174,-52.908275604248,0.052348256111145,-0.0602759383618832,-0.317676156759262,15.9428749084473,-1.35083198547363,1.95243910726666e-15,42.0999984741211,18.1299991607666,-7,0,0,0,0,0,1
-218.565216064453,-31.6102676391601,33.1590423583984,16.1317653656006,-15.7479305267334,7.6951847076416,42.7387619018555,-20.6646575927734,-44.8656311035156,0.0931131839752197,-0.169802442193031,-0.296936303377151,15.9907665252686,-0.543506026268005,1.95830396339345e-15,41.9199981689453,18.1199989318848,-2,0,0,0,0,0,1
-223.524307250977,-26.4069595336914,30.4978199005127,17.8102169036865,-14.7651510238647,8.30205345153809,42.1444778442383,-20.3602695465088,-38.4773826599121,0.0931131839752197,-0.169802442193031,-0.296936303377151,15.9995412826538,-0.121106997132301,1.95937884820351e-15,42.0599975585938,18.1099987030029,3,0,0,0,0,0,1
