-4.74343538284301,64.6337203979492,44.3321113586426,5.44188404083252,-16.6546249389648,0.673664748668671,9.60470294952393,-2.08845806121826,-70.8663330078125,0.657208859920502,0.0246329195797443,-0.00568712782114744,0.163217008113861,-15.9991674423218,1.99883182308927e-17,33.2299995422363,-1.3199999332428,105,1,0,0,0,0,0
-8.73176193237304,65.8409118652344,44.1450347900391,5.95261812210083,-16.4882965087891,0.840158045291901,20.9942474365234,-2.12212872505188,-69.9898223876953,0.657208859920502,0.0246329195797443,-0.00568712782114744,0.163217008113861,-15.9991674423218,1.99883182308927e-17,36.9199981689453,-0.75,106,1,0,0,0,0,0
-13.0110168457031,67.3298416137695,43.9011993408203,6.81174087524414,-16.2209949493408,1.00951361656189,20.9942474365234,-2.12212872505188,-69.9898223876953,0.48565673828125,-0.0294192507863045,-0.0667654648423195,0.163217008113861,-15.9991674423218,1.99883182308927e-17,42.0999984741211,0.219999998807907,107,1,0,0,0,0,0
-16.2263278961182,68.6256790161133,43.6926498413086,7.5279278755188,-15.990348815918,1.07652366161346,29.6260986328125,-2.0843551158905,-67.1983413696289,0.396387726068497,-0.0845165252685547,-0.170937269926071,0.163217008113861,-15.9991674423218,1.99883182308927e-17,44.75,0.889999985694885,107,1,0,0,0,0,0
-20.3491554260254,70.5870208740234,43.3997993469238,9.0868968963623,-15.3673439025879,1.19880306720734,37.7430381774902,-2.38279891014099,-60.0749816894531,0.396387726068497,-0.0845165252685547,-0.170937269926071,0.163217008113861,-15.9991674423218,1.99883182308927e-17,44.7399978637695,2.00999999046326,109,1,0,0,0,0,0
-23.4000263214111,72.3151702880859,43.1483612060547,10.7003860473633,-14.5442276000977,1.18181276321411,37.7430381774902,-2.38279891014099,-60.0749816894531,0.271951973438263,-0.208981215953827,-0.276983767747879,0.163217008113861,-15.9991674423218,1.99883182308927e-17,44.7599983215332,3.09999990463257,111,1,0,0,0,0,0
-26.9249210357666,74.73828125,42.8499069213867,12.2352571487427,-13.591007232666,1.0570662021637,42.731861114502,-1.5376980304718,-51.1142807006836,0.271951973438263,-0.208981215953827,-0.276983767747879,0.163217008113861,-15.9991674423218,1.99883182308927e-17,44.7700004577637,3.72000002861023,112,1,0,0,0,0,0
-32.9387245178223,80.5366516113281,42.3910064697266,14.0442218780518,-12.1830835342407,0.692315220832825,43.6358757019043,0.00270518171600997,-44.7411575317383,-0.00495540723204613,-0.329967439174652,-0.221688956022263,0.163217008113861,-15.9991674423218,1.99883182308927e-17,44.7700004577637,4.25999975204468,115,1,0,0,0,0,0
-32.9387245178223,80.5366516113281,42.3910064697266,15.4796962738037,-10.7415838241577,0.43712916970253,43.6358757019043,0.00270518171600997,-44.7411575317383,-0.00495540723204613,-0.329967439174652,-0.221688956022263,0.163217008113861,-15.9991674423218,1.99883182308927e-17,44.7700004577637,4.53999996185303,117,1,0,0,0,0,0
-37.6754989624023,87.6229248046875,42.1975440979004,16.6232242584229,-9.26259136199951,0.210103616118431,44.3569602966309,0.977282762527466,-32.7706069946289,0.00212473049759865,-0.312803745269775,-0.313965082168579,0.163217008113861,-15.9991674423218,1.99883182308927e-17,44.7599983215332,4.71000003814697,119,1,0,0,0,0,0
-39.6806831359863,92.0488204956055,42.2082328796387,17.9203033447266,-7.0045166015625,-0.10799465328455,44.6056365966797,1.52687120437622,-24.8726253509521,0.00669305957853794,-0.322570294141769,-0.300188809633255,0.163217008113861,-15.9991674423218,1.99883182308927e-17,44.75,4.75,123,1,0,0,0,0,0
-40.957763671875,95.9339599609375,42.2665290832519,18.6694221496582,-5.05173206329346,-0.333933383226395,44.6056365966797,1.52687120437622,-24.8726253509521,0.00669305957853794,-0.322570294141769,-0.300188809633255,0.163217008113861,-15.9991674423218,1.99883182308927e-17,44.7299995422363,4.56999969482422,126,1,0,0,0,0,0
-41.8375091552734,99.9514923095703,42.3709411621094,19.1729183197021,-2.92371273040771,-0.583603382110596,45.4653472900391,2.61020588874817,-13.0362138748169,-0.0131035037338734,-0.355863481760025,-0.27936390042305,0.163217008113861,-15.9991674423218,1.99883182308927e-17,44.689998626709,4.32999992370605,129,1,0,0,0,0,0
-42.3143196105957,104.787132263184,42.575870513916,19.3932228088379,-0.598631918430328,-0.946776747703552,45.4653472900391,2.61020588874817,-13.0362138748169,-0.0131035037338734,-0.355863481760025,-0.27936390042305,0.163217008113861,-15.9991674423218,1.99883182308927e-17,44.6499977111816,3.91999983787537,131,1,0,0,0,0,0
-42.1307678222656,109.628410339355,42.9011917114258,19.2913856506348,1.69976556301117,-1.26841902732849,46.2776222229004,4.2495641708374,-2.22648191452026,-0.0112007595598698,-0.345846593379974,-0.281082034111023,0.163217008113861,-15.9991674423218,1.99883182308927e-17,44.6100006103516,2.91999983787537,135,1,0,0,0,0,0
-41.4144058227539,113.966789245605,43.2694358825684,18.8198490142822,4.22697639465332,-1.51373672485352,46.2603492736816,4.64824914932251,7.2965202331543,-0.00876264460384846,-0.312108367681503,-0.315362393856049,0.163217008113861,-15.9991674423218,1.99883182308927e-17,44.5999984741211,1.74000000953674,138,1,0,0,0,0,0
-40.2110786437988,118.220542907715,43.6775054931641,18.122371673584,6.32889127731323,-1.53594195842743,46.2603492736816,4.64824914932251,7.2965202331543,-0.00876264460384846,-0.312108367681503,-0.315362393856049,0.163217008113861,-15.9991674423218,1.99883182308927e-17,44.6199989318848,0.949999988079071,141,1,0,0,0,0,0
-38.5814666748047,122.292213439941,44.0895729064941,17.1515197753906,8.29329776763916,-1.46215713024139,46.4998550415039,4.40372943878174,17.170431137085,-0.00139491818845272,-0.287743002176285,-0.326847553253174,0.163217008113861,-15.9991674423218,1.99883182308927e-17,44.629997253418,-0.140000000596046,144,1,0,0,0,0,0
-36.5321235656738,126.175445556641,44.4777793884277,16.4651260375977,9.44159984588623,-1.41359305381775,46.4998550415039,4.40372943878174,17.170431137085,-0.00139491818845272,-0.287743002176285,-0.326847553253174,0.163217008113861,-15.9991674423218,1.99883182308927e-17,44.6399993896484,-0.509999990463257,146,1,0,0,0,0,0
-34.2989921569824,129.520050048828,44.8105010986328,14.7141761779785,11.6765127182007,-1.22899854183197,46.7573318481445,3.97562861442566,29.0916957855225,-0.0205078739672899,-0.296560883522034,-0.325274020433426,0.163217008113861,-15.9991674423218,1.99883182308927e-17,44.6800003051758,-1.79999995231628,150,1,0,0,0,0,0
-32.0154304504394,132.343292236328,45.0934867858887,13.3003311157227,13.1534957885742,-1.02820992469788,47.2212867736816,3.23624992370605,36.4426727294922,0.0261807180941105,-0.247830659151077,-0.317147761583328,0.163217008113861,-15.9991674423218,1.99883182308927e-17,44.7099990844727,-2.30999994277954,153,1,0,0,0,0,0
-28.6957130432129,135.661331176758,45.4020805358887,12.065336227417,14.2496929168701,-0.836489796638489,47.8910217285156,2.67134118080139,42.1659164428711,-0.0341073423624039,-0.257102996110916,-0.295571535825729,0.163217008113861,-15.9991674423218,1.99883182308927e-17,44.7299995422363,-2.95000004768372,157,1,0,0,0,0,0
-25.5852336883545,138.17610168457,45.6032257080078,10.5979881286621,15.3432550430298,-0.51102751493454,46.6065406799316,1.58353853225708,50.4298324584961,-0.0341073423624039,-0.257102996110916,-0.295571535825729,0.163217008113861,-15.9991674423218,1.99883182308927e-17,44.7599983215332,-3.14999985694885,159,1,0,0,0,0,0
-21.2956943511963,140.988418579102,45.7462768554688,8.69405078887939,16.5174179077148,-0.139810130000114,46.6065406799316,1.58353853225708,50.4298324584961,-0.105660274624825,-0.236995398998261,-0.334278076887131,0.163217008113861,-15.9991674423218,1.99883182308927e-17,44.7700004577637,-3.22000002861023,163,1,0,0,0,0,0
-17.4058437347412,143.002716064453,45.7893943786621,6.95041561126709,17.4083919525146,0.142054289579391,45.3644332885742,-0.60511714220047,61.7406959533691,-0.105660274624825,-0.236995398998261,-0.334278076887131,0.163217008113861,-15.9991674423218,1.99883182308927e-17,44.7700004577637,-3.14999985694885,165,1,0,0,0,0,0
-12.9304599761963,144.787872314453,45.7703514099121,5.57227468490601,17.9988670349121,0.392958074808121,45.3644332885742,-0.60511714220047,61.7406959533691,-0.0110248047858477,-0.220650717616081,-0.344896197319031,0.163217008113861,-15.9991674423218,1.99883182308927e-17,44.7599983215332,-2.96000003814697,168,1,0,0,0,0,0
-9.01973724365232,145.945602416992,45.6904296875,3.35285019874573,18.7104644775391,0.737011551856995,45.5217933654785,-2.06332063674927,70.5989151000977,0.0267481226474047,-0.243479266762733,-0.315583676099777,0.163217008113861,-15.9991674423218,1.99883182308927e-17,44.75,-2.45000004768372,171,1,0,0,0,0,0
-0.445006012916538,147.25439453125,45.320068359375,1.50121700763702,19.1055965423584,0.987064838409424,46.0820617675781,-2.24114036560059,80.5659713745117,0.0265285316854715,-0.299256533384323,-0.306264609098434,0.163217008113861,-15.9991674423218,1.99883182308927e-17,44.75,-1.67999994754791,175,1,0,0,0,0,0
-0.445006012916538,147.25439453125,45.320068359375,-0.693607985973358,19.357385635376,1.06695139408112,46.0820617675781,-2.24114036560059,80.5659713745117,0.0265285316854715,-0.299256533384323,-0.306264609098434,0.163217008113861,-15.9991674423218,1.99883182308927e-17,44.7599983215332,-1.1599999666214,178,1,0,0,0,0,0
4.55343008041385,147.244445800781,45.0305519104004,-2.77180361747742,19.3858070373535,0.988245189189911,45.1492195129395,-1.74443888664246,91.275505065918,0.0265285316854715,-0.299256533384323,-0.306264609098434,0.163217008113861,-15.9991674423218,1.99883182308927e-17,44.7599983215332,-0.459999978542328,-177,1,0,0,0,0,0
9.19817543029788,146.716705322266,44.7624702453613,-5.032386302948,19.1715621948242,0.776143372058868,43.6796264648438,-1.62272989749908,97.8501129150391,-0.0838596373796463,-0.309232443571091,-0.302250653505325,0.163217008113861,-15.9991674423218,1.99883182308927e-17,44.7599983215332,-0.149999991059303,-175,1,0,0,0,0,0
18.3620777130127,144.161392211914,44.3374214172363,-6.99911880493164,18.7488479614258,0.673715174198151,43.1982688903809,-1.40063631534576,106.511901855469,0.00569071713835001,-0.316168606281281,-0.318513751029968,0.163217008113861,-15.9991674423218,1.99883182308927e-17,44.7700004577637,0.340000003576279,-171,1,0,0,0,0,0
23.1100120544434,142.000549316406,44.156421661377,-9.15065288543701,18.0094757080078,0.488536030054092,43.1982688903809,-1.40063631534576,106.511901855469,0.00569071713835001,-0.316168606281281,-0.318513751029968,0.163217008113861,-15.9991674423218,1.99883182308927e-17,44.7700004577637,0.629999995231628,-168,1,0,0,0,0,0
27.294469833374,139.505599975586,44.0397491455078,-11.0715560913086,17.0716781616211,0.26456817984581,43.8708610534668,-0.210449010133743,117.544143676758,0.0272620990872383,-0.328731864690781,-0.271841317415237,0.163217008113861,-15.9991674423218,1.99883182308927e-17,43.8400001525879,0.85999995470047,-164,1,0,0,0,0,0
31.547176361084,136.311279296875,43.9619140625,-12.9779376983643,15.8665723800659,0.118122383952141,43.8708610534668,-0.210449010133743,117.544143676758,0.0272620990872383,-0.328731864690781,-0.271841317415237,0.163217008113861,-15.9991674423218,1.99883182308927e-17,40.5999984741211,0.949999988079071,-161,1,0,0,0,0,0
34.8949050903321,133.234222412109,43.9341773986816,-14.5708379745483,14.5730247497559,-0.0549182593822479,43.8631782531738,0.804282188415527,127.914649963379,-0.0843123197555542,-0.323089271783829,-0.305245280265808,0.163217008113861,-15.9991674423218,1.99883182308927e-17,35.1100006103516,0.959999978542328,-157,1,0,0,0,0,0
37.9477691650391,129.870864868164,43.947624206543,-15.9642896652222,13.1394081115723,-0.315603911876678,43.8631782531738,0.804282188415527,127.914649963379,-0.0843123197555542,-0.323089271783829,-0.305245280265808,0.163217008113861,-15.9991674423218,1.99883182308927e-17,30.9499988555908,0.740000009536743,-154,1,0,0,0,0,0
40.9385566711426,125.930351257324,43.9853706359863,-17.1334781646729,11.578314781189,-0.552371203899384,40.6956901550293,1.31132018566132,138.765426635742,-0.215319350361824,-0.277499735355377,-0.31440469622612,0.163217008113861,-15.9991674423218,1.99883182308927e-17,26.8999996185303,0.479999989271164,-150,1,0,0,0,0,0
43.6012649536133,121.756713867187,44.0902252197266,-18.010721206665,10.0302314758301,-0.832219958305359,37.2190017700195,1.38931608200073,145.905059814453,-0.185407012701035,-0.225210577249527,-0.291395455598831,0.163217008113861,-15.9991674423218,1.99883182308927e-17,21.3999996185303,-0.00999999977648258,-147,1,0,0,0,0,0
46.1165161132813,117.052803039551,44.3089561462402,-18.5363159179688,8.79863262176514,-1.11170589923859,37.2190017700195,1.38931608200073,145.905059814453,-0.185407012701035,-0.225210577249527,-0.291395455598831,0.163217008113861,-15.9991674423218,1.99883182308927e-17,18.1900005340576,-0.639999985694885,-144,1,0,0,0,0,0
48.1262168884278,112.595832824707,44.6069221496582,-18.952730178833,7.38503646850586,-1.468137383461,31.0213871002197,1.92429351806641,153.399215698242,-0.315527647733688,-0.159575149416924,-0.23053939640522,0.163217008113861,-15.9991674423218,1.99883182308927e-17,15.0899991989136,-1.82999992370605,-139,1,0,0,0,0,0
49.8719635009766,108.077484130859,44.9883842468262,-19.0741500854492,6.43951606750488,-1.6666601896286,25.9731369018555,2.76062750816345,158.14208984375,-0.225841268897057,-0.122813180088997,-0.152027860283852,0.163217008113861,-15.9991674423218,1.99883182308927e-17,14.0099992752075,-2.80999994277954,-135,1,0,0,0,0,0
51.2768516540527,103.918701171875,45.3833160400391,-19.0525531768799,5.54618978500366,-1.70175158977509,21.5426082611084,3.56872868537903,161.407943725586,-0.225841268897057,-0.122813180088997,-0.152027860283852,0.163217008113861,-15.9991674423218,1.99883182308927e-17,14.7599992752075,-4.25,-131,1,0,0,0,0,0
52.751407623291,99.0465774536133,45.8451805114746,-18.8822116851807,4.87967967987061,-1.48482155799866,21.5426082611084,3.56872868537903,161.407943725586,-0.238398969173431,-0.0531509704887867,-0.112263783812523,0.163217008113861,-15.9991674423218,1.99883182308927e-17,18.0799999237061,-5.50999975204468,-126,1,0,0,0,0,0
53.9981689453125,94.5740814208984,46.2245864868164,-18.7399349212646,4.53438901901245,-1.13735163211823,17.0571784973145,2.26758098602295,165.035125732422,-0.238398969173431,-0.0531509704887867,-0.112263783812523,0.163217008113861,-15.9991674423218,1.99883182308927e-17,21.3999996185303,-6.06999969482422,-123,1,0,0,0,0,0
55.2534828186035,89.7537002563476,46.5283889770508,-18.5967750549316,4.07519769668579,-0.70293140411377,17.0571784973145,2.26758098602295,165.035125732422,-0.052223339676857,0.0344907976686954,-0.18574270606041,0.163217008113861,-15.9991674423218,1.99883182308927e-17,24.6999988555908,-6.3899998664856,-119,1,0,0,0,0,0
56.2833137512207,85.361198425293,46.6944961547852,-18.498233795166,3.43319749832153,-0.24343453347683,20.8494701385498,-0.141527712345123,168.924606323242,-0.052223339676857,0.0344907976686954,-0.18574270606041,0.163217008113861,-15.9991674423218,1.99883182308927e-17,28.9200000762939,-6.60999965667725,-114,1,0,0,0,0,0
57.4372787475586,79.4673690795898,46.7721900939941,-18.4715404510498,2.78366923332214,0.179274648427963,20.8494701385498,-0.141527712345123,168.924606323242,0.185944885015488,0.0317598544061184,-0.119664207100868,0.163217008113861,-15.9991674423218,1.99883182308927e-17,31.4099998474121,-6.53999996185303,-110,1,0,0,0,0,0
57.9920883178711,75.7849044799805,46.7213249206543,-18.5064945220947,1.89469027519226,0.730911016464233,26.2942295074463,-1.91526615619659,171.094284057617,0.318189769983292,0.00824422575533389,-0.117807038128376,0.163217008113861,-15.9991674423218,1.99883182308927e-17,34.5400009155273,-6.01999998092651,-104,1,0,0,0,0,0
58.474178314209,71.3510665893555,46.5465812683106,-18.5507278442383,1.1910754442215,1.15709829330444,31.938907623291,-3.32166409492493,174.283813476562,0.318189769983292,0.00824422575533389,-0.117807038128376,0.163217008113861,-15.9991674423218,1.99883182308927e-17,37.2700004577637,-5.05999994277954,-98,1,0,0,0,0,0
58.7357940673828,66.9150466918945,46.2516174316406,-18.6810894012451,-0.118274658918381,1.68291282653809,31.938907623291,-3.32166409492493,174.283813476562,0.184366255998611,-0.030842648819089,-0.20975361764431,0.163217008113861,-15.9991674423218,1.99883182308927e-17,38.7399978637695,-4.25,-94,1,0,0,0,0,0
58.7432174682617,62.0551147460937,45.8198585510254,-18.7827663421631,-1.15200018882751,2.03218460083008,33.2044334411621,-4.96316719055176,178.98454284668,0.0390095785260201,-0.0671176910400391,-0.266203343868256,0.163217008113861,-15.9991674423218,1.99883182308927e-17,41.0299987792969,-2.80999994277954,-88,1,0,0,0,0,0
58.4104652404785,56.784252166748,45.2597999572754,-18.86012840271,-2.4489643573761,2.20195865631104,33.2044334411621,-4.96316719055176,178.98454284668,0.0390095785260201,-0.0671176910400391,-0.266203343868256,0.163217008113861,-15.9991674423218,1.99883182308927e-17,42.3699989318848,-1.68999993801117,-84,1,0,0,0,0,0
57.8343734741211,52.6267433166504,44.7764434814453,-18.885721206665,-4.1694974899292,2.0221004486084,36.3640518188477,-6.20432996749878,-171.759094238281,0.066771537065506,-0.21951587498188,-0.260774791240692,0.163217008113861,-15.9991674423218,1.99883182308927e-17,43.5299987792969,-0.299999982118607,-78,1,0,0,0,0,0
56.9169998168945,48.4693260192871,44.3363151550293,-18.8230533599854,-5.46615219116211,1.67937695980072,36.3640518188477,-6.20432996749878,-171.759094238281,0.066771537065506,-0.21951587498188,-0.260774791240692,0.163217008113861,-15.9991674423218,1.99883182308927e-17,44.2399978637695,0.329999983310699,-74,1,0,0,0,0,0
55.5123710632324,43.9572639465332,43.9607200622559,-18.5038013458252,-7.40985441207886,1.24869692325592,36.8236541748047,-3.85187149047852,-160.416015625,0.066771537065506,-0.21951587498188,-0.260774791240692,0.163217008113861,-15.9991674423218,1.99883182308927e-17,44.7000007629395,1.0900000333786,-67,1,0,0,0,0,0
53.8727378845215,39.9152793884277,43.6964340209961,-17.8835391998291,-9.32292079925537,0.876893997192383,36.8236541748047,-3.85187149047852,-160.416015625,0.128762781620026,-0.249053582549095,-0.261669039726257,0.163217008113861,-15.9991674423218,1.99883182308927e-17,44.7299995422363,1.5,-63,1,0,0,0,0,0
51.4806060791016,35.2725296020508,43.4616050720215,-17.0429153442383,-11.0658512115479,0.571232318878174,38.7212104797363,-2.59340691566467,-153.458892822266,0.120206065475941,-0.300560384988785,-0.232527256011963,0.163217008113861,-15.9991674423218,1.99883182308927e-17,44.7700004577637,1.89999997615814,-57,1,0,0,0,0,0
49.0997695922852,31.5263538360596,43.3275299072266,-16.0048332214355,-12.6611490249634,0.418197393417358,40.7003746032715,-0.825084984302521,-144.976989746094,0.120206065475941,-0.300560384988785,-0.232527256011963,0.163217008113861,-15.9991674423218,1.99883182308927e-17,44.7700004577637,2.15999984741211,-52,1,0,0,0,0,0
46.1763381958008,27.6614379882812,43.2197952270508,-14.8676853179932,-14.0784244537354,0.302882134914398,40.7003746032715,-0.825084984302521,-144.976989746094,0.0725444778800011,-0.282279938459396,-0.28971141576767,0.163217008113861,-15.9991674423218,1.99883182308927e-17,44.7700004577637,2.37999987602234,-48,1,0,0,0,0,0
42.92626953125,24.0620594024658,43.1233596801758,-13.3771286010742,-15.5785570144653,0.216746762394905,42.3889427185059,-0.270649015903473,-136.455123901367,0.039149209856987,-0.283721089363098,-0.302452683448791,0.163217008113861,-15.9991674423218,1.99883182308927e-17,44.7700004577637,2.75999999046326,-41,1,0,0,0,0,0
39.0357093811035,20.5015354156494,43.0420188903809,-11.5832929611206,-16.997896194458,-0.0404787622392178,44.388484954834,0.654794573783875,-125.612014770508,0.039149209856987,-0.283721089363098,-0.302452683448791,0.163217008113861,-15.9991674423218,1.99883182308927e-17,44.7599983215332,2.76999998092651,-35,1,0,0,0,0,0
35.4757499694824,17.8719863891601,43.0230712890625,-9.86116027832031,-18.0547657012939,-0.166995480656624,44.6857032775879,1.18145895004272,-118.792724609375,-0.0200165417045355,-0.321051925420761,-0.271476686000824,0.163217008113861,-15.9991674423218,1.99883182308927e-17,44.7599983215332,2.76999998092651,-30,1,0,0,0,0,0
26.5769500732422,13.1860485076904,43.0705451965332,-7.95828104019165,-18.9398765563965,-0.338405966758728,44.6857032775879,1.18145895004272,-118.792724609375,-0.00412971153855324,-0.299361228942871,-0.295670330524445,0.163217008113861,-15.9991674423218,1.99883182308927e-17,44.75,2.65999984741211,-24,1,0,0,0,0,0
26.5769500732422,13.1860485076904,43.0705451965332,-5.76316833496094,-19.660774230957,-0.502680420875549,45.1976165771484,1.40910351276398,-107.26904296875,-0.00412971153855324,-0.299361228942871,-0.295670330524445,0.163217008113861,-15.9991674423218,1.99883182308927e-17,44.7299995422363,2.5,-20,1,0,0,0,0,0
17.7073535919189,10.6485443115234,43.2650375366211,-4.00040769577026,-20.0165977478027,-0.612440586090088,45.1976165771484,1.40910351276398,-107.26904296875,-0.0289177000522614,-0.318202584981918,-0.32957798242569,0.163217008113861,-15.9991674423218,1.99883182308927e-17,43.7299995422363,2.25999999046326,-15,1,0,0,0,0,0
12.6026496887207,10.0032291412353,43.4048233032227,-1.69454526901245,-20.2055549621582,-0.529037475585938,45.9543609619141,2.00327229499817,-97.9771041870117,0.0856295675039291,-0.319500356912613,-0.277712225914001,0.163217008113861,-15.9991674423218,1.99883182308927e-17,42.7299995422363,2.04999995231628,-9,1,0,0,0,0,0
8.24621772766113,9.89110565185547,43.550724029541,0.758604288101196,-20.0727405548096,-0.784075498580933,44.8459701538086,3.1931574344635,-88.1771240234375,-0.0916910395026207,-0.312708795070648,-0.287711352109909,0.163217008113861,-15.9991674423218,1.99883182308927e-17,41.1499977111816,1.46999990940094,-2,1,0,0,0,0,0
3.97244024276733,10.1855163574219,43.7389907836914,2.56501317024231,-19.7439479827881,-0.911913394927979,43.402759552002,3.5255606174469,-80.2374572753906,-0.0916910395026207,-0.312708795070648,-0.287711352109909,0.163217008113861,-15.9991674423218,1.99883182308927e-17,40.0299987792969,0.969999969005585,1,1,0,0,0,0,0
-1.7159538269043,11.193286895752,44.0277671813965,4.27223825454712,-19.2035694122314,-0.971692621707916,43.402759552002,3.5255606174469,-80.2374572753906,-0.0825750827789307,-0.288865298032761,-0.307341396808624,0.163217008113861,-15.9991674423218,1.99883182308927e-17,39,0.509999990463257,5,1,0,0,0,0,0
-5.37607049942017,12.2329998016357,44.2232666015625,6.14393424987793,-18.3595867156982,-1.00755536556244,42.9978866577148,3.73353815078735,-71.4039688110352,-0.0603482723236084,-0.25023540854454,-0.258842587471008,0.163217008113861,-15.9991674423218,1.99883182308927e-17,37.2700004577637,-0.189999997615814,12,1,0,0,0,0,0
-10.9397048950195,14.466251373291,44.5739822387695,7.8736424446106,-17.350061416626,-1.07781159877777,42.9978866577148,3.73353815078735,-71.4039688110352,-0.0603482723236084,-0.25023540854454,-0.258842587471008,0.163217008113861,-15.9991674423218,1.99883182308927e-17,36.0999984741211,-0.719999969005585,16,1,0,0,0,0,0
-13.8874607086182,15.989839553833,44.7929344177246,9.41193866729736,-16.2052841186523,-1.07497346401215,41.7099304199219,3.90220355987549,-63.63232421875,-0.112277500331402,-0.214819043874741,-0.255667060613632,0.163217008113861,-15.9991674423218,1.99883182308927e-17,34.7700004577637,-1.66999995708466,22,1,0,0,0,0,0
-18.2231101989746,18.6746635437012,45.1228370666504,10.5450124740601,-15.1830196380615,-0.969897389411926,41.7099304199219,3.90220355987549,-63.63232421875,-0.112277500331402,-0.214819043874741,-0.255667060613632,0.163217008113861,-15.9991674423218,1.99883182308927e-17,34.2700004577637,-2.5,29,1,0,0,0,0,0
-20.8450679779053,20.5822467803955,45.3092880249023,11.5899076461792,-14.1011438369751,-0.744543433189392,37.9631042480469,2.27057766914368,-52.8625373840332,-0.14298552274704,-0.155512273311615,-0.304138660430908,0.163217008113861,-15.9991674423218,1.99883182308927e-17,34.3199996948242,-2.93999981880188,33,1,0,0,0,0,0
-24.1536827087402,23.323902130127,45.5214729309082,12.4733648300171,-13.0104780197144,-0.49094831943512,36.5758972167969,1.63058245182037,-48.0829391479492,-0.0732267946004868,-0.14502426981926,-0.262469470500946,0.163217008113861,-15.9991674423218,1.99883182308927e-17,34.8499984741211,-3.3899998664856,39,1,0,0,0,0,0
-27.7220764160156,26.7635841369629,45.7006568908691,13.2311344146729,-11.9469013214111,-0.337378978729248,35.6750602722168,1.10849714279175,-41.6808853149414,-0.0732267946004868,-0.14502426981926,-0.262469470500946,0.163217008113861,-15.9991674423218,1.99883182308927e-17,35.1199989318848,-3.6399998664856,43,1,0,0,0,0,0
-30.0690307617188,29.3669738769531,45.7981376647949,13.8885087966919,-10.8957633972168,-0.120884194970131,35.6750602722168,1.10849714279175,-41.6808853149414,-0.0581543147563934,-0.130431175231934,-0.246159851551056,0.163217008113861,-15.9991674423218,1.99883182308927e-17,35.7799987792969,-3.82999992370605,50,1,0,0,0,0,0
-32.455867767334,32.3647003173828,45.855339050293,14.6023616790771,-9.63280963897705,0.160560190677643,35.255615234375,0.112511783838272,-35.8146209716797,-0.0308009516447783,-0.107727743685246,-0.276332557201385,0.163217008113861,-15.9991674423218,1.99883182308927e-17,36.3699989318848,-3.8199999332428,54,1,0,0,0,0,0
-35.1882705688477,36.3578262329102,45.8674049377441,15.0637102127075,-8.75766563415527,0.289387077093124,35.255615234375,0.112511783838272,-35.8146209716797,-0.0308009516447783,-0.107727743685246,-0.276332557201385,0.163217008113861,-15.9991674423218,1.99883182308927e-17,36.7700004577637,-3.75,58,1,0,0,0,0,0
-37.2468147277832,39.9777755737305,45.8180122375488,15.673020362854,-7.46388387680054,0.509688317775726,35.601879119873,-1.61564445495605,-27.6747665405273,0.0131229069083929,-0.134045228362083,-0.270155757665634,0.163217008113861,-15.9991674423218,1.99883182308927e-17,37.2700004577637,-3.43999981880188,64,1,0,0,0,0,0
-38.8615226745605,43.3923034667969,45.7218360900879,16.1867198944092,-6.18504285812378,0.686889946460724,37.2570457458496,-2.05170941352844,-20.4473724365234,0.0131229069083929,-0.134045228362083,-0.270155757665634,0.163217008113861,-15.9991674423218,1.99883182308927e-17,37.7099990844727,-2.97000002861023,70,1,0,0,0,0,0
-40.4504623413086,47.6022567749024,45.5543098449707,16.7061672210693,-4.59761190414429,0.822786152362823,37.2570457458496,-2.05170941352844,-20.4473724365234,0.0400509536266327,-0.179722979664803,-0.265220165252686,0.163217008113861,-15.9991674423218,1.99883182308927e-17,37.9199981689453,-2.59999990463257,74,1,0,0,0,0,0
-41.4815940856934,51.2384834289551,45.3885841369629,17.1334381103516,-2.89449405670166,0.875513911247253,37.4733848571777,-2.4804310798645,-12.8849506378174,0.0400509536266327,-0.179722979664803,-0.265220165252686,0.163217008113861,-15.9991674423218,1.99883182308927e-17,38.0099983215332,-2.03999996185303,81,1,0,0,0,0,0
-42.3256378173828,55.6691703796387,45.1749153137207,17.3521041870117,-1.6202300786972,0.888249039649963,37.7303237915039,-2.67819476127625,-5.70421648025513,-0.00554565899074078,-0.177824527025223,-0.287060618400574,0.163217008113861,-15.9991674423218,1.99883182308927e-17,38.1599998474121,-1.64999997615814,85,1,0,0,0,0,0
-42.7037086486816,59.4566345214844,44.9804306030273,17.531400680542,0.33324870467186,0.802099764347076,37.7303237915039,-2.67819476127625,-5.70421648025513,-0.0124469194561243,-0.225137740373611,-0.270007789134979,0.163217008113861,-15.9991674423218,1.99883182308927e-17,38.2900009155273,-1.12999999523163,91,1,0,0,0,0,0
-42.750301361084,64.0215911865235,44.7583885192871,17.5224761962891,1.96660387516022,0.681864440441132,37.6412353515625,-2.25731730461121,4.22877931594849,-0.0124469194561243,-0.225137740373611,-0.270007789134979,0.163217008113861,-15.9991674423218,1.99883182308927e-17,38.3600006103516,-0.789999961853027,95,1,0,0,0,0,0
-42.4419937133789,67.8835678100586,44.5882186889648,17.4189910888672,3.18096470832825,0.633848011493683,37.6412353515625,-2.25731730461121,4.22877931594849,0.0369132310152054,-0.236250698566437,-0.27899643778801,0.163217008113861,-15.9991674423218,1.99883182308927e-17,38.3899993896484,-0.509999990463257,99,1,0,0,0,0,0
-40.6497993469238,76.1746368408203,44.2571830749512,17.0449256896973,5.17461204528809,0.488041281700134,38.0066986083984,-1.48658299446106,12.3684749603271,-0.00452006421983242,-0.239420652389526,-0.24991649389267,0.163217008113861,-15.9991674423218,1.99883182308927e-17,38.4599990844727,-0.0899999961256981,106,1,0,0,0,0,0
-39.0414695739746,80.5191650390625,44.1116027832031,16.6164054870605,6.61561679840088,0.355396956205368,37.5621910095215,-0.743078052997589,19.6419563293457,-0.0334635935723782,-0.237881198525429,-0.267884761095047,0.163217008113861,-15.9991674423218,1.99883182308927e-17,38.4799995422363,0.199999988079071,112,1,0,0,0,0,0
-39.0414695739746,80.5191650390625,44.1116027832031,16.0249271392822,8.07441139221191,0.240784183144569,37.5621910095215,-0.743078052997589,19.6419563293457,-0.0334635935723782,-0.237881198525429,-0.267884761095047,0.163217008113861,-15.9991674423218,1.99883182308927e-17,38.6599998474121,0.349999994039536,116,1,0,0,0,0,0
-35.2141304016113,87.7501678466797,43.9807510375976,14.9823303222656,10.0500535964966,-0.0442657954990864,37.3634185791016,-0.137474954128265,29.5227584838867,-0.047890342772007,-0.25021168589592,-0.257481396198273,0.163217008113861,-15.9991674423218,1.99883182308927e-17,38.7299995422363,0.370000004768372,123,1,0,0,0,0,0
-32.7029647827148,91.2747573852539,43.9801063537598,14.0499210357666,11.3937187194824,-0.261837601661682,37.1411666870117,0.890756666660309,36.0067977905273,-0.047890342772007,-0.25021168589592,-0.257481396198273,0.163217008113861,-15.9991674423218,1.99883182308927e-17,38.6800003051758,0.239999994635582,127,1,0,0,0,0,0
-30.1344242095947,94.2814331054688,44.0177192687988,13.1592254638672,12.4231491088867,-0.437161654233932,37.1411666870117,0.890756666660309,36.0067977905273,0.00721790641546249,-0.251170933246613,-0.232828557491302,0.163217008113861,-15.9991674423218,1.99883182308927e-17,38.7099990844727,0.0999999940395355,131,1,0,0,0,0,0
-26.4958171844482,97.8060607910156,44.1317520141602,11.7228221893311,13.7770690917969,-0.574062049388885,37.4743766784668,1.84311294555664,42.714973449707,-0.00559913739562035,-0.212314680218697,-0.24755235016346,0.163217008113861,-15.9991674423218,1.99883182308927e-17,38.7299995422363,-0.259999990463257,138,1,0,0,0,0,0
-22.8558025360107,100.714836120605,44.2562561035156,10.5804567337036,14.671968460083,-0.609746754169464,36.5727233886719,2.01747441291809,48.5982818603516,-0.0735537707805634,-0.173975884914398,-0.284578830003738,0.163217008113861,-15.9991674423218,1.99883182308927e-17,39.3499984741211,-0.620000004768372,144,1,0,0,0,0,0
-19.8861865997314,102.741386413574,44.3527450561523,9.27029609680176,15.5430784225464,-0.54289436340332,36.5727233886719,2.01747441291809,48.5982818603516,-0.0735537707805634,-0.173975884914398,-0.284578830003738,0.163217008113861,-15.9991674423218,1.99883182308927e-17,39.8199996948242,-0.789999961853027,148,1,0,0,0,0,0
-15.8343753814697,105.074798583984,44.4669494628906,7.78610801696777,16.3736724853516,-0.540783166885376,37.5193939208984,1.45878827571869,56.2887496948242,0.0585673004388809,-0.190752983093262,-0.28761613368988,0.163217008113861,-15.9991674423218,1.99883182308927e-17,40.2199974060059,-1.04999995231628,155,1,0,0,0,0,0
-12.2395477294922,106.748725891113,44.5622863769531,6.5745701789856,16.9363479614258,-0.534699618816376,39.0791358947754,1.64137506484985,65.5073089599609,0.0585673004388809,-0.190752983093262,-0.28761613368988,0.163217008113861,-15.9991674423218,1.99883182308927e-17,40.4500007629395,-1.23000001907349,159,1,0,0,0,0,0
-7.48149347305296,108.457496643066,44.6809310913086,5.03005361557007,17.5102043151855,-0.374748140573502,39.0791358947754,1.64137506484985,65.5073089599609,0.0274492055177689,-0.197001919150353,-0.252783894538879,0.163217008113861,-15.9991674423218,1.99883182308927e-17,41.0400009155273,-1.36000001430511,165,1,0,0,0,0,0
-3.255970954895,109.551635742188,44.7332344055176,3.26626014709473,18.0051670074463,-0.193103685975075,39.8845405578613,1.37206745147705,71.2936553955078,0.0354723334312439,-0.19791179895401,-0.27174574136734,0.163217008113861,-15.9991674423218,1.99883182308927e-17,41.4300003051758,-1.33999991416931,170,1,0,0,0,0,0
1.02717840671541,110.277793884277,44.7453308105469,1.85113906860352,18.2878150939941,-0.0341851562261581,39.8845405578613,1.37206745147705,71.2936553955078,0.0354723334312439,-0.19791179895401,-0.27174574136734,0.163217008113861,-15.9991674423218,1.99883182308927e-17,42.0200004577637,-1.19999992847443,176,1,0,0,0,0,0
4.99250078201296,110.615798950195,44.7184791564941,0.0509873442351818,18.5158538818359,0.232956394553185,41.3841705322266,0.870820820331573,80.1785202026367,-0.00483045913279057,-0.192379906773567,-0.282962411642075,0.163217008113861,-15.9991674423218,1.99883182308927e-17,42.439998626709,-0.969999969005585,-179,1,0,0,0,0,0
9.76462173461916,110.621040344238,44.6263580322266,-1.41089928150177,18.5920028686523,0.378822535276413,41.9251022338867,-0.137725859880447,87.9138336181641,-0.00483045913279057,-0.192379906773567,-0.282962411642075,0.163217008113861,-15.9991674423218,1.99883182308927e-17,43.0499992370605,-0.669999957084656,-174,1,0,0,0,0,0
14.544942855835,110.182327270508,44.4835662841797,-3.32793784141541,18.5495567321777,0.571700215339661,41.9251022338867,-0.137725859880447,87.9138336181641,-0.0248155537992716,-0.224670767784119,-0.316029667854309,0.163217008113861,-15.9991674423218,1.99883182308927e-17,43.8199996948242,-0.129999995231628,-168,1,0,0,0,0,0
19.3304615020752,109.278396606445,44.2907257080078,-4.75808000564575,18.3982982635498,0.687889158725739,42.3672637939453,-1.20088088512421,97.5540008544922,0.0342668406665325,-0.24913401901722,-0.335676044225693,0.163217008113861,-15.9991674423218,1.99883182308927e-17,44.3400001525879,0.340000003576279,-164,1,0,0,0,0,0
23.3343868255615,108.133346557617,44.1160583496094,-6.94629192352295,17.9544906616211,0.634725213050842,42.8501091003418,-0.982033848762512,105.810432434082,0.0342668406665325,-0.24913401901722,-0.335676044225693,0.163217008113861,-15.9991674423218,1.99883182308927e-17,44.7700004577637,0.930000007152557,-157,1,0,0,0,0,0
27.2565383911133,106.599639892578,43.9565315246582,-9.0235013961792,17.2746353149414,0.385623186826706,43.1277656555176,-0.0851734206080437,113.180297851562,0.0146190915256739,-0.30121636390686,-0.270746558904648,0.163217008113861,-15.9991674423218,1.99883182308927e-17,44.75,1.16999995708466,-150,1,0,0,0,0,0
32.0503807067871,104.089462280273,43.8248023986816,-10.9383554458618,16.3993682861328,0.27648001909256,43.1277656555176,-0.0851734206080437,113.180297851562,0.0953506827354431,-0.283068627119064,-0.264789164066315,0.163217008113861,-15.9991674423218,1.99883182308927e-17,44.7700004577637,1.42999994754791,-146,1,0,0,0,0,0
35.6290664672852,101.71337890625,43.7484397888184,-12.2512016296387,15.6205501556396,0.266494691371918,43.361572265625,0.175703838467598,120.822250366211,-0.085603803396225,-0.285098373889923,-0.32068943977356,0.163217008113861,-15.9991674423218,1.99883182308927e-17,44.7700004577637,1.58999991416931,-141,1,0,0,0,0,0
39.6141891479492,98.4959945678711,43.6624755859375,-14.1871891021729,14.2394971847534,0.135987535119057,43.8166732788086,-0.34880068898201,130.828994750977,-0.085603803396225,-0.285098373889923,-0.32068943977356,0.163217008113861,-15.9991674423218,1.99883182308927e-17,44.7700004577637,1.86000001430511,-135,1,0,0,0,0,0
42.470687866211,95.7345886230469,43.5869026184082,-15.6320714950562,12.9661054611206,0.129417806863785,44.0652084350586,-1.02898478507996,138.338317871094,-0.0117432810366154,-0.27752611041069,-0.347191959619522,0.163217008113861,-15.9991674423218,1.99883182308927e-17,44.7700004577637,2.11999988555908,-128,1,0,0,0,0,0
45.8811798095703,91.7845458984375,43.5101013183594,-17.1435737609863,11.2633295059204,-0.037102323025465,44.0652084350586,-1.02898478507996,138.338317871094,0.0772134810686111,-0.298727542161942,-0.367149740457535,0.163217008113861,-15.9991674423218,1.99883182308927e-17,44.7700004577637,2.28999996185303,-123,1,0,0,0,0,0
48.8487701416016,87.4120101928711,43.453426361084,-18.4461841583252,9.37086296081543,-0.268443614244461,45.7062759399414,0.254188269376755,148.057846069336,0.0772134810686111,-0.298727542161942,-0.367149740457535,0.163217008113861,-15.9991674423218,1.99883182308927e-17,44.7599983215332,2.25,-119,1,0,0,0,0,0
51.0945434570313,83.0305862426758,43.4806594848633,-19.5326499938965,7.17983055114746,-0.439299404621124,45.7062759399414,0.254188269376755,148.057846069336,0.00970558915287256,-0.372491151094437,-0.21000462770462,0.163217008113861,-15.9991674423218,1.99883182308927e-17,44.7299995422363,2.02999997138977,-112,1,0,0,0,0,0
54.0175857543945,74.4653549194336,43.6357154846191,-20.2159194946289,5.10876941680908,-0.490539789199829,45.0957794189453,2.31955909729004,158.007553100586,-0.0103531870990992,-0.322953075170517,-0.295629590749741,0.163217008113861,-15.9991674423218,1.99883182308927e-17,44.7099990844727,1.78999996185303,-105,1,0,0,0,0,0
54.9845352172852,69.5828628540039,43.7378654479981,-20.6390914916992,3.12040495872498,-0.54946893453598,45.1858863830566,2.65079379081726,166.509719848633,0.0055400226265192,-0.285638362169266,-0.309760183095932,0.163217008113861,-15.9991674423218,1.99883182308927e-17,44.7099990844727,1.62999999523163,-100,1,0,0,0,0,0
55.4614982604981,64.6519088745117,43.8569526672363,-20.8311595916748,1.37298262119293,-0.609281718730927,45.1858863830566,2.65079379081726,166.509719848633,0.0055400226265192,-0.285638362169266,-0.309760183095932,0.163217008113861,-15.9991674423218,1.99883182308927e-17,44.7199974060059,1.39999997615814,-95,1,0,0,0,0,0
55.3936233520508,59.2646598815918,44.0266914367676,-20.8606796264648,-1.22428596019745,-0.666499376296997,46.3032569885254,2.44061708450317,176.419967651367,0.12058562785387,-0.302247166633606,-0.315609633922577,0.163217008113861,-15.9991674423218,1.99883182308927e-17,44.7099990844727,1.01999998092651,-88,1,0,0,0,0,0
54.9312019348145,55.1328010559082,44.1413192749024,-20.6302471160889,-3.64244103431702,-0.486959874629974,48.2758445739746,2.67399120330811,-175.038116455078,0.0479709096252918,-0.298977643251419,-0.276539385318756,0.163217008113861,-15.9991674423218,1.99883182308927e-17,44.7099990844727,0.779999971389771,-81,1,0,0,0,0,0
53.9303207397461,50.214427947998,44.245906829834,-20.1960391998291,-5.66989850997925,-0.35311695933342,48.2758445739746,2.67399120330811,-175.038116455078,0.0479709096252918,-0.298977643251419,-0.276539385318756,0.163217008113861,-15.9991674423218,1.99883182308927e-17,44.7199974060059,0.669999957084656,-76,1,0,0,0,0,0
52.3257369995117,45.0583381652832,44.3286857604981,-19.6242904663086,-7.39093446731567,-0.397325843572617,47.7595825195312,2.29348349571228,-164.211059570312,-0.0908815860748291,-0.311054468154907,-0.332973837852478,0.163217008113861,-15.9991674423218,1.99883182308927e-17,44.7299995422363,0.539999961853027,-71,1,0,0,0,0,0
50.128791809082,40.0819854736328,44.4344825744629,-18.4034671783447,-9.91504096984863,-0.616262793540955,45.4194602966309,2.63166069984436,-151.970016479492,-0.0908815860748291,-0.311054468154907,-0.332973837852478,0.163217008113861,-15.9991674423218,1.99883182308927e-17,44.7099990844727,0.109999999403954,-64,1,0,0,0,0,0
47.4073791503906,35.4526176452637,44.6109313964844,-17.2892036437988,-11.5793123245239,-0.860163927078247,45.4194602966309,2.63166069984436,-151.970016479492,-0.0597162619233131,-0.351430922746658,-0.286878108978271,0.163217008113861,-15.9991674423218,1.99883182308927e-17,44.689998626709,-0.329999983310699,-59,1,0,0,0,0,0
44.9885635375977,32.1284637451172,44.8172340393066,-15.8076143264771,-13.2904462814331,-1.05535113811493,45.2662506103516,3.06079506874084,-144.525375366211,-0.039617795497179,-0.294388115406036,-0.320441424846649,0.163217008113861,-15.9991674423218,1.99883182308927e-17,44.25,-1.27999997138977,-52,1,0,0,0,0,0
41.7729454040527,28.4517707824707,45.0873641967774,-14.3492441177368,-14.5939331054688,-0.993650555610657,45.2662506103516,3.06079506874084,-144.525375366211,-0.039617795497179,-0.294388115406036,-0.320441424846649,0.163217008113861,-15.9991674423218,1.99883182308927e-17,43.9899978637695,-1.79999995231628,-48,1,0,0,0,0,0
38.2565422058105,25.1083679199219,45.3492317199707,-13.1785898208618,-15.4819393157959,-0.832324028015137,44.8488578796387,2.68104910850525,-133.649658203125,-0.152151480317116,-0.248823791742325,-0.278060734272003,0.163217008113861,-15.9991674423218,1.99883182308927e-17,44.0200004577637,-2.29999995231628,-43,1,0,0,0,0,0
34.184741973877,21.8583183288574,45.5833587646484,-11.5026884078979,-16.5075950622559,-0.538011908531189,44.626708984375,1.91736006736755,-126.032836914062,-0.0068287868052721,-0.213961258530617,-0.297181665897369,0.163217008113861,-15.9991674423218,1.99883182308927e-17,44.5,-2.77999997138977,-36,1,0,0,0,0,0
30.2113723754883,19.2010879516601,45.7322196960449,-9.70789241790771,-17.4342346191406,-0.31086465716362,44.626708984375,1.91736006736755,-126.032836914062,-0.0068287868052721,-0.213961258530617,-0.297181665897369,0.163217008113861,-15.9991674423218,1.99883182308927e-17,44.7700004577637,-3.11999988555908,-29,1,0,0,0,0,0
25.7124080657959,16.7324867248535,45.8325881958008,-7.87772130966187,-18.1964511871338,0.0419198162853718,44.9175796508789,0.468487799167633,-117.300765991211,0.0980792194604874,-0.207562685012817,-0.332802176475525,0.163217008113861,-15.9991674423218,1.99883182308927e-17,44.7700004577637,-3.11999988555908,-22,1,0,0,0,0,0
21.3723602294922,14.8365516662598,45.8199691772461,-6.11718940734863,-18.7597770690918,0.253348529338837,44.9175796508789,0.468487799167633,-117.300765991211,0.0980792194604874,-0.207562685012817,-0.332802176475525,0.163217008113861,-15.9991674423218,1.99883182308927e-17,44.7700004577637,-2.96000003814697,-17,1,0,0,0,0,0
15.7605247497559,13.0668754577637,45.7250709533691,-4.12894439697266,-19.1883220672607,0.456160604953766,45.5866889953613,-1.01567876338959,-104.511360168457,0.0256347749382257,-0.264394551515579,-0.298361420631409,0.163217008113861,-15.9991674423218,1.99883182308927e-17,44.7700004577637,-2.61999988555908,-11,1,0,0,0,0,0
11.9349727630615,12.2758350372314,45.622974395752,-2.21141386032104,-19.4163970947266,0.581882417201996,45.6590919494629,-1.15473175048828,-94.2002258300781,0.0256347749382257,-0.264394551515579,-0.298361420631409,0.163217008113861,-15.9991674423218,1.99883182308927e-17,44.689998626709,-2.32999992370605,-6,1,0,0,0,0,0
6.90366744995117,11.7322902679443,45.4552574157715,-0.53294038772583,-19.4671325683594,0.599697589874268,45.6590919494629,-1.15473175048828,-94.2002258300781,-0.0418674126267433,-0.302147567272186,-0.293523907661438,0.163217008113861,-15.9991674423218,1.99883182308927e-17,44.2299995422363,-2.04999995231628,-2,1,0,0,0,0,0
2.24615883827209,11.7318439483643,45.3014373779297,1.9062248468399,-19.2966594696045,0.611110031604767,44.3916015625,-1.35225164890289,-82.0366058349609,-0.0418674126267433,-0.302147567272186,-0.293523907661438,0.163217008113861,-15.9991674423218,1.99883182308927e-17,43.5400009155273,-1.67999994754791,4,1,0,0,0,0,0
-1.60862755775452,12.0918483734131,45.171688079834,3.80552840232849,-18.9520034790039,0.607299506664276,44.3916015625,-1.35225164890289,-82.0366058349609,-0.0473072603344917,-0.282642930746079,-0.33829852938652,0.163217008113861,-15.9991674423218,1.99883182308927e-17,43.0499992370605,-1.4099999666214,8,1,0,0,0,0,0
-6.55365037918091,13.046781539917,45.0044326782227,5.73295259475708,-18.3814105987549,0.544143438339233,43.8321647644043,-1.5482269525528,-75.5439376831055,0.00443614087998867,-0.296497404575348,-0.31240639090538,0.163217008113861,-15.9991674423218,1.99883182308927e-17,42.1499977111816,-1.04999995231628,15,1,0,0,0,0,0
-10.5801944732666,14.2704906463623,44.8871116638184,7.53754901885986,-17.6445217132568,0.436903446912766,43.1595230102539,-0.601565897464752,-65.4462966918945,0.00443614087998867,-0.296497404575348,-0.31240639090538,0.163217008113861,-15.9991674423218,1.99883182308927e-17,41.1800003051758,-0.819999992847443,22,1,0,0,0,0,0
-14.4756202697754,15.869966506958,44.7803840637207,9.37850761413574,-16.6487102508545,0.313064903020859,43.1595230102539,-0.601565897464752,-65.4462966918945,-0.0316989496350288,-0.284346759319305,-0.256056576967239,0.163217008113861,-15.9991674423218,1.99883182308927e-17,40.5699996948242,-0.699999988079071,26,1,0,0,0,0,0
-21.9854736328125,20.2702445983887,44.6199073791504,11.152440071106,-15.4037399291992,0.202124491333961,42.9140319824219,-0.212585151195526,-56.6047019958496,-0.0356339775025845,-0.27670156955719,-0.301910668611526,0.163217008113861,-15.9991674423218,1.99883182308927e-17,39.6399993896484,-0.560000002384186,32,1,0,0,0,0,0
-25.5322666168213,23.086238861084,44.5773468017578,12.3535661697388,-14.3675317764282,0.0515544451773167,41.8407936096191,0.0254815146327019,-48.0441741943359,-0.0913575887680054,-0.288391441106796,-0.291266858577728,0.163217008113861,-15.9991674423218,1.99883182308927e-17,38.9799995422363,-0.579999983310699,37,1,0,0,0,0,0
-29.0188121795654,26.5100212097168,44.586784362793,13.7530860900879,-12.8725986480713,-0.139145448803902,41.8407936096191,0.0254815146327019,-48.0441741943359,-0.0913575887680054,-0.288391441106796,-0.291266858577728,0.163217008113861,-15.9991674423218,1.99883182308927e-17,38.2700004577637,-0.689999997615814,41,1,0,0,0,0,0
-32.3179168701172,30.557056427002,44.6393508911133,15.0067873001099,-11.1604022979736,-0.27008593082428,41.1725120544434,0.627528429031372,-37.2688102722168,-0.0366099439561367,-0.272880464792252,-0.280249744653702,0.163217008113861,-15.9991674423218,1.99883182308927e-17,37.2999992370605,-0.899999976158142,48,1,0,0,0,0,0
-34.7478103637695,34.2963562011719,44.7341995239258,15.9321975708008,-9.51488876342773,-0.526005923748016,41.1725120544434,0.627528429031372,-37.2688102722168,-0.0366099439561367,-0.272880464792252,-0.280249744653702,0.163217008113861,-15.9991674423218,1.99883182308927e-17,35.8899993896484,-1.35000002384186,54,1,0,0,0,0,0
-36.6408653259277,37.9104156494141,44.8514862060547,16.6147918701172,-7.95548725128174,-0.595479667186737,39.918212890625,1.53538584709167,-28.2854499816895,-0.115793712437153,-0.234653264284134,-0.278811275959015,0.163217008113861,-15.9991674423218,1.99883182308927e-17,35.2700004577637,-1.67999994754791,59,1,0,0,0,0,0
-38.4623832702637,42.2890968322754,45.0082893371582,17.1460037231445,-6.40115356445312,-0.647164821624756,39.1812210083008,1.38158130645752,-20.6525993347168,-0.054455079138279,-0.208807185292244,-0.27912700176239,0.163217008113861,-15.9991674423218,1.99883182308927e-17,35.0200004577637,-2.00999999046326,63,1,0,0,0,0,0
-38.4623832702637,42.2890968322754,45.0082893371582,17.568510055542,-4.69490671157837,-0.571861863136292,39.1812210083008,1.38158130645752,-20.6525993347168,-0.054455079138279,-0.208807185292244,-0.27912700176239,0.163217008113861,-15.9991674423218,1.99883182308927e-17,35.0499992370605,-2.44000005722046,69,1,0,0,0,0,0
-40.8208999633789,51.04150390625,45.2713813781738,17.7609081268311,-3.40554118156433,-0.562705516815186,38.1604995727539,0.86674427986145,-10.1349496841431,0.0459741614758968,-0.206825211644173,-0.275361478328705,0.163217008113861,-15.9991674423218,1.99883182308927e-17,35.0599975585938,-2.69000005722046,74,1,0,0,0,0,0
-41.3890190124512,55.3083152770996,45.3755874633789,17.8569145202637,-1.60518491268158,-0.495460122823715,38.1604995727539,0.86674427986145,-10.1349496841431,0.0459741614758968,-0.206825211644173,-0.275361478328705,0.163217008113861,-15.9991674423218,1.99883182308927e-17,34.8199996948242,-3.02999997138977,80,1,0,0,0,0,0
-41.5938301086426,59.9275627136231,45.4569931030273,17.818115234375,-0.267435967922211,-0.377578973770142,37.9607200622559,0.52010577917099,-1.32941746711731,-0.0506993494927883,-0.166679009795189,-0.280356347560883,0.163217008113861,-15.9991674423218,1.99883182308927e-17,34.9300003051758,-3.18999981880188,85,1,0,0,0,0,0
-41.3899765014648,64.5128402709961,45.5003700256348,17.6316032409668,1.5126805305481,-0.167288482189178,37.9607200622559,0.52010577917099,-1.32941746711731,-0.0506993494927883,-0.166679009795189,-0.280356347560883,0.163217008113861,-15.9991674423218,1.99883182308927e-17,35.2299995422363,-3.27999997138977,91,1,0,0,0,0,0
-40.9642448425293,68.0009231567383,45.5083961486816,17.3956851959229,2.90479779243469,-0.00338900601491332,37.1171493530273,-0.404526799917221,6.84230327606201,-0.0299881566315889,-0.14949731528759,-0.26144540309906,0.163217008113861,-15.9991674423218,1.99883182308927e-17,35.7299995422363,-3.24000000953674,98,1,0,0,0,0,0
-40.2382202148437,71.7534866333008,45.484561920166,17.0452365875244,4.39153242111206,0.0622194409370422,37.1171493530273,-0.404526799917221,6.84230327606201,-0.0299881566315889,-0.14949731528759,-0.26144540309906,0.163217008113861,-15.9991674423218,1.99883182308927e-17,36.0900001525879,-3.18999981880188,102,1,0,0,0,0,0
-39.0210762023926,76.1460876464844,45.4392890930176,16.6376323699951,5.69372987747192,0.165485098958015,36.122859954834,-0.912020564079285,13.4713439941406,-0.0641404092311859,-0.148087128996849,-0.244165003299713,0.163217008113861,-15.9991674423218,1.99883182308927e-17,36.8400001525879,-3.0699999332428,108,1,0,0,0,0,0
-37.847770690918,79.4383926391602,45.3811683654785,16.138973236084,6.99634647369385,0.322373628616333,35.2584686279297,-1.34337341785431,20.5467720031738,-0.0641404092311859,-0.148087128996849,-0.244165003299713,0.163217008113861,-15.9991674423218,1.99883182308927e-17,37.6800003051758,-2.8899998664856,113,1,0,0,0,0,0
-35.8627777099609,83.9396591186524,45.2671737670898,15.514066696167,8.31393051147461,0.396788567304611,35.2584686279297,-1.34337341785431,20.5467720031738,-0.061033584177494,-0.165363028645515,-0.25675094127655,0.163217008113861,-15.9991674423218,1.99883182308927e-17,38.8199996948242,-2.53999996185303,119,1,0,0,0,0,0
-34.0187187194824,87.3594818115235,45.1597328186035,14.8397645950317,9.54831886291504,0.427489012479782,35.9227409362793,-1.62918257713318,27.0628318786621,0.0916461125016212,-0.177487581968308,-0.264903962612152,0.163217008113861,-15.9991674423218,1.99883182308927e-17,39.3999977111816,-2.29999995231628,123,1,0,0,0,0,0
-31.5382709503174,91.18505859375,45.0203323364258,14.1405973434448,10.6366024017334,0.561120271682739,37.3161010742188,-1.98066782951355,34.4963684082031,0.0916461125016212,-0.177487581968308,-0.264903962612152,0.163217008113861,-15.9991674423218,1.99883182308927e-17,40.0200004577637,-2,128,1,0,0,0,0,0
-29.1678581237793,94.2643890380859,44.8735618591309,13.0955009460449,12.0740375518799,0.617135167121887,37.3161010742188,-1.98066782951355,34.4963684082031,0.074603259563446,-0.180101364850998,-0.274541437625885,0.163217008113861,-15.9991674423218,1.99883182308927e-17,40.8699989318848,-1.42999994754791,134,1,0,0,0,0,0
-26.5570945739746,97.1465682983398,44.7099266052246,12.2158279418945,13.1143484115601,0.590672016143799,38.7560844421387,-1.85639119148254,41.23095703125,0.00994244776666164,-0.21489480137825,-0.25786218047142,0.163217008113861,-15.9991674423218,1.99883182308927e-17,41.25,-1.0900000333786,138,1,0,0,0,0,0
-22.8385753631592,100.533157348633,44.517993927002,11.1790046691895,14.1899566650391,0.495334684848785,38.7560844421387,-1.85639119148254,41.23095703125,0.00994244776666164,-0.21489480137825,-0.25786218047142,0.163217008113861,-15.9991674423218,1.99883182308927e-17,41.5799980163574,-0.839999973773956,143,1,0,0,0,0,0
-19.9704246520996,102.700462341309,44.408374786377,9.54489135742188,15.5874366760254,0.382708609104156,38.1846809387207,-1.40055084228516,49.3995552062988,0.0216805394738913,-0.216736257076263,-0.260748416185379,0.163217008113861,-15.9991674423218,1.99883182308927e-17,42.2700004577637,-0.509999990463257,149,1,0,0,0,0,0
-16.2602138519287,105.04768371582,44.3042488098145,8.20740985870361,16.497278213501,0.356882810592651,38.9423446655273,-1.28087377548218,57.0758934020996,0.0216805394738913,-0.216736257076263,-0.260748416185379,0.163217008113861,-15.9991674423218,1.99883182308927e-17,43.0499992370605,-0.199999988079071,156,1,0,0,0,0,0
-12.3436317443847,107.068687438965,44.2036743164062,6.47219276428223,17.4454326629639,0.34932678937912,40.1407775878906,-1.27806496620178,64.3671417236328,0.0319870859384537,-0.21130882203579,-0.289060592651367,0.163217008113861,-15.9991674423218,1.99883182308927e-17,43.7099990844727,0.149999991059303,162,1,0,0,0,0,0
-8.23122596740721,108.743255615234,44.1003532409668,4.8473048210144,18.1213092803955,0.418438106775284,41.7027359008789,-0.734510540962219,70.8120956420898,0.0836182087659836,-0.2507563829422,-0.286026448011398,0.163217008113861,-15.9991674423218,1.99883182308927e-17,44.0499992370605,0.469999998807907,166,1,0,0,0,0,0
-3.23673272132872,110.206756591797,43.9616622924805,2.94010353088379,18.6960830688477,0.315977603197098,41.7027359008789,-0.734510540962219,70.8120956420898,0.0809390470385551,-0.272433459758759,-0.245015770196915,0.163217008113861,-15.9991674423218,1.99883182308927e-17,44.2999992370605,0.829999983310699,173,1,0,0,0,0,0
1.18955647945406,111.01513671875,43.8549537658691,1.4115971326828,19.0035648345947,0.184441089630127,42.0482292175293,0.616685748100281,80.179313659668,0.0809390470385551,-0.272433459758759,-0.245015770196915,0.163217008113861,-15.9991674423218,1.99883182308927e-17,44.3600006103516,0.949999988079071,177,1,0,0,0,0,0
9.54457283020021,111.344253540039,43.7543907165527,-0.860381066799164,19.2238388061523,-0.0116746854037046,42.0482292175293,0.616685748100281,80.179313659668,-0.061922587454319,-0.291553914546967,-0.293409168720245,0.163217008113861,-15.9991674423218,1.99883182308927e-17,44.3899993896484,1.00999999046326,-175,1,0,0,0,0,0
14.1186618804932,110.870643615723,43.7662048339844,-2.79189014434814,19.175085067749,-0.145273149013519,42.9552803039551,1.07341194152832,89.4567184448242,0.000739393755793571,-0.30379581451416,-0.296072363853455,0.163217008113861,-15.9991674423218,1.99883182308927e-17,44.3699989318848,0.959999978542328,-171,1,0,0,0,0,0
19.4357051849365,109.711967468262,43.7890243530273,-4.90846633911133,18.8829669952393,-0.242408454418182,43.6707801818848,1.45552134513855,97.8655471801758,0.0214377045631409,-0.299363732337952,-0.301093697547913,0.163217008113861,-15.9991674423218,1.99883182308927e-17,44.2799987792969,0.919999957084656,-164,1,0,0,0,0,0
24.2386894226074,108.073196411133,43.8325347900391,-7.00647783279419,18.3638458251953,-0.359282046556473,43.9003829956055,1.8816522359848,105.689643859863,-0.00608573108911514,-0.298289716243744,-0.294495522975922,0.163217008113861,-15.9991674423218,1.99883182308927e-17,44.189998626709,0.810000002384186,-160,1,0,0,0,0,0
24.2386894226074,108.073196411133,43.8325347900391,-8.40909671783447,17.8631916046143,-0.416345030069351,43.9003829956055,1.8816522359848,105.689643859863,-0.00608573108911514,-0.298289716243744,-0.294495522975922,0.163217008113861,-15.9991674423218,1.99883182308927e-17,44.0999984741211,0.610000014305115,-153,1,0,0,0,0,0
32.2504272460938,103.903251647949,43.9889297485352,-10.7853488922119,16.6891956329346,-0.479189783334732,44.3997764587402,2.2502601146698,115.061096191406,0.0129579771310091,-0.305266618728638,-0.291108787059784,0.163217008113861,-15.9991674423218,1.99883182308927e-17,43.9599990844727,0.449999988079071,-148,1,0,0,0,0,0
36.4039154052735,100.90055847168,44.0425796508789,-12.1117467880249,15.8503646850586,-0.386507987976074,45.3805809020996,2.21976065635681,123.153991699219,0.0128439404070377,-0.275219231843948,-0.30739238858223,0.163217008113861,-15.9991674423218,1.99883182308927e-17,44.25,0.419999986886978,-142,1,0,0,0,0,0
39.9630317687988,97.7459869384765,44.0757446289063,-13.7810907363892,14.5467691421509,-0.322952806949615,45.3805809020996,2.21976065635681,123.153991699219,0.0128439404070377,-0.275219231843948,-0.30739238858223,0.163217008113861,-15.9991674423218,1.99883182308927e-17,44.2599983215332,0.429999977350235,-137,1,0,0,0,0,0
43.4775009155274,93.9367218017578,44.1062698364258,-15.3012037277222,13.1214189529419,-0.276689141988754,46.0758399963379,1.89862823486328,132.3291015625,-0.0394587516784668,-0.27386412024498,-0.315642535686493,0.163217008113861,-15.9991674423218,1.99883182308927e-17,44.5799980163574,0.389999985694885,-130,1,0,0,0,0,0
45.6856918334961,91.0775909423828,44.1274795532227,-16.7180233001709,11.4869737625122,-0.181715726852417,45.1130714416504,1.02348649501801,139.746078491211,-0.0609090365469456,-0.268474191427231,-0.352962613105774,0.163217008113861,-15.9991674423218,1.99883182308927e-17,44.7700004577637,0.389999985694885,-125,1,0,0,0,0,0
48.938835144043,85.9664993286133,44.1431350708008,-17.6754417419434,10.1337060928345,-0.208763122558594,44.5129776000977,-0.230955049395561,148.04931640625,-0.0806116610765457,-0.30950990319252,-0.362805336713791,0.163217008113861,-15.9991674423218,1.99883182308927e-17,44.7700004577637,0.439999997615814,-121,1,0,0,0,0,0
50.9215202331543,81.9653854370117,44.1713790893555,-18.8051719665527,8.03159236907959,-0.113811805844307,44.5129776000977,-0.230955049395561,148.04931640625,-0.0806116610765457,-0.30950990319252,-0.362805336713791,0.163217008113861,-15.9991674423218,1.99883182308927e-17,44.7700004577637,0.259999990463257,-114,1,0,0,0,0,0
52.5511169433594,77.8159561157226,44.1520233154297,-19.6018238067627,5.86633062362671,-0.400858372449875,41.8753204345703,-0.254658281803131,158.169403076172,-0.0259218048304319,-0.295203268527985,-0.273486316204071,0.163217008113861,-15.9991674423218,1.99883182308927e-17,44.7599983215332,0.259999990463257,-107,1,0,0,0,0,0
53.8703460693359,73.1131744384765,44.2253532409668,-20.0907955169678,3.73912310600281,-0.75889652967453,42.9879150390625,1.88500368595123,165.359588623047,0.0177516043186188,-0.338299304246902,-0.178797587752342,0.163217008113861,-15.9991674423218,1.99883182308927e-17,44.7099990844727,-0.119999997317791,-102,1,0,0,0,0,0
54.6741409301758,68.3030853271484,44.4036712646484,-20.2546100616455,2.17801451683044,-0.828813672065735,42.9879150390625,1.88500368595123,165.359588623047,0.0177516043186188,-0.338299304246902,-0.178797587752342,0.163217008113861,-15.9991674423218,1.99883182308927e-17,44.689998626709,-0.560000002384186,-98,1,0,0,0,0,0
55.0420570373535,63.4400863647461,44.5895309448242,-20.257173538208,-0.138596445322037,-0.623679339885712,43.2921524047852,3.00840425491333,174.426788330078,-0.0810348093509674,-0.214228823781014,-0.321969747543335,0.163217008113861,-15.9991674423218,1.99883182308927e-17,44.7299995422363,-0.959999978542328,-91,1,0,0,0,0,0
54.9957466125488,58.2019538879394,44.7363090515137,-20.1507129669189,-1.57526791095734,-0.53343403339386,45.6031913757324,1.8426126241684,-176.700347900391,-0.0810348093509674,-0.214228823781014,-0.321969747543335,0.163217008113861,-15.9991674423218,1.99883182308927e-17,44.7399978637695,-1.10000002384186,-86,1,0,0,0,0,0
54.5512542724609,53.8082695007324,44.8323478698731,-19.8526077270508,-3.64119052886963,-0.301500976085663,45.6031913757324,1.8426126241684,-176.700347900391,0.137453451752663,-0.259051352739334,-0.316161632537842,0.163217008113861,-15.9991674423218,1.99883182308927e-17,44.75,-1.19999992847443,-79,1,0,0,0,0,0
53.7268981933594,49.496768951416,44.8894691467285,-19.4048652648926,-5.63095903396606,-0.181819349527359,47.4036331176758,1.3465074300766,-170.226791381836,0.0267755165696144,-0.276684820652008,-0.290551245212555,0.163217008113861,-15.9991674423218,1.99883182308927e-17,44.7599983215332,-1.23000001907349,-74,1,0,0,0,0,0
52.2357406616211,44.4890174865723,44.9112319946289,-18.6787281036377,-7.82732152938843,0.129077255725861,47.093879699707,0.685974597930908,-160.06135559082,0.0267755165696144,-0.276684820652008,-0.290551245212555,0.163217008113861,-15.9991674423218,1.99883182308927e-17,44.7700004577637,-1.1599999666214,-67,1,0,0,0,0,0
50.4148788452148,40.0019073486328,44.8677940368652,-17.8162860870361,-9.70641708374023,0.370068460702896,47.093879699707,0.685974597930908,-160.06135559082,0.0371660590171814,-0.240119025111198,-0.331097930669784,0.163217008113861,-15.9991674423218,1.99883182308927e-17,44.7700004577637,-0.689999997615814,-61,1,0,0,0,0,0
48.5930328369141,36.3947105407715,44.782585144043,-16.8002452850342,-11.4347496032715,0.54326719045639,47.1470603942871,-0.393911153078079,-149.905822753906,0.0371660590171814,-0.240119025111198,-0.331097930669784,0.163217008113861,-15.9991674423218,1.99883182308927e-17,44.7700004577637,-0.310000002384186,-56,1,0,0,0,0,0
43.3111572265625,28.7565498352051,44.5178527832031,-15.7323236465454,-12.9053916931152,0.471740484237671,46.497486114502,-0.490123122930527,-142.587600708008,-0.0908038690686226,-0.340548992156982,-0.289776653051376,0.163217008113861,-15.9991674423218,1.99883182308927e-17,44.7700004577637,-0.0700000002980232,-51,1,0,0,0,0,0
39.9505500793457,25.2459564208984,44.4233932495117,-14.1027269363403,-14.689058303833,0.168422445654869,46.497486114502,-0.490123122930527,-142.587600708008,-0.0908038690686226,-0.340548992156982,-0.289776653051376,0.163217008113861,-15.9991674423218,1.99883182308927e-17,44.7599983215332,0.00999999977648258,-44,1,0,0,0,0,0
36.8681411743164,22.620325088501,44.4239006042481,-12.3453989028931,-16.139684677124,-0.0772204995155334,44.612922668457,0.995451748371124,-131.959487915039,-0.0616951808333397,-0.33341658115387,-0.260977208614349,0.163217008113861,-15.9991674423218,1.99883182308927e-17,44.7000007629395,-0.0599999986588955,-40,1,0,0,0,0,0
32.9246673583984,19.8417625427246,44.4911003112793,-10.3432006835938,-17.415657043457,-0.293935567140579,44.8473777770996,1.27794253826141,-123.651473999023,-0.0806307196617126,-0.293510854244232,-0.328954458236694,0.163217008113861,-15.9991674423218,1.99883182308927e-17,44.25,-0.399999976158142,-33,1,0,0,0,0,0
28.3642234802246,17.2768783569336,44.5908699035645,-8.63529777526855,-18.226770401001,-0.28899273276329,44.8473777770996,1.27794253826141,-123.651473999023,-0.0806307196617126,-0.293510854244232,-0.328954458236694,0.163217008113861,-15.9991674423218,1.99883182308927e-17,44.0400009155273,-0.75,-26,1,0,0,0,0,0
23.9638061523437,15.3416061401367,44.676097869873,-6.81788873672485,-18.8495750427246,-0.360479950904846,43.0461158752441,0.931768298149109,-113.263053894043,-0.124734096229076,-0.308761328458786,-0.317235350608826,0.163217008113861,-15.9991674423218,1.99883182308927e-17,43.8499984741211,-0.949999988079071,-21,1,0,0,0,0,0
19.8143749237061,13.9503536224365,44.7678871154785,-4.74475908279419,-19.2853393554688,-0.48718848824501,43.4253273010254,1.25052344799042,-104.518714904785,0.0274053625762463,-0.291597485542297,-0.296985328197479,0.163217008113861,-15.9991674423218,1.99883182308927e-17,43.129997253418,-1.32999992370605,-15,1,0,0,0,0,0
14.8203868865967,12.805700302124,44.8953552246094,-2.59680247306824,-19.4799022674561,-0.576448500156403,43.9090728759766,1.65055775642395,-96.7074279785156,0.0274053625762463,-0.291597485542297,-0.296985328197479,0.163217008113861,-15.9991674423218,1.99883182308927e-17,42.5,-1.64999997615814,-10,1,0,0,0,0,0
10.9503631591797,12.2999305725098,45.0175514221191,-0.854665637016296,-19.4562015533447,-0.59393322467804,43.9090728759766,1.65055775642395,-96.7074279785156,-0.0346764475107193,-0.294010192155838,-0.296613097190857,0.163217008113861,-15.9991674423218,1.99883182308927e-17,41.8099975585938,-1.9799998998642,-6,1,0,0,0,0,0
6.29721355438232,12.1090354919434,45.1606636047363,1.111483335495,-19.2362155914307,-0.327547430992126,43.8417854309082,1.42081654071808,-88.2793197631836,-0.0408047959208488,-0.242495849728584,-0.314048856496811,0.163217008113861,-15.9991674423218,1.99883182308927e-17,41.3999977111816,-2.28999996185303,0,1,0,0,0,0,0
1.72644293308258,12.3196220397949,45.2474174499512,2.93749856948853,-18.86962890625,-0.0299705173820257,44.238582611084,0.0343759134411812,-77.7744522094727,-0.0408047959208488,-0.242495849728584,-0.314048856496811,0.163217008113861,-15.9991674423218,1.99883182308927e-17,41.1100006103516,-2.20000004768372,7,1,0,0,0,0,0
-2.7898497581482,12.9145355224609,45.2474670410156,4.63327598571777,-18.3827018737793,0.186580374836922,44.238582611084,0.0343759134411812,-77.7744522094727,0.0254662241786718,-0.23170879483223,-0.301149994134903,0.163217008113861,-15.9991674423218,1.99883182308927e-17,40.9300003051758,-2.00999999046326,11,1,0,0,0,0,0
-7.56233549118042,14.0115013122559,45.1787948608398,5.94371032714844,-17.9054412841797,0.205094784498215,43.303882598877,-0.370868593454361,-69.5096054077148,0.0254662241786718,-0.23170879483223,-0.301149994134903,0.163217008113861,-15.9991674423218,1.99883182308927e-17,40.0599975585938,-1.83999991416931,18,1,0,0,0,0,0
-11.4817924499512,15.3264541625977,45.1108932495117,7.64117527008057,-17.1345691680908,0.335629403591156,43.303882598877,-0.370868593454361,-69.5096054077148,-0.066196583211422,-0.247463971376419,-0.284784883260727,0.163217008113861,-15.9991674423218,1.99883182308927e-17,39.8400001525879,-1.64999997615814,22,1,0,0,0,0,0
-15.8920497894287,17.2852897644043,45.0150909423828,9.27476119995117,-16.2233848571777,0.390111833810806,41.6527824401855,-0.982744693756104,-59.6696395874023,-0.066196583211422,-0.247463971376419,-0.284784883260727,0.163217008113861,-15.9991674423218,1.99883182308927e-17,39.4799995422363,-1.45999991893768,26,1,0,0,0,0,0
-20.0959358215332,19.6771926879883,44.9018707275391,10.8387966156006,-15.147198677063,0.380894273519516,41.6527824401855,-0.982744693756104,-59.6696395874023,-0.0717646256089211,-0.227747708559036,-0.313362628221512,0.163217008113861,-15.9991674423218,1.99883182308927e-17,39.0499992370605,-1.18999993801117,33,1,0,0,0,0,0
-23.4134998321533,22.0014533996582,44.8142204284668,12.4283151626587,-13.7476501464844,0.231242224574089,40.6429672241211,-1.03486299514771,-48.4667358398438,-0.0717646256089211,-0.227747708559036,-0.313362628221512,0.163217008113861,-15.9991674423218,1.99883182308927e-17,38.5499992370605,-1.11000001430511,37,1,0,0,0,0,0
-27.0464210510254,25.1259899139404,44.7386894226074,13.6020889282227,-12.427942276001,0.0930711999535561,39.4900894165039,-0.156532675027847,-41.6966094970703,-0.0542355701327324,-0.279428750276566,-0.274789154529571,0.163217008113861,-15.9991674423218,1.99883182308927e-17,37.6399993896484,-1.07999992370605,44,1,0,0,0,0,0
-30.0793552398682,28.3219261169434,44.6901130676269,14.553071975708,-11.1041955947876,-0.125944137573242,39.4900894165039,-0.156532675027847,-41.6966094970703,-0.0654656887054443,-0.28730183839798,-0.262110501527786,0.163217008113861,-15.9991674423218,1.99883182308927e-17,36.689998626709,-1.28999996185303,50,1,0,0,0,0,0
-35.1279907226562,35.4430999755859,44.7907295227051,15.6091470718384,-9.27124691009521,-0.462353706359863,37.8433494567871,1.26478660106659,-31.980001449585,-0.0899454653263092,-0.21968586742878,-0.259254515171051,0.163217008113861,-15.9991674423218,1.99883182308927e-17,36.0999984741211,-1.61000001430511,54,1,0,0,0,0,0
-35.1279907226562,35.4430999755859,44.7907295227051,16.1278324127197,-8.11820602416992,-0.53944319486618,36.639705657959,1.42691969871521,-25.4935646057129,-0.0899454653263092,-0.21968586742878,-0.259254515171051,0.163217008113861,-15.9991674423218,1.99883182308927e-17,35.9300003051758,-1.94999992847443,59,1,0,0,0,0,0
-37.2964630126953,39.6148681640625,44.9196815490723,16.682544708252,-6.43021821975708,-0.51648885011673,36.639705657959,1.42691969871521,-25.4935646057129,-0.0389984175562859,-0.189366564154625,-0.269521564245224,0.163217008113861,-15.9991674423218,1.99883182308927e-17,36.0999984741211,-2.3199999332428,65,1,0,0,0,0,0
-40.2994041442871,47.6054039001465,45.122257232666,17.0151691436768,-5.08729839324951,-0.399540901184082,36.2591896057129,0.727805197238922,-18.7901916503906,-0.012971768155694,-0.15561144053936,-0.289217293262482,0.163217008113861,-15.9991674423218,1.99883182308927e-17,36.5299987792969,-2.54999995231628,71,1,0,0,0,0,0
-40.2994041442871,47.6054039001465,45.122257232666,17.280403137207,-3.63946390151978,-0.231981232762337,36.3970832824707,-0.0120796160772443,-12.0644330978394,-0.012971768155694,-0.15561144053936,-0.289217293262482,0.163217008113861,-15.9991674423218,1.99883182308927e-17,36.8499984741211,-2.60999989509583,76,1,0,0,0,0,0
-42.0312271118164,55.8559265136719,45.1841659545898,17.421537399292,-2.47397780418396,-0.136119961738586,36.3970832824707,-0.0120796160772443,-12.0644330978394,0.00915372278541327,-0.14653317630291,-0.247273862361908,0.163217008113861,-15.9991674423218,1.99883182308927e-17,37.1699981689453,-2.60999989509583,80,1,0,0,0,0,0
-42.4184303283691,60.4035339355469,45.1944046020508,17.5288333892822,-0.848850548267365,-0.107580170035362,35.6333656311035,-0.376779288053513,-5.19923114776611,-0.0518789663910866,-0.146428555250168,-0.236046373844147,0.163217008113861,-15.9991674423218,1.99883182308927e-17,37.5900001525879,-2.64999985694885,86,1,0,0,0,0,0
-42.4533386230469,63.8760604858399,45.1883430480957,17.5147914886475,0.479426443576813,0.0663706660270691,35.6333656311035,-0.376779288053513,-5.19923114776611,-0.0518789663910866,-0.146428555250168,-0.236046373844147,0.163217008113861,-15.9991674423218,1.99883182308927e-17,38.129997253418,-2.5699999332428,90,1,0,0,0,0,0
-42.1176109313965,68.772346496582,45.1317520141601,17.4258518218994,1.89966630935669,0.14854471385479,36.939037322998,-0.882198750972748,1.21866810321808,0.0277814138680696,-0.162469401955605,-0.256188452243805,0.163217008113861,-15.9991674423218,1.99883182308927e-17,38.7399978637695,-2.37999987602234,97,1,0,0,0,0,0
-41.7185478210449,71.5519943237305,45.087947845459,17.2046318054199,3.49656271934509,0.314040064811707,37.4383926391602,-1.37833523750305,8.16190338134766,-0.0504676401615143,-0.167753294110298,-0.288232654333115,0.163217008113861,-15.9991674423218,1.99883182308927e-17,39.4199981689453,-2.08999991416931,103,1,0,0,0,0,0
-40.847053527832,75.6576766967774,44.9833869934082,16.9760112762451,4.60667085647583,0.35579913854599,37.4383926391602,-1.37833523750305,8.16190338134766,-0.0504676401615143,-0.167753294110298,-0.288232654333115,0.163217008113861,-15.9991674423218,1.99883182308927e-17,39.5599975585938,-1.94999992847443,105,1,0,0,0,0,0
-39.6066284179687,79.7208633422852,44.8584480285644,16.3592109680176,6.75412082672119,0.439717233181,38.6135063171387,-2.00660967826843,16.6112155914307,0.0591864064335823,-0.196451708674431,-0.288016498088837,0.163217008113861,-15.9991674423218,1.99883182308927e-17,39.8999977111816,-1.37000000476837,113,1,0,0,0,0,0
-37.9946708679199,83.6576614379883,44.7084274291992,15.7189254760742,8.36449527740479,0.32774543762207,39.4981994628906,-1.50487995147705,24.3988513946533,0.0591864064335823,-0.196451708674431,-0.288016498088837,0.163217008113861,-15.9991674423218,1.99883182308927e-17,39.7900009155273,-1.13999998569489,118,1,0,0,0,0,0
-35.8133125305176,87.7511596679688,44.5786743164062,14.9833507537842,9.82381725311279,0.307120680809021,39.4981994628906,-1.50487995147705,24.3988513946533,0.0138040604069829,-0.256085276603699,-0.24966923892498,0.163217008113861,-15.9991674423218,1.99883182308927e-17,39.9599990844727,-0.849999964237213,124,1,0,0,0,0,0
-33.6456985473633,91.030891418457,44.479736328125,14.0100536346436,11.3820018768311,0.218708544969559,39.5755615234375,-1.22504365444183,31.7350807189941,0.00789806805551052,-0.239273607730866,-0.290108203887939,0.163217008113861,-15.9991674423218,1.99883182308927e-17,40,-0.699999988079071,128,1,0,0,0,0,0
-30.461706161499,94.9622802734375,44.3741149902344,12.8758068084717,12.8500204086304,0.123067185282707,39.3942527770996,-1.22069156169891,38.6430740356445,0.0512964501976967,-0.23415581882,-0.290496468544006,0.163217008113861,-15.9991674423218,1.99883182308927e-17,40.1499977111816,-0.479999989271164,135,1,0,0,0,0,0
-27.3811817169189,98.0557327270508,44.3139686584473,11.6932058334351,14.0995101928711,0.0387505143880844,40.0461349487305,-0.965822875499725,45.1747436523438,0.0512964501976967,-0.23415581882,-0.290496468544006,0.163217008113861,-15.9991674423218,1.99883182308927e-17,40.1699981689453,-0.419999986886978,139,1,0,0,0,0,0
-24.0023612976074,100.858856201172,44.2719917297363,10.5744018554688,15.0731897354126,-0.0680866613984108,39.8662452697754,-0.406524270772934,52.7870750427246,-0.017568226903677,-0.260622501373291,-0.283262431621551,0.163217008113861,-15.9991674423218,1.99883182308927e-17,40.2299995422363,-0.409999996423721,145,1,0,0,0,0,0
-21.2877502441406,102.750076293945,44.2603988647461,8.85941314697266,16.2681522369385,-0.251458406448364,39.8662452697754,-0.406524270772934,52.7870750427246,-0.0095679871737957,-0.264199703931809,-0.272754192352295,0.163217008113861,-15.9991674423218,1.99883182308927e-17,40.1499977111816,-0.489999979734421,150,1,0,0,0,0,0
-17.4375038146972,104.97159576416,44.2778205871582,7.43194913864136,17.0426292419434,-0.371457546949387,40.0502510070801,0.384790122509003,60.6950340270996,-0.0095679871737957,-0.264199703931809,-0.272754192352295,0.163217008113861,-15.9991674423218,1.99883182308927e-17,39.9199981689453,-0.729999959468842,156,1,0,0,0,0,0
-13.0663833618164,106.93675994873,44.3459053039551,5.60846662521362,17.801342010498,-0.505820214748383,40.5725326538086,1.0482337474823,67.3964309692383,0.0157761834561825,-0.267511814832687,-0.278245121240616,0.163217008113861,-15.9991674423218,1.99883182308927e-17,39.7799987792969,-0.930000007152557,160,1,0,0,0,0,0
-8.83674430847166,108.334243774414,44.440242767334,3.95026421546936,18.2937622070312,-0.428050339221954,40.5725326538086,1.0482337474823,67.3964309692383,0.0485470816493034,-0.26443475484848,-0.268252938985825,0.163217008113861,-15.9991674423218,1.99883182308927e-17,39.5900001525879,-1.0900000333786,165,1,0,0,0,0,0
-4.11771249771116,109.390975952148,44.5334548950195,2.15147995948792,18.6725521087646,-0.321112543344498,42.0294418334961,1.50417470932007,74.4099578857422,0.0584946572780609,-0.224555104970932,-0.259032696485519,0.163217008113861,-15.9991674423218,1.99883182308927e-17,39.9099998474121,-1.19999992847443,171,1,0,0,0,0,0
0.676134109497089,109.995712280273,44.6020660400391,0.48423907160759,18.8813457489014,-0.073082908987999,41.972053527832,0.462408810853958,84.6721954345703,0.0584946572780609,-0.224555104970932,-0.259032696485519,0.163217008113861,-15.9991674423218,1.99883182308927e-17,40.879997253418,-1.12000000476837,178,1,0,0,0,0,0
5.17048072814943,110.175849914551,44.6154289245605,-1.3613156080246,18.9810962677002,0.143834978342056,41.972053527832,0.462408810853958,84.6721954345703,-0.0596907958388329,-0.193665713071823,-0.317854315042496,0.163217008113861,-15.9991674423218,1.99883182308927e-17,41.5499992370605,-0.959999978542328,-177,1,0,0,0,0,0
9.69408035278322,109.994598388672,44.5621719360352,-2.57223105430603,18.947473526001,0.287123173475266,41.3133163452148,-0.741331577301025,93.4901657104492,-0.0596907958388329,-0.193665713071823,-0.317854315042496,0.163217008113861,-15.9991674423218,1.99883182308927e-17,42.3400001525879,-0.689999997615814,-172,1,0,0,0,0,0
15.344783782959,109.229858398438,44.437801361084,-4.62007904052734,18.7280254364014,0.357890695333481,41.3133163452148,-0.741331577301025,93.4901657104492,0.0365958288311958,-0.235933914780617,-0.321841180324554,0.163217008113861,-15.9991674423218,1.99883182308927e-17,43.0799980163574,-0.259999990463257,-165,1,0,0,0,0,0
19.4463329315186,108.253784179688,44.3312797546387,-6.75829982757568,18.2797660827637,0.24539577960968,42.0409278869629,-0.146994203329086,104.388092041016,0.0365958288311958,-0.235933914780617,-0.321841180324554,0.163217008113861,-15.9991674423218,1.99883182308927e-17,43.5699996948242,0,-158,1,0,0,0,0,0
24.1972846984863,106.620330810547,44.2210884094238,-8.17932891845703,17.8169689178467,0.234706103801727,42.0409278869629,-0.146994203329086,104.388092041016,-0.0308850556612015,-0.271302133798599,-0.275089472532272,0.163217008113861,-15.9991674423218,1.99883182308927e-17,44.0400009155273,0.189999997615814,-154,1,0,0,0,0,0
31.5249309539795,102.963119506836,44.0580177307129,-9.93554973602295,17.0505905151367,0.275715857744217,42.5814056396484,0.0161144435405731,113.964874267578,0.0414701700210571,-0.260360300540924,-0.315376728773117,0.163217008113861,-15.9991674423218,1.99883182308927e-17,44.5900001525879,0.449999988079071,-149,1,0,0,0,0,0
31.5249309539795,102.963119506836,44.0580177307129,-11.9791831970215,15.8724250793457,0.234485685825348,43.1470794677734,0.112354688346386,123.691040039062,0.0414701700210571,-0.260360300540924,-0.315376728773117,0.163217008113861,-15.9991674423218,1.99883182308927e-17,44.7700004577637,0.769999980926514,-142,1,0,0,0,0,0
39.7009239196777,96.7961120605469,43.8704261779785,-13.7190380096436,14.575758934021,0.0613614208996296,43.1470794677734,0.112354688346386,123.691040039062,0.0155002297833562,-0.293228328227997,-0.30202043056488,0.163217008113861,-15.9991674423218,1.99883182308927e-17,44.7700004577637,0.939999997615814,-135,1,0,0,0,0,0
