-45.8324470520019,22.2107257843018,27.093204498291,3.43813347816467,-18.7873268127441,0.891623735427856,5.60379314422607,-3.947096824646,-76.2508850097656,0.755383729934692,-0.041635375469923,-0.187157616019249,15.2182197570801,4.94022083282471,1.86369440659164e-15,44.689998626709,0.779999971389771,-27,1,0,0,0,0,0
-49.9595260620117,22.9285469055176,26.8593349456787,4.17892360687256,-18.5487155914307,0.774091720581055,20.3126449584961,-2.52288365364075,-74.6320190429688,0.755383729934692,-0.041635375469923,-0.187157616019249,15.2182197570801,4.94022083282471,1.86369440659164e-15,44.75,5.31999969482422,-27,1,0,0,0,0,0
-55.0928497314453,24.1135444641113,26.6687526702881,5.33414268493652,-18.1577796936035,0.349036335945129,20.3126449584961,-2.52288365364075,-74.6320190429688,0.820752561092377,-0.0986493229866028,0.0356032252311707,15.2182197570801,4.94022083282471,1.86369440659164e-15,44.7700004577637,11.2599992752075,-27,1,0,0,0,0,0
-59.3957862854004,25.4587383270264,26.6377944946289,6.76610565185547,-17.7101993560791,-0.120065033435822,30.873514175415,1.27638232707977,-71.8737258911133,0.326701551675797,-0.234653145074844,-0.178136140108108,15.2182197570801,4.94022083282471,1.86369440659164e-15,44.7399978637695,14.7199993133545,-27,1,0,0,0,0,0
-63.9147300720215,27.3393440246582,26.7109985351562,8.13450050354004,-17.2426795959473,-0.478287518024445,36.1944313049316,2.80163478851318,-66.0906982421875,0.259524494409561,-0.316170901060104,-0.213599428534508,15.2182197570801,4.94022083282471,1.86369440659164e-15,44.6800003051758,17.7999992370605,-27,1,0,0,0,0,0
-67.8987731933594,29.5276870727539,26.8754081726074,10.0108909606934,-16.3598022460938,-1.11422121524811,36.1944313049316,2.80163478851318,-66.0906982421875,0.259524494409561,-0.316170901060104,-0.213599428534508,15.2182197570801,4.94022083282471,1.86369440659164e-15,42.2900009155273,17.9799995422363,-27,1,0,0,0,0,0
-71.6302185058594,32.1503219604492,27.1340160369873,11.765154838562,-15.2216310501099,-1.48408031463623,40.2535934448242,5.58986330032349,-55.5820693969727,-0.0163851194083691,-0.377169013023377,-0.263281553983688,15.2182197570801,4.94022083282471,1.86369440659164e-15,38.25,18,-27,1,0,0,0,0,0
-75.055419921875,35.1279220581055,27.4528961181641,13.7881736755371,-13.3975992202759,-2.0664119720459,41.8167304992676,6.74077939987183,-47.0166969299316,-0.0163851194083691,-0.377169013023377,-0.263281553983688,15.2182197570801,4.94022083282471,1.86369440659164e-15,29.7399997711182,18.0200004577637,-27,1,0,0,0,0,0
-78.5555419921875,39.039981842041,27.9920825958252,15.157208442688,-11.5153980255127,-2.94713735580444,41.8167304992676,6.74077939987183,-47.0166969299316,-0.044413685798645,-0.399547129869461,-0.246787294745445,15.2182197570801,4.94022083282471,1.86369440659164e-15,17.4400005340576,17.9499988555908,-27,1,0,0,0,0,0
-81.2153244018555,43.0027542114258,28.7820415496826,16.1213550567627,-9.4224967956543,-3.94747114181519,38.3948936462402,10.8001909255981,-37.9415969848633,-0.358680576086044,-0.38017526268959,-0.215394154191017,15.2182197570801,4.94022083282471,1.86369440659164e-15,8.40999984741211,17.8099994659424,-27,1,0,0,0,0,0
-83.2137908935547,46.7820129394531,29.7419548034668,16.4926719665527,-8.01965236663818,-4.25357007980347,31.8504829406738,11.6809492111206,-32.0543899536133,-0.449107497930527,-0.10745307803154,-0.194005832076073,15.2182197570801,4.94022083282471,1.86369440659164e-15,-1.04999995231628,17.6499996185303,-27,1,0,0,0,0,0
-84.9614944458008,50.5617485046387,30.7929496765137,16.4737205505371,-7.25702333450317,-4.59108018875122,31.8504829406738,11.6809492111206,-32.0543899536133,-0.449107497930527,-0.10745307803154,-0.194005832076073,15.2182197570801,4.94022083282471,1.86369440659164e-15,-4.71000003814697,17.5,-27,1,0,0,0,0,0
-86.7105407714844,54.5874328613281,32.0565528869629,16.253044128418,-6.66669893264771,-4.92900466918945,15.7534894943237,13.224006652832,-27.1648330688477,-0.618632912635803,0.0157930199056864,-0.14466655254364,15.2182197570801,4.94022083282471,1.86369440659164e-15,-6.96999979019165,17.4099998474121,-27,1,0,0,0,0,0
-88.0205459594726,57.6120872497559,33.0830307006836,15.8540496826172,-6.47737169265747,-5.28148365020752,3.51557636260986,14.2936029434204,-25.3558521270752,-0.618632912635803,0.0157930199056864,-0.14466655254364,15.2182197570801,4.94022083282471,1.86369440659164e-15,-7.52999973297119,17.3699989318848,-27,1,0,0,0,0,0
-89.4714202880859,60.8595161437988,34.2777137756348,15.1802673339844,-6.46980810165405,-5.90742158889771,3.51557636260986,14.2936029434204,-25.3558521270752,-0.31787770986557,-0.139036908745766,-0.00785445235669611,15.2182197570801,4.94022083282471,1.86369440659164e-15,-5.96999979019165,17.3699989318848,-27,1,0,0,0,0,0
-91.2182006835937,64.5385208129883,35.8074150085449,14.7310647964478,-6.57715320587158,-6.01847648620605,-1.35352027416229,16.3368053436279,-25.2188930511475,-0.179013624787331,-0.0693984180688858,0.00128766475245357,15.2182197570801,4.94022083282471,1.86369440659164e-15,-4.48999977111816,17.3699989318848,-27,1,0,0,0,0,0
-93.0302963256836,68.09521484375,37.3786849975586,14.1382875442505,-6.76737833023071,-6.13432884216309,-1.35352027416229,16.3368053436279,-25.2188930511475,-0.179013624787331,-0.0693984180688858,0.00128766475245357,15.2182197570801,4.94022083282471,1.86369440659164e-15,-2.74000000953674,17.3699989318848,-27,1,0,0,0,0,0
-94.7516708374023,71.2648162841797,38.8570365905762,13.1384420394897,-7.19422435760498,-6.74504995346069,-4.45330619812012,17.8903064727783,-26.4135513305664,-0.131558284163475,-0.0785158649086952,0.0741536021232605,15.2182197570801,4.94022083282471,1.86369440659164e-15,0.659999966621399,17.3999996185303,-27,1,0,0,0,0,0
-96.5514450073242,74.2687225341797,40.4454803466797,12.487530708313,-7.54086828231812,-6.91171550750732,-8.61490535736084,19.2774257659912,-28.3991394042969,0.0185519531369209,0.00289750937372446,0.0131744313985109,15.2182197570801,4.94022083282471,1.86369440659164e-15,3.66999983787537,17.3899993896484,-27,1,0,0,0,0,0
-98.4527587890625,77.099609375,42.0998840332031,11.8649377822876,-7.72965574264526,-6.92106103897095,-8.61490535736084,19.2774257659912,-28.3991394042969,0.0185519531369209,0.00289750937372446,0.0131744313985109,15.2182197570801,4.94022083282471,1.86369440659164e-15,6.52999973297119,12.7999992370605,-27,1,0,0,0,0,0
-100.545272827148,80.0387878417969,43.8798103332519,11.430157661438,-7.70334815979004,-6.59039735794067,-2.7954888343811,20.2339553833008,-28.8675594329834,0.281095325946808,-0.00533118098974227,0.113306358456612,15.2182197570801,4.94022083282471,1.86369440659164e-15,7.84999990463257,6.35999965667725,-27,1,0,0,0,0,0
-102.287574768066,82.4651794433594,45.3123893737793,11.0361137390137,-7.60736227035522,-5.94310283660889,-2.7954888343811,20.2339553833008,-28.8675594329834,0.281095325946808,-0.00533118098974227,0.113306358456612,15.2182197570801,4.94022083282471,1.86369440659164e-15,8.28999996185303,2.50999999046326,-27,1,0,0,0,0,0
-104.300361633301,85.2615585327149,46.8650703430176,10.7321338653564,-7.5539698600769,-4.82626056671143,3.64039087295532,17.3851661682129,-31.7201976776123,0.167383968830109,0.210027247667313,0.0266412645578384,14.8306512832642,6.00431299209595,1.81623091539225e-15,13.4399995803833,-2.10999989509583,-22,1,0,0,0,0,0
-106.140701293945,87.7926177978516,48.0704917907715,10.5307493209839,-7.37793636322021,-3.78693842887878,6.001145362854,10.559700012207,-30.2713737487793,0.167383968830109,0.210027247667313,0.0266412645578384,14.3687686920166,7.03835773468018,1.75966669044931e-15,17.6599998474121,-4.67999982833862,-18,1,0,0,0,0,0
-108.077087402344,90.504150390625,49.1408920288086,10.4605503082275,-7.23104000091553,-2.89165639877319,6.001145362854,10.559700012207,-30.2713737487793,0.14125494658947,0.292750090360641,-0.0722862482070923,12.9050569534302,9.45830345153809,1.58041366062398e-15,17.2199993133545,-6.8899998664856,-18,1,0,0,0,0,0
-109.806953430176,93.0084915161133,49.9161491394043,10.480504989624,-6.99429845809937,-1.30008566379547,13.9815464019775,3.02180123329163,-30.5074634552002,0.14125494658947,0.292750090360641,-0.0722862482070923,-8.47998046875,13.5679740905762,-1.03849807459668e-15,44.7599983215332,-8.84000015258789,100,1,0,0,0,0,0
-111.618583679199,95.7452392578125,50.4224395751953,10.681324005127,-6.59403562545776,-0.15358479321003,13.9815464019775,3.02180123329163,-30.5074634552002,0.746190667152405,0.313645571470261,-0.0923544466495514,-8.47998046875,13.5679740905762,-1.03849807459668e-15,44.7399978637695,-9.56999969482422,103,1,0,0,0,0,0
-113.185432434082,98.3271255493164,50.6156692504883,11.077223777771,-6.00232076644897,1.05569934844971,31.0995788574219,-3.03188252449036,-29.2702045440674,0.572358548641205,0.255864888429642,-0.198425590991974,-8.47998046875,13.5679740905762,-1.03849807459668e-15,44.5299987792969,-9.46000003814697,104,1,0,0,0,0,0
-114.710189819336,101.213714599609,50.523136138916,11.5366611480713,-5.37581825256348,2.14092350006104,31.0995788574219,-3.03188252449036,-29.2702045440674,0.572358548641205,0.255864888429642,-0.198425590991974,-8.47998046875,13.5679740905762,-1.03849807459668e-15,44.25,-8.64999961853027,108,1,0,0,0,0,0
-115.867279052734,103.765106201172,50.2151222229004,12.0220441818237,-4.66080808639526,2.89518666267395,39.915641784668,-9.45475578308105,-23.9034786224365,0.0894747152924538,-0.114913187921047,-0.40621942281723,-8.47998046875,13.5679740905762,-1.03849807459668e-15,44.0299987792969,-7.69999980926514,111,1,0,0,0,0,0
-117.007209777832,106.934944152832,49.6156883239746,12.9124240875244,-3.11807632446289,3.47905302047729,41.5162887573242,-11.7204761505127,-14.7738218307495,0.0894747152924538,-0.114913187921047,-0.40621942281723,-8.47998046875,13.5679740905762,-1.03849807459668e-15,43.8499984741211,-6.57999992370605,113,1,0,0,0,0,0
-117.778984069824,110.308090209961,48.866771697998,13.7175559997559,-1.37644839286804,3.9193274974823,41.5162887573242,-11.7204761505127,-14.7738218307495,0.137128964066505,-0.266282618045807,-0.362041592597961,-8.47998046875,13.5679740905762,-1.03849807459668e-15,43.7199974060059,-4.69000005722046,117,1,0,0,0,0,0
-118.059989929199,113.046798706055,48.2160263061523,14.327522277832,0.245857313275337,4.12628221511841,40.7070579528809,-13.1513195037842,-4.13133001327515,0.137128964066505,-0.266282618045807,-0.362041592597961,-8.47998046875,13.5679740905762,-1.03849807459668e-15,43.6699981689453,-2.42999982833862,121,1,0,0,0,0,0
-117.578330993652,120.005378723145,46.4896621704101,14.859787940979,2.27040195465088,3.99807906150818,38.8936157226562,-12.4592685699463,5.5720911026001,0.0272242520004511,-0.357469707727432,-0.350725293159485,-8.47998046875,13.5679740905762,-1.03849807459668e-15,43.7700004577637,-1.01999998092651,124,1,0,0,0,0,0
-117.578330993652,120.005378723145,46.4896621704101,15.0746793746948,4.03331899642944,3.68268918991089,38.8936157226562,-12.4592685699463,5.5720911026001,0.0272242520004511,-0.357469707727432,-0.350725293159485,-8.47998046875,13.5679740905762,-1.03849807459668e-15,44.0699996948242,1.05999994277954,129,1,0,0,0,0,0
-115.043296813965,127.48616027832,44.906307220459,14.9205265045166,6.86265182495117,2.8535521030426,39.1382217407227,-9.82534980773926,15.650447845459,-0.0130201485008001,-0.448271363973618,-0.245064869523048,-8.47998046875,13.5679740905762,-1.03849807459668e-15,44.4699974060059,2.10999989509583,132,1,0,0,0,0,0
-115.043296813965,127.48616027832,44.906307220459,14.3295183181763,9.17313766479492,1.70598137378693,37.3852310180664,-4.14916467666626,27.1175308227539,-0.0130201485008001,-0.448271363973618,-0.245064869523048,-8.47998046875,13.5679740905762,-1.03849807459668e-15,44.6800003051758,2.80999994277954,137,1,0,0,0,0,0
-110.192024230957,134.3701171875,44.2019920349121,13.2904930114746,11.2306385040283,0.983100950717926,37.3852310180664,-4.14916467666626,27.1175308227539,0.107992053031921,-0.39761421084404,-0.28474098443985,-8.47998046875,13.5679740905762,-1.03849807459668e-15,44.7299995422363,3,140,1,0,0,0,0,0
-107.489723205566,137.026062011719,44.0801696777344,12.092472076416,12.9090938568115,0.624454021453857,39.8329238891602,-2.70877695083618,38.3101844787598,0.153707146644592,-0.3733069896698,-0.3112613260746,-8.47998046875,13.5679740905762,-1.03849807459668e-15,44.75,3.35999989509583,145,1,0,0,0,0,0
-104.192527770996,139.597671508789,44.0212211608887,11.0357685089111,14.116868019104,0.337380915880203,41.028995513916,-1.45445454120636,44.9141731262207,-0.0710203722119331,-0.343759566545487,-0.254927337169647,-8.47998046875,13.5679740905762,-1.03849807459668e-15,44.7700004577637,3.40999984741211,148,1,0,0,0,0,0
-100.900588989258,141.646743774414,44.0069122314453,9.33170032501221,15.6149406433105,0.169289872050285,41.028995513916,-1.45445454120636,44.9141731262207,-0.0710203722119331,-0.343759566545487,-0.254927337169647,-8.47998046875,13.5679740905762,-1.03849807459668e-15,44.7700004577637,3.5699999332428,152,1,0,0,0,0,0
-96.4128036499023,143.773040771484,44.0405540466308,6.9605598449707,17.1057281494141,-0.307110130786896,42.9286689758301,0.194935515522957,56.2718696594238,0.133599892258644,-0.428325176239014,-0.347836196422577,-8.47998046875,13.5679740905762,-1.03849807459668e-15,44.7700004577637,3.51999998092651,156,1,0,0,0,0,0
-92.6456604003906,145.031997680664,44.1014022827148,5.27500438690186,17.9450740814209,-0.0855081751942635,42.9286689758301,0.194935515522957,56.2718696594238,0.133599892258644,-0.428325176239014,-0.347836196422577,-8.47998046875,13.5679740905762,-1.03849807459668e-15,44.7700004577637,3.72000002861023,161,1,0,0,0,0,0
-88.7213745117187,145.952270507813,44.1136627197265,3.47785687446594,18.6409454345703,-0.176223412156105,45.8533248901367,-0.855313301086426,69.1559677124023,0.0837989151477814,-0.432505160570145,-0.335013061761856,-8.47998046875,13.5679740905762,-1.03849807459668e-15,44.7700004577637,3.86999988555908,163,1,0,0,0,0,0
-83.8807601928711,146.464920043945,44.1484107971191,0.529210150241852,19.4338111877441,-0.417393654584885,47.419132232666,0.601121187210083,79.9045181274414,0.0837989151477814,-0.432505160570145,-0.335013061761856,-8.47998046875,13.5679740905762,-1.03849807459668e-15,44.7700004577637,3.84999990463257,166,1,0,0,0,0,0
-79.2811660766601,146.356918334961,44.2103729248047,-1.53992021083832,19.7040004730225,-0.514474213123322,47.419132232666,0.601121187210083,79.9045181274414,-0.0979173555970192,-0.271732449531555,-0.241261839866638,-8.47998046875,13.5679740905762,-1.03849807459668e-15,44.7599983215332,3.87999987602234,167,1,0,0,0,0,0
-74.2581787109375,145.641036987305,44.2906341552734,-3.96274495124817,19.7267532348633,-0.52873957157135,47.121753692627,0.949624598026276,89.3671340942383,-0.00782044231891632,-0.292566150426865,-0.318220883607864,-8.47998046875,13.5679740905762,-1.03849807459668e-15,44.7700004577637,3.98000001907349,167,1,0,0,0,0,0
-70.0309524536133,144.560897827148,44.3637619018555,-6.61220455169678,19.427490234375,-0.544801533222198,48.4416389465332,0.0846229493618011,100.159446716309,-0.00782044231891632,-0.292566150426865,-0.318220883607864,-8.47998046875,13.5679740905762,-1.03849807459668e-15,44.7700004577637,4.06999969482422,167,1,0,0,0,0,0
-64.3740692138672,142.355407714844,44.4701232910156,-8.60190677642822,18.984712600708,-0.559418976306915,48.4416389465332,0.0846229493618011,100.159446716309,0.0872638002038002,-0.337555706501007,-0.346316426992416,-8.47998046875,13.5679740905762,-1.03849807459668e-15,44.7700004577637,4.11999988555908,167,1,0,0,0,0,0
-61.4524536132812,140.824142456055,44.5190849304199,-11.3196144104004,17.9764652252197,-0.671498417854309,47.6290893554688,1.04522442817688,115.091979980469,0.0872638002038002,-0.337555706501007,-0.346316426992416,-8.47998046875,13.5679740905762,-1.03849807459668e-15,44.75,4.13000011444092,167,1,0,0,0,0,0
-56.9086112976074,137.82209777832,44.6209182739258,-13.5690670013428,16.7037601470947,-0.933569669723511,47.6290893554688,1.04522442817688,115.091979980469,-0.0994473844766617,-0.409135580062866,-0.280819177627563,-8.47998046875,13.5679740905762,-1.03849807459668e-15,44.7199974060059,4.00999975204468,167,1,0,0,0,0,0
-53.0281753540039,134.487838745117,44.7777214050293,-15.5459432601929,15.2434749603271,-0.910688757896423,48.2339515686035,2.29241037368774,124.255157470703,-0.105411037802696,-0.359110176563263,-0.301966279745102,-8.47998046875,13.5679740905762,-1.03849807459668e-15,44.7199974060059,3.78999996185303,166,1,0,0,0,0,0
-49.1931610107422,130.389450073242,44.9579429626465,-17.2800216674805,13.5632047653198,-0.904391586780548,47.9554824829102,2.70470547676086,135.224227905273,-0.105411037802696,-0.359110176563263,-0.301966279745102,-8.47998046875,13.5679740905762,-1.03849807459668e-15,37.0799980163574,3.66999983787537,163,1,0,0,0,0,0
-46.5201911926269,126.948715209961,45.0900726318359,-18.8249626159668,11.6045913696289,-1.00589668750763,47.9554824829102,2.70470547676086,135.224227905273,-0.0185032393783331,-0.363684386014938,-0.35162478685379,-8.47998046875,13.5679740905762,-1.03849807459668e-15,27.7799987792969,3.43999981880188,161,1,0,0,0,0,0
-41.677433013916,118.612800598145,45.4493904113769,-19.8998165130615,9.76533699035645,-1.27536249160767,44.4538078308105,2.73719882965088,147.181045532227,-0.301359921693802,-0.34697625041008,-0.265980333089828,-8.47998046875,13.5679740905762,-1.03849807459668e-15,9.63999938964844,2.79999995231628,158,1,0,0,0,0,0
-39.4818458557129,113.323448181152,45.8133392333984,-20.5339260101318,8.04548835754395,-1.7244039773941,39.2373046875,4.06764936447144,153.174499511719,-0.560251295566559,-0.344674378633499,-0.301220595836639,-8.47998046875,13.5679740905762,-1.03849807459668e-15,-3.24000000953674,1.88999998569489,156,1,0,0,0,0,0
-37.9211769104004,108.777297973633,46.226749420166,-20.7314071655273,6.91827011108398,-1.97372233867645,27.0885334014893,3.57220506668091,159.756210327148,-0.889389455318451,-0.0654326155781746,-0.305071532726288,-8.47998046875,13.5679740905762,-1.03849807459668e-15,-13.3899993896484,0.829999983310699,153,1,0,0,0,0,0
-36.1178321838379,103.008827209473,46.8090133666992,-20.6598663330078,6.21513366699219,-2.03887701034546,15.5684108734131,2.99483394622803,163.845672607422,-0.734999656677246,-0.0829434394836426,-0.185682684183121,-8.47998046875,13.5679740905762,-1.03849807459668e-15,-23.5599994659424,-0.599999964237213,150,1,0,0,0,0,0
-34.638988494873,98.1234283447266,47.3423805236816,-20.3448581695557,5.96237087249756,-2.28713440895081,15.5684108734131,2.99483394622803,163.845672607422,-0.734999656677246,-0.0829434394836426,-0.185682684183121,-8.47998046875,13.5679740905762,-1.03849807459668e-15,-29.1199989318848,-2.20000004768372,146,1,0,0,0,0,0
-33.1370277404785,93.3461380004883,47.964298248291,-19.8260040283203,6.18147611618042,-2.51064252853394,-1.78347527980804,5.17076110839844,165.513671875,-0.704796016216278,-0.106487773358822,0.0629614517092705,-8.47998046875,13.5679740905762,-1.03849807459668e-15,-30.75,-3.40999984741211,144,1,0,0,0,0,0
-33.1370277404785,93.3461380004883,47.964298248291,-19.2458000183105,6.74779748916626,-2.74068093299866,-1.78347527980804,5.17076110839844,165.513671875,-0.704796016216278,-0.106487773358822,0.0629614517092705,-8.47998046875,13.5679740905762,-1.03849807459668e-15,-31.0699996948242,-4.75999975204468,141,1,0,0,0,0,0
-29.5487651824951,83.8922576904297,49.4170570373535,-18.6638107299805,7.42787408828735,-2.45944881439209,-19.4142360687256,5.98998260498047,160.975540161133,-0.451151460409164,0.00490799080580475,0.176284670829773,-8.47998046875,13.5679740905762,-1.03849807459668e-15,-30.2999992370605,-6.57999992370605,139,1,0,0,0,0,0
-27.7187519073486,79.9435958862305,49.9289741516113,-17.9236431121826,8.3883056640625,-1.45917725563049,-25.4487476348877,3.58858942985535,158.280899047852,-0.0593172684311867,0.176972687244415,0.165633901953697,-8.47998046875,13.5679740905762,-1.03849807459668e-15,-29.4200000762939,-7.54999971389771,137,1,0,0,0,0,0
-25.5729026794433,75.7565689086914,50.288631439209,-17.4293212890625,9.0748233795166,-0.887798190116882,-25.7465400695801,1.40292203426361,155.66796875,-0.0593172684311867,0.176972687244415,0.165633901953697,-8.47998046875,13.5679740905762,-1.03849807459668e-15,-28.7199993133545,-7.81999969482422,135,1,0,0,0,0,0
-23.4705238342285,72.0235977172852,50.4686279296875,-16.8736400604248,9.84383964538574,-0.103983551263809,-25.7465400695801,1.40292203426361,155.66796875,0.0944453924894333,0.0247494354844094,0.23708288371563,-8.47998046875,13.5679740905762,-1.03849807459668e-15,-27.5900001525879,-7.75999975204468,132,1,0,0,0,0,0
-20.824857711792,67.7448120117188,50.5055465698242,-16.3065624237061,10.6256351470947,0.417770504951477,-26.094633102417,-2.03545427322388,149.633499145508,0.01540148537606,0.0492271520197392,0.27523946762085,-8.47998046875,13.5679740905762,-1.03849807459668e-15,-26.4699993133545,-7.44000005722046,131,1,0,0,0,0,0
-18.2014045715332,63.944221496582,50.3964500427246,-15.6374864578247,11.5295219421387,1.04198288917542,-26.094633102417,-2.03545427322388,149.633499145508,0.01540148537606,0.0492271520197392,0.27523946762085,-8.47998046875,13.5679740905762,-1.03849807459668e-15,-24.3099994659424,-6.6399998664856,129,1,0,0,0,0,0
-14.9082918167114,59.7073745727539,50.1459655761719,-14.9274463653564,12.4264307022095,1.24924647808075,-25.2108669281006,-4.19654607772827,142.462142944336,-0.0318348482251167,-0.0512828975915908,0.285796403884888,-8.47998046875,13.5679740905762,-1.03849807459668e-15,-21.8999996185303,-6.11999988555908,128,1,0,0,0,0,0
-11.8725576400757,56.2869987487793,49.8838233947754,-14.1102733612061,13.3528127670288,1.30070638656616,-25.2108669281006,-4.19654607772827,142.462142944336,-0.0318348482251167,-0.0512828975915908,0.285796403884888,-8.47998046875,13.5679740905762,-1.03849807459668e-15,-17.3699989318848,-5.27999973297119,126,1,0,0,0,0,0
-8.61641883850097,53.0557174682617,49.6078758239746,-13.4545764923096,14.0071458816528,1.46636474132538,-25.0806465148926,-4.1005973815918,135.103088378906,0.0435866713523865,-0.0742618218064308,0.22091107070446,-8.47998046875,13.5679740905762,-1.03849807459668e-15,-14.0999994277954,-4.65999984741211,126,1,0,0,0,0,0
-5.19934654235839,50.0213432312012,49.2628974914551,-12.5415735244751,14.8301677703857,1.52092576026917,-22.8133125305176,-4.46209383010864,131.198425292969,0.260474890470505,-0.068775475025177,0.243266835808754,-8.47998046875,13.5679740905762,-1.03849807459668e-15,-10.8899993896484,-3.90999984741211,125,1,0,0,0,0,0
-1.94147801399231,47.3949203491211,48.942497253418,-11.9302730560303,15.3044481277466,1.62395787239075,-17.3168964385986,-4.5545654296875,125.581275939941,0.260474890470505,-0.068775475025177,0.243266835808754,-8.47998046875,13.5679740905762,-1.03849807459668e-15,-6.06999969482422,-2.85999989509583,124,1,0,0,0,0,0
2.0319139957428,44.4654884338379,48.5615081787109,-10.9954595565796,15.9677572250366,1.15332925319672,-14.7774724960327,-3.41154980659485,120.994003295898,0.200459033250809,-0.109261073172092,0.245924219489098,-8.47998046875,13.5679740905762,-1.03849807459668e-15,-0.799999952316284,-2.12999987602234,124,1,0,0,0,0,0
5.81989669799805,41.9406776428223,48.3160285949707,-10.4051008224487,16.2990417480469,0.808231890201569,-14.7774724960327,-3.41154980659485,120.994003295898,0.134013056755066,-0.0865069851279258,0.233390778303146,-8.47998046875,13.5679740905762,-1.03849807459668e-15,2.59999990463257,-1.89999997615814,124,1,0,0,0,0,0
9.37160968780518,39.7702331542969,48.190544128418,-9.65614986419678,16.5899410247803,0.301449865102768,-8.32294654846191,-1.2248706817627,116.27880859375,0.134013056755066,-0.0865069851279258,0.233390778303146,-8.47998046875,13.5679740905762,-1.03849807459668e-15,7.07999992370605,-1.89999997615814,124,1,0,0,0,0,0
13.2886667251587,37.5329475402832,48.1330909729004,-9.26845264434814,16.6647434234619,0.327055275440216,-8.32294654846191,-1.2248706817627,116.27880859375,0.279063075780869,-0.0278689377009869,0.0933981910347939,-8.47998046875,13.5679740905762,-1.03849807459668e-15,9.07999992370605,-1.68999993801117,124,1,0,0,0,0,0
16.8892860412598,35.5658264160156,48.0729103088379,-8.98146152496338,16.6232604980469,0.17284432053566,-2.04485440254211,0.0504702962934971,115.112289428711,0.279063075780869,-0.0278689377009869,0.0933981910347939,-8.47998046875,13.5679740905762,-1.03849807459668e-15,10.6399993896484,-1.49000000953674,124,1,0,0,0,0,0
20.8031063079834,33.4679069519043,48.0076446533203,-8.92451667785645,16.4836559295654,0.0949504226446152,-2.04485440254211,0.0504702962934971,115.112289428711,0.295355975627899,-0.103756949305534,-0.014421054162085,-8.47998046875,13.5679740905762,-1.03849807459668e-15,11.3800001144409,-1.32999992370605,125,1,0,0,0,0,0
24.3508567810059,31.549955368042,47.9807777404785,-9.01511096954346,16.1981258392334,-0.0876676440238953,6.50069379806519,1.18138265609741,114.950225830078,0.295355975627899,-0.103756949305534,-0.014421054162085,-8.47998046875,13.5679740905762,-1.03849807459668e-15,10.7399997711182,-1.25,125,1,0,0,0,0,0
28.5073928833008,29.2413158416748,47.9738731384277,-9.13410472869873,15.9758749008179,-0.182005807757378,6.50069379806519,1.18138265609741,114.950225830078,0.163219779729843,-0.0520633272826672,0.00379856815561653,-8.47998046875,13.5679740905762,-1.03849807459668e-15,9.98999977111816,-1.25999999046326,125,1,0,0,0,0,0
32.3000984191895,27.0645999908447,48.0044784545899,-9.26758193969727,15.7063760757446,-0.414493888616562,8.24850654602051,1.64212572574615,114.616432189941,0.0997777208685875,-0.0678825229406357,0.0257569588720799,-8.47998046875,13.5679740905762,-1.03849807459668e-15,9.05000019073486,-1.37999999523163,125,1,0,0,0,0,0
36.6399765014648,24.4918212890625,48.0889739990234,-9.36030960083008,15.4085845947266,-0.326058983802795,8.45992660522461,2.27049970626831,114.660217285156,0.0997777208685875,-0.0678825229406357,0.0257569588720799,-8.47998046875,13.5679740905762,-1.03849807459668e-15,7.92999982833862,-1.51999998092651,126,1,0,0,0,0,0
39.730167388916,22.6253833770752,48.1473655700684,-9.47147274017334,15.1997833251953,-0.267238616943359,8.45992660522461,2.27049970626831,114.660217285156,-0.0221704766154289,0.00138535257428884,-0.0658533275127411,-8.47998046875,13.5679740905762,-1.03849807459668e-15,6.78999996185303,-1.41999995708466,126,1,0,0,0,0,0
44.5886917114258,19.6325263977051,48.1943435668945,-9.61610984802246,14.9495420455933,-0.61376416683197,8.08531665802002,1.67004561424255,117.134162902832,0.0288530290126801,-0.0432154312729836,-0.0995045751333237,-8.47998046875,13.5679740905762,-1.03849807459668e-15,5.80999994277954,-1.58999991416931,126,1,0,0,0,0,0
47.6135673522949,17.7234783172607,48.2605590820313,-9.7483549118042,14.7180709838867,-1.05372262001038,8.08531665802002,1.67004561424255,117.134162902832,0.0288530290126801,-0.0432154312729836,-0.0995045751333237,-8.47998046875,13.5679740905762,-1.03849807459668e-15,4.13000011444092,-2.32999992370605,126,1,0,0,0,0,0
54.7006950378418,13.1056060791016,48.6992721557617,-9.85109901428223,14.5238389968872,-0.995112061500549,7.8713002204895,2.95363426208496,118.447746276855,-0.0218269787728786,-0.00852101575583219,0.0300409644842148,-8.47998046875,13.5679740905762,-1.03849807459668e-15,3.17999982833862,-2.75,126,1,0,0,0,0,0
54.7006950378418,13.1056060791016,48.6992721557617,-9.927809715271,14.4012880325317,-0.748558163642883,7.08056831359863,1.41477966308594,117.615867614746,-0.0218269787728786,-0.00852101575583219,0.0300409644842148,-8.47998046875,13.5679740905762,-1.03849807459668e-15,2.10999989509583,-3.09999990463257,126,1,0,0,0,0,0
58.7937622070312,10.3719186782837,48.9296455383301,-9.9406909942627,14.3241605758667,-0.524161279201508,5.95424318313599,0.120499268174171,116.454399108887,-0.0752553045749664,0.114642657339573,0.0571892336010933,-8.47998046875,13.5679740905762,-1.03849807459668e-15,1.61000001430511,-3.25,125,1,0,0,0,0,0
62.2862358093262,8.03244018554686,49.0665054321289,-9.95118618011475,14.3130826950073,-0.11772383749485,5.95424318313599,0.120499268174171,116.454399108887,0.0320212319493294,0.104632504284382,0.0324766933917999,-8.47998046875,13.5679740905762,-1.03849807459668e-15,1.32999992370605,-3.24000000953674,125,1,0,0,0,0,0
65.7870635986328,5.69843578338622,49.1247215270996,-9.92156791687012,14.3469285964966,0.525995790958405,2.82272696495056,-2.13343834877014,116.392211914062,0.0320212319493294,0.104632504284382,0.0324766933917999,-8.47998046875,13.5679740905762,-1.03849807459668e-15,1.20999991893768,-2.58999991416931,125,1,0,0,0,0,0
69.5882339477539,3.17600107192992,49.0116729736328,-9.86226177215576,14.4406538009644,0.882252752780914,2.82272696495056,-2.13343834877014,116.392211914062,-0.106189630925655,0.0831784978508949,-0.00100692361593247,-8.47998046875,13.5679740905762,-1.03849807459668e-15,1.45999991893768,-1.61000001430511,125,1,0,0,0,0,0
73.6936645507812,0.467553913593276,48.7472267150879,-9.76920795440674,14.5262012481689,0.935621321201324,1.3760290145874,-2.28430819511414,115.99592590332,-0.106189630925655,0.0831784978508949,-0.00100692361593247,-8.47949886322021,13.5682754516602,-1.03843909992772e-15,2.07999992370605,-1.04999995231628,125,1,0,0,0,0,0
80.5345611572266,-3.88788819313051,48.2613716125488,-9.65573596954346,14.6529092788696,1.07540023326874,0.918960094451904,-1.75936257839203,116.56990814209,0.0595966055989265,-0.0676172375679016,-0.012993223965168,-8.47528266906738,13.5709095001221,-1.03792283334637e-15,2.64999985694885,-0.370000004768372,125,1,0,0,0,0,0
84.1450424194336,-6.13429212570192,48.0237541198731,-9.52766513824463,14.7962760925293,0.873210370540619,0.918960094451904,-1.75936257839203,116.56990814209,0.0595966055989265,-0.0676172375679016,-0.012993223965168,-8.33474349975586,13.6576738357544,-1.02071175913287e-15,2.92999982833862,0.429999977350235,125,1,0,0,0,0,0
87.774055480957,-8.34114551544191,47.8511352539063,-9.39208030700684,14.9330348968506,0.637580871582031,0.191942647099495,-1.0030300617218,115.675498962402,0.101504862308502,0.00385740888305009,0.055199857801199,-8.13115978240967,13.7798490524292,-9.95779873726036e-16,3,0.759999990463257,124,1,0,0,0,0,0
91.4452285766602,-10.5193586349488,47.7358894348145,-9.28485679626465,15.0206480026245,0.394856482744217,0.191942647099495,-1.0030300617218,115.675498962402,0.101504862308502,0.00385740888305009,0.055199857801199,-7.57495594024658,14.0932626724243,-9.27664554602279e-16,1.89999997615814,1.12000000476837,123,1,0,0,0,0,0
95.1243362426758,-12.6644039154053,47.6705780029297,-9.21497058868408,15.0992231369019,0.259840995073318,2.7099301815033,-0.375560939311981,114.572692871094,0.127604752779007,0.0451057590544224,0.0400970280170441,-7.00527620315552,14.3849267959595,-8.57898897659915e-16,-0.170000001788139,1.37000000476837,121,1,0,0,0,0,0
98.8175735473633,-14.7819948196411,47.632007598877,-9.11928367614746,15.1526746749878,-0.0253276750445366,2.7099301815033,-0.375560939311981,114.572692871094,0.127604752779007,0.0451057590544224,0.0400970280170441,-5.36332607269287,15.0743074417114,-6.56817987602514e-16,-6.42999982833862,1.45999991893768,117,1,0,0,0,0,0
102.524002075195,-16.8675308227539,47.682559967041,-8.90838718414307,15.2114162445068,-0.381974101066589,1.32179570198059,1.3919540643692,113.697364807129,-0.206127420067787,-0.0992030873894691,0.0502301529049873,-4.86094284057617,15.243727684021,-5.95293802418257e-16,-8.51000022888184,1.30999994277954,115,1,0,0,0,0,0
106.249092102051,-18.8769721984864,47.8123626708985,-8.51393032073975,15.3348579406738,-0.443965822458267,-6.03691720962524,1.88084971904755,112.302703857422,-0.280363440513611,0.087742529809475,0.068254180252552,-2.67831301689148,15.7742395401001,-3.2799873868721e-16,-15.6399993896484,0.939999997615814,109,1,0,0,0,0,0
110.6240234375,-21.0834007263184,47.93310546875,-8.00408458709717,15.4682893753052,-0.372018426656723,-6.03691720962524,1.88084971904755,112.302703857422,-0.280363440513611,0.087742529809475,0.068254180252552,-0.991222977638245,15.9692668914795,-1.21389800448451e-16,-20.5100002288818,0.919999957084656,104,1,0,0,0,0,0
114.105072021484,-22.6610183715821,48.0360527038574,-7.20883893966675,15.6428003311157,-0.681271016597748,-11.8705272674561,2.23654246330261,108.972389221191,-0.224298864603043,-0.129994541406631,0.166292905807495,0.140889003872871,15.9993801116943,1.72539254779496e-17,-22.6099987030029,0.620000004768372,100,1,0,0,0,0,0
118.247001647949,-24.3034229278565,48.216781616211,-6.41111898422241,15.7655963897705,-0.640387535095215,-15.2567148208618,2.61158609390259,104.842819213867,-0.0962199196219444,-0.0344799570739269,0.292846828699112,1.83596098423004,15.8943147659302,2.24840369516342e-16,-26.25,0.349999994039536,94,1,0,0,0,0,0
122.084495544434,-25.5968723297119,48.3360595703125,-5.29427909851074,15.9259090423584,-0.272708356380463,-15.2567148208618,2.61158609390259,104.842819213867,-0.0962199196219444,-0.0344799570739269,0.292846828699112,2.95568895339966,15.724627494812,3.61967512729186e-16,-27.25,0.379999995231628,90,1,0,0,0,0,0
125.96223449707,-26.6514320373535,48.3588600158692,-4.40758514404297,16.06298828125,0.0457230545580387,-23.2713527679443,0.861452400684357,98.3517227172852,-0.201874822378159,-0.015982374548912,0.170124262571335,5.14518308639526,15.1501512527466,6.30103203720823e-16,-30.4299983978271,0.799999952316284,82,1,0,0,0,0,0
130.213226318359,-27.491548538208,48.2848167419434,-2.88741016387939,16.2443141937256,0.319960594177246,-23.2713527679443,0.861452400684357,98.3517227172852,-0.201874822378159,-0.015982374548912,0.170124262571335,6.20398092269897,14.7482414245605,7.59768542533729e-16,-31.2600002288818,1.19999992847443,77,1,0,0,0,0,0
134.162292480469,-27.9496002197266,48.1669273376465,-1.59091007709503,16.3271255493164,0.495650202035904,-26.7157649993896,1.35529720783234,93.3434371948242,-0.0811373591423035,-0.142999649047852,0.216491386294365,9.63166046142578,12.7761936187744,1.1795381659187e-15,-33.2299995422363,1.86000001430511,70,1,0,0,0,0,0
137.774887084961,-28.1070518493653,48.0175895690918,-0.185748860239983,16.3597888946533,0.853921592235565,-31.1157054901123,-0.0154471127316356,85.0399932861328,-0.0811373591423035,-0.142999649047852,0.216491386294365,9.63166046142578,12.7761936187744,1.1795381659187e-15,-35.0999984741211,2.54999995231628,64,1,0,0,0,0,0
142.386657714844,-27.9213466644287,47.7507858276367,1.48811686038971,16.2415676116943,0.795011520385742,-31.1157054901123,-0.0154471127316356,85.0399932861328,-0.156862631440163,-0.231342390179634,0.342534273862839,10.5112905502319,12.0628671646118,1.28726191032637e-15,-33.75,3.43999981880188,58,1,0,0,0,0,0
146.29118347168,-27.3323211669922,47.5256729125977,3.39418125152588,15.9334106445312,0.834039986133575,-34.3569946289062,-0.891358971595764,74.9091110229492,-0.0175674669444561,-0.246541887521744,0.39021036028862,11.7306890487671,10.8807601928711,1.43659508947672e-15,-34.2799987792969,4.01999998092651,52,1,0,0,0,0,0
150.418991088867,-26.1813220977784,47.2829322814942,5.26492691040039,15.4196805953979,0.765456557273865,-34.3569946289062,-0.891358971595764,74.9091110229492,-0.0175674669444561,-0.246541887521744,0.39021036028862,13.7607316970825,8.16347122192383,1.68520360053972e-15,-31.4200000762939,4.83999967575073,47,1,0,0,0,0,0
154.064086914062,-24.6465682983399,47.0660400390625,7.26316213607788,14.5451183319092,0.58730548620224,-35.5815315246582,-0.244742855429649,63.4894981384277,-0.00229769945144653,-0.400518715381622,0.312981009483337,14.3037252426147,7.16962003707886,1.75170108673422e-15,-32.3699989318848,5.36999988555908,40,1,0,0,0,0,0
157.751327514648,-22.4860973358155,46.8852081298828,9.16469287872314,13.3403453826904,0.145773604512215,-35.5815315246582,-0.244742855429649,63.4894981384277,-0.00229769945144653,-0.400518715381622,0.312981009483337,14.9830951690674,5.61309719085693,1.83489994506621e-15,-27.5599994659424,5.75,35,1,0,0,0,0,0
160.802536010742,-20.0281238555909,46.8395195007324,10.8417377471924,11.8869895935059,-0.384579688310623,-36.245059967041,2.8037691116333,48.2814140319824,0.120682179927826,-0.383603096008301,0.390623301267624,14.9830951690674,5.61309719085693,1.83489994506621e-15,-25.2899990081787,5.65000009536743,30,1,0,0,0,0,0
163.608520507812,-16.8826808929444,46.9549942016602,12.6610136032104,9.6911506652832,-1.2065269947052,-36.245059967041,2.8037691116333,48.2814140319824,0.120682179927826,-0.383603096008301,0.390623301267624,15.3420419692993,4.54111623764038,1.87885841392986e-15,-17.1099987030029,4.85999965667725,25,1,0,0,0,0,0
166.058853149414,-13.1019716262818,47.2319679260254,13.5414705276489,8.274094581604,-1.1426123380661,-33.9471588134766,5.15375375747681,35.7534370422363,0.166991263628006,-0.155709847807884,0.296591401100159,15.7982015609741,2.5331449508667,1.93472171910894e-15,-17.3799991607666,4.44999980926514,20,1,0,0,0,0,0
167.694854736328,-9.98789882659916,47.4370994567871,14.1335916519165,6.97164869308472,-1.09388196468353,-24.8648719787598,4.98965835571289,28.3206577301025,0.166991263628006,-0.155709847807884,0.296591401100159,15.9408836364746,1.37413001060486,1.95219516177785e-15,-14.9200000762939,3.93999981880188,16,1,0,0,0,0,0
169.253265380859,-6.51751041412357,47.6470413208008,14.4626779556274,5.93090295791626,-1.16159963607788,-24.8648719787598,4.98965835571289,28.3206577301025,0.441963076591492,-0.0211602486670017,0.282687723636627,15.9792375564575,0.814839959144592,1.95689217122861e-15,-13.1599998474121,3.58999991416931,13,1,0,0,0,0,0
170.669036865234,-2.70573830604557,47.9295845031738,14.6966075897217,4.69231081008911,-1.38947296142578,-21.6846141815186,5.81549453735352,22.2606010437012,0.236039906740189,-0.129387930035591,0.167587116360664,15.9974708557129,0.28447499871254,1.95912516183581e-15,-9.80000019073486,2.71000003814697,11,1,0,0,0,0,0
171.744186401367,0.838653266429863,48.2524223327637,14.7884283065796,3.77029180526733,-1.39790856838226,-21.6846141815186,5.81549453735352,22.2606010437012,0.236039906740189,-0.129387930035591,0.167587116360664,16,0.000794999999925494,1.95943496413627e-15,-7.78999996185303,2.0699999332428,9,1,0,0,0,0,0
172.844360351562,5.27251672744747,48.6458320617676,14.8278694152832,3.20882892608643,-1.02487123012543,-15.2353668212891,4.5730996131897,15.8509635925293,0.248966097831726,0.0497994236648083,0.198350891470909,16,0.000794999999925494,1.95943496413627e-15,-5.48999977111816,1.44999992847443,8,1,0,0,0,0,0
173.36247253418,7.66935586929317,48.7783813476563,14.8607683181763,2.66085433959961,-0.489499598741531,-15.2353668212891,4.5730996131897,15.8509635925293,0.248966097831726,0.0497994236648083,0.198350891470909,16,-7.00000009601354e-06,1.95943496413627e-15,-4.34999990463257,1.37999999523163,7,1,0,0,0,0,0
174.051956176758,11.2333393096923,48.8921775817871,14.85862159729,2.29517388343811,-0.349181056022644,-9.90874671936035,2.74370908737183,13.4203405380249,0.217197060585022,0.0014393839519471,0.0668108537793159,16,-7.00000009601354e-06,1.95943496413627e-15,-3.48000001907349,1.3199999332428,6,1,0,0,0,0,0
174.677368164062,14.8189287185669,48.9743537902832,14.8122529983521,2.01548337936401,-0.414369136095047,-5.44664764404297,3.13476347923279,10.565258026123,0.217197060585022,0.0014393839519471,0.0668108537793159,16,-7.00000009601354e-06,1.95943496413627e-15,-2.96000003814697,1.12000000476837,6,1,0,0,0,0,0
175.194869995117,18.1010265350341,49.0751037597656,14.7809228897095,1.80027461051941,-0.257437467575073,-5.44664764404297,3.13476347923279,10.565258026123,0.122540347278118,-0.0468205027282238,0.157739281654358,16,-7.00000009601354e-06,1.95943496413627e-15,-2.5699999332428,0.989999949932098,5,1,0,0,0,0,0
175.735275268555,21.9753265380859,49.1547813415528,14.7608461380005,1.52077782154083,0.0343748144805431,-4.61491584777832,1.50428009033203,7.26015043258667,0.122540347278118,-0.0468205027282238,0.157739281654358,16,-7.00000009601354e-06,1.95943496413627e-15,-1.82999992370605,1.1599999666214,4,1,0,0,0,0,0
176.189102172852,25.8492736816406,49.1513671875,14.7238035202026,1.25587177276611,0.106742523610592,-4.61491584777832,1.50428009033203,7.26015043258667,0.0246397200971842,-0.0126918284222484,0.0564425028860569,16,-7.00000009601354e-06,1.95943496413627e-15,-1.11000001430511,1.32999992370605,4,1,0,0,0,0,0
176.484786987305,28.8300495147705,49.1310348510742,14.6919279098511,1.10987174510956,0.077174499630928,-2.64934396743774,1.78840088844299,5.66864395141602,0.0246397200971842,-0.0126918284222484,0.0564425028860569,16,-7.00000009601354e-06,1.95943496413627e-15,-0.889999985694885,1.36000001430511,4,1,0,0,0,0,0
176.791534423828,32.405776977539,49.1214218139649,14.6813335418701,1.00363910198212,-0.244049698114395,-2.64934396743774,1.78840088844299,5.66864395141602,0.115509860217571,-0.00290274713188409,0.0979920774698257,16,-7.00000009601354e-06,1.95943496413627e-15,-0.639999985694885,1.23000001907349,3,1,0,0,0,0,0
177.070877075195,35.9823379516601,49.1821060180664,14.6833763122559,0.898977994918823,0.0229490492492914,1.55106484889984,1.27786123752594,2.91988134384155,0.0936490297317505,0.0438740290701389,0.115261547267437,16,-7.00000009601354e-06,1.95943496413627e-15,-0.759999990463257,1.1599999666214,3,1,0,0,0,0,0
177.362243652344,40.1590461730957,49.2300834655762,14.7192096710205,0.779212296009064,0.253655254840851,0.722135663032532,-0.290158599615097,1.51771402359009,0.0936490297317505,0.0438740290701389,0.115261547267437,16,-7.00000009601354e-06,1.95943496413627e-15,-0.560000002384186,1.33999991416931,2,1,0,0,0,0,0
177.578063964844,44.0444717407226,49.1800575256348,14.7797908782959,0.635360360145569,0.378139555454254,0.722135663032532,-0.290158599615097,1.51771402359009,-0.0317335799336433,-0.0144969495013356,-0.00717593589797616,16,-7.00000009601354e-06,1.95943496413627e-15,-0.109999999403954,1.71999990940094,2,1,0,0,0,0,0
177.709869384766,47.0479850769043,49.100570678711,14.8467674255371,0.516541182994843,0.423414140939713,-5.24537172168493e-05,-0.91912978887558,1.87067210674286,-0.0317335799336433,-0.0144969495013356,-0.00717593589797616,16,-7.00000009601354e-06,1.95943496413627e-15,0.429999977350235,2.15999984741211,2,1,0,0,0,0,0
177.836029052734,50.9756736755371,48.9790458679199,14.9067144393921,0.443763673305511,0.13542328774929,0.755819439888,0.0146353878080845,1.72881770133972,0.00224447436630726,0.0290051326155663,-0.0103430664166808,16,-7.00000009601354e-06,1.95943496413627e-15,0.669999957084656,2.27999997138977,2,1,0,0,0,0,0
177.925216674805,54.8997459411621,48.9050064086914,14.9283847808838,0.301626145839691,-0.130040064454079,0.755819439888,0.0146353878080845,1.72881770133972,0.0774025917053223,-0.103051908314228,0.0268002524971962,15.9999933242798,-0.0148000000044703,1.95943411710332e-15,1.27999997138977,2.16999983787537,2,1,0,0,0,0,0
177.971557617188,58.539981842041,48.9147491455078,14.9265308380127,0.154227301478386,-0.515817284584045,0.288433164358139,1.37931501865387,-0.245852872729301,0.0774025917053223,-0.103051908314228,0.0268002524971962,15.9999513626099,-0.0393219999969006,1.95942903490564e-15,1.95999991893768,1.84999990463257,2,1,0,0,0,0,0
177.925537109375,64.8995819091796,49.1332664489746,14.8672885894775,-0.0268281325697899,-0.855211555957794,0.622347056865692,2.67701101303101,-0.872850716114044,0.0170926935970783,-0.0730416029691696,0.0165531057864428,15.9981737136841,-0.24176099896431,1.95921113567996e-15,2.21000003814697,1.46999990940094,2,1,0,0,0,0,0
177.823471069336,69.1165695190429,49.4457664489746,14.8268089294434,-0.070089191198349,-1.31533193588257,0.622347056865692,2.67701101303101,-0.872850716114044,0.0170926935970783,-0.0730416029691696,0.0165531057864428,15.9912433624268,-0.529280006885529,1.95836240866681e-15,2.0699999332428,0.439999997615814,1,1,0,0,0,0,0
177.740982055664,72.1170120239257,49.7427749633789,14.7667570114136,-0.205636948347092,-1.30162155628204,1.7248694896698,3.03781723976135,-3.18154907226562,0.1226706802845,-0.0128414826467633,0.220848262310028,15.9505176544189,-1.25737798213959,1.95337507867337e-15,0.909999966621399,-0.629999995231628,0,1,0,0,0,0,0
177.590393066406,75.7096099853515,50.0413856506348,14.7377548217773,-0.567804515361786,-0.562941491603851,-0.539730966091156,1.11944615840912,-6.25622034072876,-0.272097021341324,0.128801718354225,0.0592718236148357,15.9211893081665,-1.58610796928406,1.94978323546054e-15,1.33999991416931,-0.810000002384186,0,1,0,0,0,0,0
177.315933227539,79.5941696166992,50.1411590576172,14.7562351226807,-0.893470764160156,0.0497472286224365,-0.539730966091156,1.11944615840912,-6.25622034072876,-0.272097021341324,0.128801718354225,0.0592718236148357,15.5387601852417,-3.81404590606689,1.90294930149919e-15,1.07999992370605,-0.519999980926514,-2,1,0,0,0,0,0
176.986297607422,83.1834182739257,50.0801124572754,14.8246831893921,-1.03209495544434,0.479384213685989,-1.67032301425934,-1.72796547412872,-3.0132167339325,0.207325428724289,0.049090288579464,-0.050676092505455,15.399435043335,-4.3425121307373,1.88588688156794e-15,-2.26999998092651,-0.0899999961256981,-5,1,0,0,0,0,0
176.630920410156,86.7978820800781,49.9308853149414,14.9128246307373,-1.19707465171814,0.645074129104614,-1.67032301425934,-1.72796547412872,-3.0132167339325,0.207325428724289,0.049090288579464,-0.050676092505455,14.6345539093018,-6.46759796142578,1.79221604902993e-15,-4.02999973297119,0.519999980926514,-7,1,0,0,0,0,0
176.210906982422,90.7401046752929,49.751823425293,15.008355140686,-1.41161322593689,0.691064178943634,-1.04661273956299,-2.44067001342773,-5.09980916976929,-0.0601384416222572,0.0731957629323006,0.154673248529434,14.6345539093018,-6.46759796142578,1.79221604902993e-15,-10.1599998474121,0.879999995231628,-12,1,0,0,0,0,0
175.714660644531,94.7062759399414,49.560604095459,15.1070756912231,-1.8372483253479,0.577850341796875,-1.04661273956299,-2.44067001342773,-5.09980916976929,-0.0601384416222572,0.0731957629323006,0.154673248529434,13.267183303833,-8.94325637817383,1.6247613411269e-15,-12.0699996948242,1.37000000476837,-15,1,0,0,0,0,0
175.148941040039,98.3696060180664,49.4508247375488,15.1166725158691,-2.39143371582031,0.11764831840992,-5.89408111572266,-1.90294921398163,-8.09433841705322,-0.239909470081329,-0.0572074465453625,0.115536205470562,13.267183303833,-8.94325637817383,1.6247613411269e-15,-17.6999988555908,1.37999999523163,-21,1,0,0,0,0,0
174.484817504883,101.724060058594,49.4576530456543,15.0436973571777,-2.94609379768372,-0.335342764854431,-9.6140604019165,0.0928953737020493,-10.9616365432739,-0.159449741244316,-0.142482578754425,0.154258087277412,12.9423608779907,-9.40719318389893,1.58498213282499e-15,-18.5399990081787,1.10000002384186,-24,1,0,0,0,0,0
173.500137329102,105.645118713379,49.5939674377442,14.8004894256592,-3.84816575050354,-0.469105869531631,-9.6140604019165,0.0928953737020493,-10.9616365432739,-0.159449741244316,-0.142482578754425,0.154258087277412,11.0838537216187,-11.5389852523804,1.35738067412862e-15,-21.3699989318848,0.599999964237213,-29,1,0,0,0,0,0
172.391235351563,109.203170776367,49.707820892334,14.5559740066528,-4.68592929840088,-0.37106004357338,-14.3472051620483,0.927216231822968,-15.5839490890503,-0.240224838256836,-0.00732370465993879,0.138838261365891,9.34453773498535,-12.9876708984375,1.14437592245404e-15,-23.0100002288818,0.519999980926514,-33,1,0,0,0,0,0
171.205596923828,112.387550354004,49.7660675048828,14.3342943191528,-5.45683765411377,-0.14423494040966,-19.4395999908447,-0.177290692925453,-18.1470603942871,-0.240224838256836,-0.00732370465993879,0.138838261365891,8.87903785705566,-13.3102474212646,1.08736848752146e-15,-26.75,0.569999992847443,-41,1,0,0,0,0,0
169.576110839844,116.102149963379,49.7584762573242,13.9536914825439,-6.59724140167236,0.169680863618851,-19.4395999908447,-0.177290692925453,-18.1470603942871,-0.20381897687912,-0.0310580767691135,0.141465336084366,6.91182470321655,-14.430061340332,8.46454423751326e-16,-31.269998550415,0.949999988079071,-50,1,0,0,0,0,0
167.826858520508,119.453125,49.6945724487305,13.4822101593018,-7.72779321670532,0.239716038107872,-22.9026222229004,-0.34715536236763,-23.3444595336914,-0.079412117600441,-0.129040092229843,0.252766966819763,5.87376117706299,-14.8828401565552,7.19328277956052e-16,-30.3400001525879,1.18999993801117,-52,1,0,0,0,0,0
165.469467163086,123.221878051758,49.5931549072266,12.8824605941772,-8.95097160339355,0.32099786400795,-27.1907329559326,-0.888646006584167,-30.0746097564697,-0.079412117600441,-0.129040092229843,0.252766966819763,3.71469807624817,-15.5628089904785,4.54919320174097e-16,-30.1700000762939,1.58999991416931,-58,1,0,0,0,0,0
163.139068603516,126.294845581055,49.4795188903809,12.2516193389893,-10.153431892395,0.70942211151123,-27.1907329559326,-0.888646006584167,-30.0746097564697,-0.182991668581963,-0.0648188591003418,0.276495516300201,3.1615879535675,-15.6845264434814,3.87182863005779e-16,-33.5499992370605,2.09999990463257,-65,1,0,0,0,0,0
160.301467895508,129.455261230469,49.265064239502,11.5477809906006,-11.2991819381714,0.799410879611969,-29.7872066497803,-1.92750012874603,-34.4950523376465,-0.0874456763267517,-0.187034577131271,0.251827359199524,0.916533052921295,-15.9737272262573,1.12242929879068e-16,-33.4500007629395,2.69000005722046,-68,1,0,0,0,0,0
157.630462646484,131.961730957031,49.0385818481446,10.2519493103027,-12.9699974060059,0.685791313648224,-32.5396575927734,-1.55449795722961,-44.870735168457,-0.0874456763267517,-0.187034577131271,0.251827359199524,-0.781777024269104,-15.9808893203735,-9.57400744711495e-17,-35.3499984741211,3.51999998092651,-77,1,0,0,0,0,0
154.688201904297,134.260025024414,48.8241157531738,9.17441082000732,-14.0714359283447,0.42290323972702,-32.5396575927734,-1.55449795722961,-44.870735168457,0.00805485900491476,-0.285008043050766,0.386562436819077,-1.91027009487152,-15.885555267334,-2.33940600334067e-16,-37.0799980163574,3.95999979972839,-86,1,0,0,0,0,0
151.146820068359,136.433410644531,48.6701431274414,7.26300144195557,-15.6364784240723,0.178064554929733,-36.2758941650391,-0.606202125549316,-59.3082046508789,0.00805485900491476,-0.285008043050766,0.386562436819077,-3.58330893516541,-15.5935850143433,-4.38828791140479e-16,-34.2900009155273,4.15000009536743,-89,1,0,0,0,0,0
146.943435668945,138.323226928711,48.5639801025391,5.37301826477051,-16.8191661834717,-0.0284376423805952,-36.2758941650391,-0.606202125549316,-59.3082046508789,-0.093345545232296,-0.22976478934288,0.278637677431107,-4.66785478591919,-15.3039579391479,-5.71647342448436e-16,-36.1499977111816,4.40000009536743,-98,1,0,0,0,0,0
143.146102905273,139.531631469727,48.496036529541,3.9663290977478,-17.4927768707275,-0.0115512646734715,-36.4519386291504,0.859497427940369,-66.1709823608398,-0.0444923974573612,-0.250241130590439,0.299035102128983,-6.51632881164551,-14.6129207611084,-7.98020126915259e-16,-37.9599990844727,4.65000009536743,-105,1,0,0,0,0,0
139.183013916016,140.392974853516,48.4372024536133,1.6113668680191,-18.2995548248291,-0.0507324784994125,-37.1747894287109,1.1980402469635,-76.2171630859375,-0.0444923974573612,-0.250241130590439,0.299035102128983,-6.88101625442505,-14.4447784423828,-8.426814213669e-16,-35.0599975585938,4.92999982833862,-109,1,0,0,0,0,0
130.543518066406,140.991577148437,48.320198059082,-0.459349066019058,-18.7497673034668,0.00965659972280264,-36.4499168395996,1.48670029640198,-81.9767532348633,0.107147663831711,-0.253948777914047,0.298791617155075,-7.91835594177246,-13.903223991394,-9.69718893400508e-16,-35.2399978637695,5.10999965667725,-113,1,0,0,0,0,0
125.920936584473,140.698059082031,48.2329292297363,-1.99215936660767,-18.9145011901855,0.0811612233519554,-36.4499168395996,1.48670029640198,-81.9767532348633,0.107147663831711,-0.253948777914047,0.298791617155075,-8.20786285400391,-13.734299659729,-1.00517325735285e-15,-32.4599990844727,5.53999996185303,-116,1,0,0,0,0,0
121.285179138184,140.001739501953,48.1378631591797,-3.50243997573853,-18.9430847167969,0.0720852091908455,-36.8256568908691,1.29931533336639,-90.0846405029297,-0.226903557777405,-0.234784424304962,0.338619619607925,-8.4555492401123,-13.5832138061523,-1.03550603658962e-15,-30.0599994659424,5.94000005722046,-119,1,0,0,0,0,0
116.692161560059,138.815246582031,48.068489074707,-5.87414169311523,-18.6760749816895,-0.187748625874519,-40.5524291992188,2.32955765724182,-99.5779342651367,-0.0244053360074759,-0.398186713457107,0.400279968976975,-8.47996807098389,-13.5679817199707,-1.03849659228902e-15,-24.9599990844727,6.03999996185303,-120,1,0,0,0,0,0
111.501091003418,136.709884643555,48.1211738586426,-8.32267951965332,-17.9669513702393,-0.730291068553925,-40.5524291992188,2.32955765724182,-99.5779342651367,-0.0244053360074759,-0.398186713457107,0.400279968976975,-8.4799861907959,-13.5679712295532,-1.0384988157505e-15,-13.8199996948242,5.60999965667725,-121,1,0,0,0,0,0
107.288696289063,134.364852905273,48.3292961120606,-10.5226001739502,-16.7944850921631,-1.62501525878906,-34.1088943481445,3.61565661430359,-112.440055847168,0.463846445083618,-0.399023503065109,0.320484012365341,-8.4799861907959,-13.5679712295532,-1.0384988157505e-15,-0.819999992847443,4.46000003814697,-121,1,0,0,0,0,0
103.360038757324,131.621078491211,48.761287689209,-11.9323968887329,-15.5946969985962,-2.40634441375732,-34.1088943481445,3.61565661430359,-112.440055847168,0.463846445083618,-0.399023503065109,0.320484012365341,-8.4799861907959,-13.5679712295532,-1.0384988157505e-15,7.35999965667725,3.0699999332428,-121,1,0,0,0,0,0
99.3618087768555,128.415069580078,49.3793258666992,-12.441967010498,-14.8937406539917,-2.44343566894531,-19.8036479949951,6.86903524398804,-122.702369689941,0.7087442278862,0.021157605573535,0.137407973408699,-8.4799861907959,-13.5679712295532,-1.0384988157505e-15,14.460000038147,1.16999995708466,-121,1,0,0,0,0,0
99.3618087768555,128.415069580078,49.3793258666992,-12.4254665374756,-14.5544900894165,-2.33897757530212,-19.8036479949951,6.86903524398804,-122.702369689941,0.7087442278862,0.021157605573535,0.137407973408699,-8.4799861907959,-13.5679712295532,-1.0384988157505e-15,16.2700004577637,0.159999996423721,-120,1,0,0,0,0,0
91.9171600341797,122.299575805664,50.5639305114746,-12.0462608337402,-14.3927898406982,-2.54017019271851,2.61297821998596,6.58235740661621,-123.918388366699,0.619188010692596,-0.0456463359296322,0.0166550967842341,-8.4799861907959,-13.5679712295532,-1.0384988157505e-15,16.3099994659424,-1.71999990940094,-119,1,0,0,0,0,0
88.6683044433594,119.773208618164,51.1330032348633,-11.5614824295044,-14.3699550628662,-2.36575770378113,11.210205078125,6.83798408508301,-124.346748352051,0.290631622076035,-0.0195912942290306,0.00924179889261723,-8.4799861907959,-13.5679712295532,-1.0384988157505e-15,15.3800001144409,-2.87999987602234,-119,1,0,0,0,0,0
84.5210876464844,116.698951721191,51.7788543701172,-11.070240020752,-14.4415073394775,-1.82555389404297,11.210205078125,6.83798408508301,-124.346748352051,0.290631622076035,-0.0195912942290306,0.00924179889261723,-8.4799861907959,-13.5679712295532,-1.0384988157505e-15,13.5999994277954,-4.21999979019165,-119,1,0,0,0,0,0
81.5358123779297,114.580154418945,52.1216926574707,-10.6292028427124,-14.5616588592529,-1.11031806468964,15.4223499298096,4.46695756912231,-123.728797912598,0.00400557555258274,0.0834472328424454,-0.113316506147385,-8.4799861907959,-13.5679712295532,-1.0384988157505e-15,12.289999961853,-4.73999977111816,-118,1,0,0,0,0,0
77.6354064941407,111.901870727539,52.3897438049316,-10.2381782531738,-14.7224245071411,-0.488960325717926,15.2495346069336,1.9333643913269,-122.355079650879,-0.046710193157196,0.13386245071888,-0.136472880840302,-8.4799861907959,-13.5679712295532,-1.0384988157505e-15,10.0299997329712,-5.00999975204468,-118,1,0,0,0,0,0
74.3346328735352,109.71622467041,52.4965896606445,-9.92314720153809,-14.8777656555176,-0.0113118542358279,14.5207414627075,-0.839829683303833,-120.643013000488,-0.0977686867117882,0.113658182322979,-0.10074257850647,-8.4799861907959,-13.5679712295532,-1.0384988157505e-15,8.55999946594238,-5.02999973297119,-118,1,0,0,0,0,0
70.9913864135742,107.578109741211,52.4969787597656,-9.51969814300537,-15.136589050293,0.39785572886467,14.5207414627075,-0.839829683303833,-120.643013000488,-0.0977686867117882,0.113658182322979,-0.10074257850647,-8.4799861907959,-13.5679712295532,-1.0384988157505e-15,6.19999980926514,-4.79999971389771,-118,1,0,0,0,0,0
67.301498413086,105.300109863281,52.4191818237305,-9.21955299377441,-15.3448972702026,0.559435963630676,12.6093482971191,-2.48087620735168,-117.981788635254,-0.00950404070317745,0.00427016429603099,-0.0826895162463188,-8.4799861907959,-13.5679712295532,-1.0384988157505e-15,4.42000007629395,-4.6399998664856,-118,1,0,0,0,0,0
63.8791885375977,103.267097473145,52.3159103393555,-8.98902797698975,-15.5367422103882,0.829662263393402,11.3063430786133,-3.88388967514038,-117.209541320801,-0.00950404070317745,0.00427016429603099,-0.0826895162463188,-8.4799861907959,-13.5679712295532,-1.0384988157505e-15,2.75,-4.36999988555908,-118,1,0,0,0,0,0
60.1055412292481,101.096633911133,52.1470832824707,-8.80512619018555,-15.774115562439,1.03487038612366,11.3063430786133,-3.88388967514038,-117.209541320801,-0.130356341600418,0.093639649450779,-0.0378331653773785,-8.4799861907959,-13.5679712295532,-1.0384988157505e-15,0.740000009536743,-3.78999996185303,-118,1,0,0,0,0,0
55.9735641479492,98.7657012939453,51.9033508300781,-8.7715015411377,-15.9095439910889,1.10426163673401,6.37299156188965,-4.72456169128418,-116.240531921387,-0.130356341600418,0.093639649450779,-0.0378331653773785,-8.4799861907959,-13.5679712295532,-1.0384988157505e-15,-0.189999997615814,-3.42999982833862,-118,1,0,0,0,0,0
51.8149185180664,96.4348831176758,51.6447715759277,-8.76063060760498,-16.037109375,1.15510547161102,6.37299156188965,-4.72456169128418,-116.240531921387,-0.196500703692436,0.0305686313658953,-0.0728989914059639,-8.4799861907959,-13.5679712295532,-1.0384988157505e-15,-1.16999995708466,-2.75999999046326,-119,1,0,0,0,0,0
47.9588356018067,94.2748870849609,51.395637512207,-8.76031112670898,-16.1575698852539,0.765857756137848,3.53756022453308,-4.10533666610718,-114.929763793945,-0.052055723965168,-0.102876052260399,-0.0287574734538793,-8.4799861907959,-13.5679712295532,-1.0384988157505e-15,-1.94999992847443,-2.51999998092651,-119,1,0,0,0,0,0
44.0889511108399,92.1124954223633,51.2321968078613,-8.82928466796875,-16.1980686187744,0.561277270317078,2.18066883087158,-2.89013767242432,-115.80973815918,-0.052055723965168,-0.102876052260399,-0.0287574734538793,-8.4799861907959,-13.5679712295532,-1.0384988157505e-15,-2.09999990463257,-2.5,-119,1,0,0,0,0,0
39.8950080871582,89.7240676879883,51.1223869323731,-8.94212055206299,-16.1940212249756,0.677980840206146,2.18066883087158,-2.89013767242432,-115.80973815918,-0.110769540071487,0.0955093950033188,0.0637566745281219,-8.4799861907959,-13.5679712295532,-1.0384988157505e-15,-1.99000000953674,-2.28999996185303,-119,1,0,0,0,0,0
36.031681060791,87.4811935424805,50.9866561889649,-9.08927726745605,-16.1532382965088,0.784744679927826,0.522447347640991,-3.35086131095886,-117.25350189209,-0.0496566742658615,0.00802951119840146,0.074827715754509,-8.4799861907959,-13.5679712295532,-1.0384988157505e-15,-1.57999992370605,-1.99000000953674,-119,1,0,0,0,0,0
32.5096893310547,85.3875350952148,50.8238143920899,-9.31105422973633,-16.06494140625,0.453643023967743,0.19844064116478,-1.58822619915009,-118.1337890625,-0.0496566742658615,0.00802951119840146,0.074827715754509,-8.4799861907959,-13.5679712295532,-1.0384988157505e-15,-0.539999961853027,-1.62999999523163,-120,1,0,0,0,0,0
28.0559844970703,82.6690826416016,50.6691970825195,-9.48124217987061,-15.9586687088013,0.50518536567688,0.19844064116478,-1.58822619915009,-118.1337890625,0.00361013039946556,0.0130221489816904,0.0100835543125868,-8.4799861907959,-13.5679712295532,-1.0384988157505e-15,0.569999992847443,-1.43999993801117,-120,1,0,0,0,0,0
21.1555709838867,78.2787170410156,50.4728927612305,-9.63988780975342,-15.8293600082397,0.337686121463776,0.21694204211235,-1.21506083011627,-118.75511932373,0.00699614174664021,-0.0340217500925064,0.0311288926750422,-8.4799861907959,-13.5679712295532,-1.0384988157505e-15,1.86000001430511,-1.19999992847443,-120,1,0,0,0,0,0
17.4265651702881,75.8361511230469,50.4476203918457,-9.74532222747803,-15.6926755905151,-0.0681822150945663,0.21694204211235,-1.21506083011627,-118.75511932373,0.00699614174664021,-0.0340217500925064,0.0311288926750422,-8.4799861907959,-13.5679712295532,-1.0384988157505e-15,2.6399998664856,-1.33999991416931,-119,1,0,0,0,0,0
13.7175350189209,73.3904495239258,50.5306129455566,-9.74251556396484,-15.6395654678345,-0.587527751922607,2.88801121711731,-0.257315963506699,-119.684669494629,0.151207461953163,-0.0486221723258495,0.0676364079117775,-8.4799861907959,-13.5679712295532,-1.0384988157505e-15,3.25999999046326,-2,-119,1,0,0,0,0,0
13.7175350189209,73.3904495239258,50.5306129455566,-9.88043403625488,-15.4505271911621,-0.825515627861023,2.88801121711731,-0.257315963506699,-119.684669494629,0.151207461953163,-0.0486221723258495,0.0676364079117775,-8.4799861907959,-13.5679712295532,-1.0384988157505e-15,4.17000007629395,-2.52999997138977,-119,1,0,0,0,0,0
9.42294216156007,70.5292205810547,50.7479820251465,-9.99428939819336,-15.335578918457,-0.581452071666718,1.19673430919647,-0.364610105752945,-121.57592010498,0.151207461953163,-0.0486221723258495,0.0676364079117775,-8.4799861907959,-13.5679712295532,-1.0384988157505e-15,5.33999967575073,-2.91999983787537,-119,1,0,0,0,0,0
2.17974615097047,65.4963912963867,50.9438591003418,-10.0203285217285,-15.2910737991333,-0.0447537377476692,2.79539203643799,-2.45063853263855,-120.058990478516,0.193859875202179,0.00553538743406534,-0.0246886201202869,-8.4799861907959,-13.5679712295532,-1.0384988157505e-15,6.21999979019165,-2.83999991416931,-119,1,0,0,0,0,0
-1.44533157348632,62.9946975708008,50.8739852905273,-10.0144128799438,-15.287220954895,0.230193257331848,2.79539203643799,-2.45063853263855,-120.058990478516,0.193859875202179,0.00553538743406534,-0.0246886201202869,-8.4799861907959,-13.5679712295532,-1.0384988157505e-15,6.65999984741211,-2.48000001907349,-119,1,0,0,0,0,0
-5.07261514663696,60.5018348693848,50.7806625366211,-10.0753307342529,-15.280650138855,0.39509305357933,5.25557327270508,-2.51088500022888,-120.949783325195,0.111965119838715,0.0131167126819491,-0.00806926842778921,-8.4799861907959,-13.5679712295532,-1.0384988157505e-15,7.11999988555908,-2.25999999046326,-118,1,0,0,0,0,0
-9.31198215484618,57.5803527832031,50.6325187683105,-10.0990304946899,-15.3333492279053,0.485702365636826,5.25557327270508,-2.51088500022888,-120.949783325195,0.111965119838715,0.0131167126819491,-0.00806926842778921,-8.4799861907959,-13.5679712295532,-1.0384988157505e-15,7.48000001907349,-1.95999991893768,-118,1,0,0,0,0,0
-12.666597366333,55.2890472412109,50.5294914245605,-10.0411081314087,-15.4645376205444,0.495903998613358,5.39701795578003,-3.61098694801331,-119.144889831543,-0.00309243425726891,0.0314460359513759,-0.0888759195804596,-8.4799861907959,-13.5679712295532,-1.0384988157505e-15,7.30999994277954,-1.67999994754791,-118,1,0,0,0,0,0
-16.0490684509277,53.0159187316895,50.4195289611816,-9.97444725036621,-15.5677757263184,0.551316499710083,5.39701795578003,-3.61098694801331,-119.144889831543,-0.00309243425726891,0.0314460359513759,-0.0888759195804596,-8.4799861907959,-13.5679712295532,-1.0384988157505e-15,6.94999980926514,-1.42999994754791,-118,1,0,0,0,0,0
