273.831237792969,44.1409950256347,64.8593444824219,2.84819173812866,-21.0924758911133,-3.27995538711548,-38.021240234375,7.04618883132935,-80.7856979370117,0.24808332324028,-0.152822405099869,0.123729474842548,0,0,0,-17.1800003051758,-1.17999994754791,0,1,0,0,0,0,0
268.452941894531,45.0312347412109,65.7726745605469,1.73866415023804,-20.8344211578369,-2.80654549598694,-30.3290176391602,6.61251783370972,-85.7952423095703,0.24808332324028,-0.152822405099869,0.123729474842548,0,0,0,27.7399997711182,-6.84999990463257,97,1,0,0,0,0,0
263.136840820312,45.673900604248,66.6144561767578,1.19332921504974,-20.3961811065674,-3.04498600959778,-30.3290176391602,6.61251783370972,-85.7952423095703,0.581272780895233,-0.084612175822258,0.259894758462906,0,0,0,31.6599998474121,-7.46000003814697,96,1,0,0,0,0,0
254.343032836914,46.5297126770019,68.0982971191407,1.33355784416199,-19.7711563110352,-2.46077370643616,3.01641798019409,4.13220262527466,-90.2890930175781,1.07383811473846,0.0909585431218147,0.0605394132435322,0,0,0,41.2999992370605,-8.13000011444092,96,1,0,0,0,0,0
254.343032836914,46.5297126770019,68.0982971191407,1.85605823993683,-19.3736553192139,-2.27183675765991,20.5594444274902,2.01798152923584,-88.8424224853516,1.07383811473846,0.0909585431218147,0.0605394132435322,0,0,0,42.7999992370605,-9.5,96,1,0,0,0,0,0
244.455627441406,48.1156501770019,69.6463623046875,3.06325554847717,-18.878734588623,-1.86423659324646,20.5594444274902,2.01798152923584,-88.8424224853516,0.614236235618591,0.0861809551715851,-0.167258650064468,0,0,0,42.8099975585938,-10.6599998474121,96,1,0,0,0,0,0
240.362533569336,49.142650604248,70.1514892578125,4.18487596511841,-18.5271224975586,-1.16933858394623,35.9423217773438,-1.79293024539948,-85.399169921875,0.40934681892395,0.0303100235760212,-0.224598199129105,0,0,0,42.7799987792969,-12.2699995040894,98,1,0,0,0,0,0
236.018402099609,50.5150146484375,70.5177154541016,5.33011722564697,-18.1792583465576,-0.31809675693512,35.9423217773438,-1.79293024539948,-85.399169921875,0.40934681892395,0.0303100235760212,-0.224598199129105,0,0,0,42.6800003051758,-13.0799999237061,99,1,0,0,0,0,0
231.383026123047,52.2946166992187,70.6384429931641,6.54659986495972,-17.8194217681885,0.507285892963409,40.7239418029785,-5.03452110290527,-81.932991027832,0.236311987042427,-0.0156233292073012,-0.241879642009735,0,0,0,42.5499992370605,-13.5499992370605,100,1,0,0,0,0,0
231.383026123047,52.2946166992187,70.6384429931641,7.55276679992676,-17.5127849578857,1.19688272476196,42.214900970459,-8.19002342224121,-76.5502014160156,0.236311987042427,-0.0156233292073012,-0.241879642009735,0,0,0,42.3400001525879,-13.4099998474121,101,1,0,0,0,0,0
226.506637573242,54.5584068298339,70.4668579101563,9.296950340271,-16.9677410125732,1.92230188846588,42.214900970459,-8.19002342224121,-76.5502014160156,0.0291774850338697,-0.064514197409153,-0.307175010442734,0,0,0,-44.439998626709,-12.6899995803833,103,1,0,0,0,0,0
218.779724121094,59.0777206420898,69.7843475341797,9.99844074249268,-16.8003921508789,1.67662513256073,19.4340801239014,-9.10912322998047,-71.3633880615234,-1.86713075637817,-0.000546429306268705,-0.104529976844788,0,0,0,-44.3299980163574,-12.5,105,1,0,0,0,0,0
214.770080566406,61.557373046875,69.4636383056641,9.76225185394287,-16.9056911468506,1.83498406410217,19.4340801239014,-9.10912322998047,-71.3633880615234,-1.86713075637817,-0.000546429306268705,-0.104529976844788,0,0,0,-44.2399978637695,-12.0099992752075,106,1,0,0,0,0,0
210.382125854492,64.0627136230468,69.035629272461,9.20831966400146,-17.0934352874756,2.22026705741882,-16.3982696533203,-10.4860677719116,-68.0842971801758,-0.610817432403564,-0.00288575049489737,0.00525029096752405,0,0,0,-44.25,-11.2599992752075,107,1,0,0,0,0,0
205.927429199219,66.3244018554687,68.4668426513672,8.34590625762939,-17.366382598877,2.60109615325928,-16.3982696533203,-10.4860677719116,-68.0842971801758,-0.610817432403564,-0.00288575049489737,0.00525029096752405,0,0,0,-44.2399978637695,-9.67000007629395,108,1,0,0,0,0,0
201.715423583984,68.1352157592773,67.8243103027344,7.07108926773071,-17.7274475097656,3.01875185966492,-29.67405128479,-10.7214784622192,-73.4491195678711,-0.453944385051727,-0.131211340427399,0.242085784673691,0,0,0,-44.2399978637695,-8.23999977111816,108,1,0,0,0,0,0
197.060272216797,69.7176513671875,67.0217742919922,5.59452819824219,-18.0851593017578,3.36421632766724,-33.6547698974609,-10.6974058151245,-78.3854904174805,-0.170626536011696,-0.183159023523331,0.252574861049652,0,0,0,-44.2599983215332,-5.92000007629395,108,1,0,0,0,0,0
192.662796020508,70.7909698486328,66.2166137695313,3.83003973960876,-18.4375190734863,3.34710693359375,-33.6547698974609,-10.6974058151245,-78.3854904174805,-0.170626536011696,-0.183159023523331,0.252574861049652,0,0,0,-44.3499984741211,-4.30999994277954,108,1,0,0,0,0,0
188.229690551758,71.3791580200195,65.436019897461,1.71801960468292,-18.6993350982666,3.09504795074463,-36.6176300048828,-9.60453510284424,-87.0191268920898,-0.169139206409454,-0.310518622398376,0.287850052118301,0,0,0,-44.4799995422363,-2.15999984741211,108,1,0,0,0,0,0
182.885131835938,71.3474807739257,64.6150665283203,-0.848362982273102,-18.8036422729492,2.50235462188721,-38.237964630127,-7.88800096511841,-95.5454254150391,-0.210079520940781,-0.347907662391663,0.288636267185211,0,0,0,-44.6199989318848,-0.930000007152557,107,1,0,0,0,0,0
179.070556640625,70.781265258789,64.1488952636719,-3.56584811210632,-18.580057144165,2.10672926902771,-38.237964630127,-7.88800096511841,-95.5454254150391,-0.210079520940781,-0.347907662391663,0.288636267185211,0,0,0,-44.75,0.439999997615814,105,1,0,0,0,0,0
173.831192016602,69.3305740356445,63.5656700134278,-6.26708936691284,-18.0073184967041,1.75404727458954,-40.1733016967773,-6.01313829421997,-103.219734191895,-0.13873989880085,-0.331385225057602,0.230114385485649,0,0,0,-44.8499984741211,1.76999998092651,104,1,0,0,0,0,0
169.814422607422,67.6550140380859,63.1697578430176,-8.45492172241211,-17.2684459686279,1.36706638336182,-38.983211517334,-4.59407138824463,-111.439735412598,0.00920069590210915,-0.357920974493027,0.338724911212921,0,0,0,-44.8899993896484,2.49000000953674,102,1,0,0,0,0,0
165.649200439453,65.334228515625,62.8232688903809,-10.6855821609497,-16.1470432281494,0.904709279537201,-38.983211517334,-4.59407138824463,-111.439735412598,0.00920069590210915,-0.357920974493027,0.338724911212921,0,0,0,-44.9300003051758,3.02999997138977,101,1,0,0,0,0,0
162.421890258789,63.0310516357422,62.6168327331543,-12.8016738891602,-14.730019569397,0.500565946102142,-39.3443984985352,-3.20845437049866,-124.420280456543,-0.0985816568136215,-0.371388226747513,0.314405381679535,0,0,0,-44.9699974060059,3.61999988555908,99,1,0,0,0,0,0
158.587692260742,59.5308456420898,62.4328880310059,-14.5323104858398,-13.2089109420776,0.256031185388565,-39.3443984985352,-3.20845437049866,-124.420280456543,-0.0985816568136215,-0.371388226747513,0.314405381679535,0,0,0,-44.9899978637695,3.97000002861023,97,1,0,0,0,0,0
156.014465332031,56.5409851074218,62.3632850646973,-16.3660488128662,-11.1209783554077,-0.257965117692947,-42.3375930786133,-0.787345170974731,-136.713912963867,0.110647425055504,-0.392135798931122,0.272389143705368,0,0,0,-44.9899978637695,3.91999983787537,95,1,0,0,0,0,0
153.180053710938,52.2958717346191,62.4196968078613,-18.0886268615723,-8.34440422058105,-0.723982453346252,-41.6428298950195,0.547732174396515,-148.800628662109,0.110647425055504,-0.392135798931122,0.272389143705368,0,0,0,-44.9799995422363,3.5,92,1,0,0,0,0,0
151.243576049805,48.3761711120605,62.5507392883301,-18.9259243011475,-6.38361501693726,-0.796552300453186,-41.6428298950195,0.547732174396515,-148.800628662109,-0.16462105512619,-0.35068479180336,0.274527162313461,0,0,0,-44.9500007629395,3.3199999332428,90,1,0,0,0,0,0
149.530258178711,43.4956893920898,62.7337837219238,-19.6934909820557,-3.78275799751282,-1.02420949935913,-43.6239242553711,2.5828115940094,-157.025909423828,-0.00466395914554596,-0.34686553478241,0.268187880516052,0,0,0,-44.9199981689453,2.86999988555908,87,1,0,0,0,0,0
148.492095947266,38.8499679565429,62.9343223571778,-20.0618476867676,-1.4943950176239,-1.32232069969177,-43.6239242553711,2.5828115940094,-157.025909423828,-0.00466395914554596,-0.34686553478241,0.268187880516052,0,0,0,-44.9500007629395,2.25999999046326,86,1,0,0,0,0,0
148.011749267578,33.3535842895507,63.2738380432129,-20.1570301055908,1.44997501373291,-1.36231863498688,-44.179573059082,1.96729421615601,-171.123260498047,0.0468169525265694,-0.348085701465607,0.435062199831009,0,0,0,-44.9599990844727,1.41999995708466,83,1,0,0,0,0,0
148.180801391602,29.3860530853271,63.5377998352051,-19.9659805297852,3.56911706924438,-1.41988527774811,-45.2488670349121,1.97151398658752,-179.570358276367,0.0468169525265694,-0.348085701465607,0.435062199831009,0,0,0,-44.9500007629395,0.849999964237213,81,1,0,0,0,0,0
148.892028808594,24.6554660797119,63.857852935791,-19.4186420440674,5.98561716079712,-1.34096109867096,-43.4326019287109,1.8842716217041,173.74201965332,-0.0389643460512161,-0.305342733860016,0.223359033465385,0,0,0,-44.9799995422363,-0.0399999991059303,78,1,0,0,0,0,0
151.702896118164,15.6159086227417,64.4683074951172,-18.6966457366943,7.7981538772583,-0.898033797740936,-45.3599433898926,0.465711653232574,163.718490600586,-0.0295497849583626,-0.310046494007111,0.32347708940506,0,0,0,-44.9899978637695,-0.25,76,1,0,0,0,0,0
153.745178222656,11.3831615447998,64.6470184326172,-17.7400341033936,9.70779705047607,-0.625919044017792,-45.3599433898926,0.465711653232574,163.718490600586,-0.0295497849583626,-0.310046494007111,0.32347708940506,0,0,0,-44.9899978637695,-0.379999995231628,75,1,0,0,0,0,0
156.292526245117,7.41774606704708,64.8528594970703,-16.4404392242432,11.9051103591919,-0.868584036827087,-45.0585556030273,0.574049353599548,153.983673095703,0.201570838689804,-0.318891823291779,0.340162634849548,0,0,0,-44.9899978637695,-1,72,1,0,0,0,0,0
156.292526245117,7.41774606704708,64.8528594970703,-15.1133661270142,13.6130962371826,-0.978504121303558,-44.9135589599609,-0.0791044756770134,145.96565246582,0.201570838689804,-0.318891823291779,0.340162634849548,0,0,0,-44.9899978637695,-1.53999996185303,70,1,0,0,0,0,0
163.560348510742,0.067526817321741,65.5040740966797,-12.8806447982788,15.8983154296875,-1.06844341754913,-43.9695129394531,0.456965059041977,137.730453491211,0.0727567747235298,-0.284083932638168,0.204125359654427,0,0,0,-44.9899978637695,-2.53999996185303,67,1,0,0,0,0,0
167.519027709961,-2.68801617622379,65.7885284423828,-11.2466192245483,17.1726131439209,-0.794523596763611,-42.166015625,1.5757908821106,133.239700317383,0.0153764663264155,-0.208086252212524,0.220945686101913,0,0,0,-44.9699974060059,-3.0699999332428,66,1,0,0,0,0,0
167.519027709961,-2.68801617622379,65.7885284423828,-9.59228897094727,18.181468963623,-0.612248182296753,-42.166015625,1.5757908821106,133.239700317383,0.0153764663264155,-0.208086252212524,0.220945686101913,0,0,0,-44.9899978637695,-3.60999989509583,63,1,0,0,0,0,0
171.676788330078,-5.11409425735477,66.0022888183594,-7.32086801528931,19.3559341430664,-0.927342057228088,-40.4171409606934,0.0690894946455956,125.006393432617,0.0153764663264155,-0.208086252212524,0.220945686101913,0,0,0,-44.9899978637695,-4.23000001907349,61,1,0,0,0,0,0
181.188781738281,-8.79915332794194,66.5709381103516,-5.51901245117188,20.0577182769775,-0.501856088638306,-44.3264503479004,-1.61662662029266,115.871398925781,-0.244042992591858,-0.151934221386909,0.0679216608405113,0,0,0,-44.9899978637695,-4.96000003814697,59,1,0,0,0,0,0
186.028869628906,-9.86192131042485,66.6952056884766,-3.64665365219116,20.6114845275879,-0.0510059595108032,-44.3264503479004,-1.61662662029266,115.871398925781,-0.244042992591858,-0.151934221386909,0.0679216608405113,0,0,0,-44.9899978637695,-5.05999994277954,56,1,0,0,0,0,0
190.954208374023,-10.5096654891968,66.7486572265625,-1.9118560552597,20.9787940979004,0.139923468232155,-44.3547477722168,-0.647452771663666,110.380485534668,0.0779444426298141,-0.25203138589859,0.351664751768112,0,0,0,-44.9899978637695,-5.13000011444092,55,1,0,0,0,0,0
196.002548217773,-10.6951904296875,66.7429962158203,-0.000583117478527129,21.2348251342773,0.347872346639633,-45.3792304992676,-2.50003170967102,101.757957458496,-0.0485984906554222,-0.284623235464096,0.387126863002777,0,0,0,-44.9599990844727,-5.04999971389771,53,1,0,0,0,0,0
201.083847045898,-10.3584842681885,66.6954040527344,2.76323628425598,21.3910388946533,0.518710374832153,-45.3792304992676,-2.50003170967102,101.757957458496,-0.0485984906554222,-0.284623235464096,0.387126863002777,0,0,0,-44.939998626709,-4.86999988555908,51,1,0,0,0,0,0
206.195037841797,-9.50598526000981,66.6277465820313,4.58938694000244,21.3052291870117,0.611489951610565,-41.2766418457031,-3.91620802879333,88.8725204467773,-0.0485984906554222,-0.284623235464096,0.387126863002777,0,0,0,-44.6199989318848,-4.71999979019165,49,1,0,0,0,0,0
211.678924560547,-8.06616878509526,66.5237731933594,6.82638454437256,20.9816284179688,0.661969125270844,-41.2766418457031,-3.91620802879333,88.8725204467773,0.112352728843689,-0.248478606343269,0.344147443771362,0,0,0,-42.0099983215332,-4.57999992370605,48,1,0,0,0,0,0
217.078918457031,-6.10058832168584,66.3922576904297,8.31835269927979,20.6153564453125,0.81481009721756,-39.5534324645996,-4.40636205673218,79.1414794921875,0.120376020669937,-0.242946833372116,0.295105963945389,0,0,0,-44.0499992370605,-4.30999994277954,46,1,0,0,0,0,0
221.934463500977,-3.86003351211553,66.2284698486328,10.5020189285278,19.8928546905518,0.868385255336761,-39.5534324645996,-4.40636205673218,79.1414794921875,0.120376020669937,-0.242946833372116,0.295105963945389,0,0,0,-44.9099998474121,-3.85999989509583,44,1,0,0,0,0,0
227.046569824219,-0.97886210680013,66.0159301757813,12.3042974472046,19.0537948608398,1.04735565185547,-39.8765029907227,-3.71653079986572,69.9414672851562,-0.447870463132858,-0.235858157277107,0.282682210206986,0,0,0,-44.9199981689453,-3.28999996185303,43,1,0,0,0,0,0
231.552276611328,2.15619087219233,65.8273315429688,14.1599197387695,18.016845703125,0.908393442630768,-39.8765029907227,-3.71653079986572,69.9414672851562,-0.447870463132858,-0.235858157277107,0.282682210206986,0,0,0,-44.879997253418,-2.89999985694885,42,1,0,0,0,0,0
236.07160949707,6.0109949111938,65.6579895019532,16.127197265625,16.6644172668457,0.782905638217926,-41.206672668457,-4.57112693786621,57.8304176330566,0.0915809869766235,-0.281638413667679,0.415465921163559,0,0,0,-44.8099975585938,-2.70000004768372,41,1,0,0,0,0,0
239.622772216797,9.68388366699213,65.5262908935547,17.6926651000977,15.3174333572388,0.732771277427673,-41.6360168457031,-5.57545185089111,50.1704254150391,-0.340118318796158,-0.287110656499863,0.316268920898438,0,0,0,-44.8099975585938,-2.25999999046326,40,1,0,0,0,0,0
243.64241027832,14.8628969192504,65.3339996337891,19.7720146179199,13.1046438217163,0.933287262916565,-46.4569358825684,-5.33474969863892,42.2798500061035,-0.189268127083778,-0.31302085518837,0.199126482009888,0,0,0,-44.8600006103516,-1.57999992370605,41,1,0,0,0,0,0
246.14973449707,18.8927574157714,65.122055053711,20.9719486236572,11.5564489364624,1.14926290512085,-46.4569358825684,-5.33474969863892,42.2798500061035,-0.189268127083778,-0.31302085518837,0.199126482009888,0,0,0,-44.8999977111816,-0.909999966621399,42,1,0,0,0,0,0
249.123489379883,24.943151473999,64.7778778076172,22.5074653625488,9.14650058746338,1.23701179027557,-47.5633354187012,-3.93638324737549,32.3816909790039,0.117019467055798,-0.357448071241379,0.318003982305527,0,0,0,-44.8999977111816,-0.28999999165535,45,1,0,0,0,0,0
250.984130859375,29.9702472686767,64.5089416503907,23.6656379699707,6.66393852233887,1.22591769695282,-46.6935539245605,-4.35301828384399,21.3969573974609,0.117019467055798,-0.357448071241379,0.318003982305527,0,0,0,-44.879997253418,0.649999976158142,52,1,0,0,0,0,0
252.375442504883,35.1931724548339,64.2390441894532,24.4654693603516,4.05172491073608,1.20650339126587,-48.0637283325195,-4.07995271682739,13.0283946990967,-0.11884518712759,-0.374086648225784,0.420091778039932,0,0,0,-27.689998626709,1.28999996185303,61,1,0,0,0,0,0
253.355041503906,41.5774040222167,63.9005393981934,24.8497562408447,1.83714628219604,1.11767482757568,-48.0637283325195,-4.07995271682739,13.0283946990967,0.0258759576827288,-0.396059244871139,0.268078446388245,0,0,0,42.7999992370605,2.10999989509583,82,1,0,0,0,0,0
253.725555419922,47.5869216918945,63.6476860046387,24.8189353942871,0.186957567930222,-0.524771213531494,-25.3749732971191,-0.913035452365875,5.54003620147705,1.89946007728577,-0.279640734195709,0.135321483016014,0,0,0,42.8099975585938,1.74000000953674,99,1,0,0,0,0,0
253.824768066406,54.544937133789,63.8588676452637,24.4051723480225,0.00318673253059387,-2.15154480934143,-25.3749732971191,-0.913035452365875,5.54003620147705,1.89946007728577,-0.279640734195709,0.135321483016014,0,0,0,42.7700004577637,-0.170000001788139,122,1,0,0,0,0,0
253.948959350586,59.4485092163085,64.3406066894532,23.9147548675537,0.713447034358978,-2.79852938652039,8.29321575164795,2.66569185256958,0.197212174534798,1.16086506843567,-0.105395212769508,0.0991866290569306,0,0,0,42.7199974060059,-2.54999995231628,137,1,0,0,0,0,0
254.309265136719,65.1941223144531,65.0536651611328,23.5064735412598,1.70659327507019,-2.9417507648468,23.6946868896484,3.48016715049744,1.19936239719391,1.16086506843567,-0.105395212769508,0.0991866290569306,0,0,0,42.7299995422363,-4.06999969482422,144,1,0,0,0,0,0
254.989288330078,70.8045272827148,65.7991027832032,23.0408363342285,3.08770227432251,-3.12941241264343,23.6946868896484,3.48016715049744,1.19936239719391,0.521705865859985,-0.0454242527484894,-0.137043908238411,0,0,0,42.7399978637695,-5.65000009536743,150,1,0,0,0,0,0
256.129455566406,76.7909698486328,66.6338653564453,22.4121875762939,4.84735870361328,-2.7055504322052,33.7225723266602,2.84625220298767,4.14246702194214,0.232911586761475,-0.0473431721329689,-0.143613174557686,0,0,0,42.7700004577637,-7.6399998664856,158,1,0,0,0,0,0
257.526245117188,82.1724700927734,67.2931518554688,21.9071578979492,6.17029619216919,-2.07743692398071,39.4873504638672,1.29857170581818,7.77369356155396,0.232911586761475,-0.0473431721329689,-0.143613174557686,0,0,0,42.8099975585938,-8.55999946594238,162,1,0,0,0,0,0
259.332397460938,87.8169403076171,67.8173828125,21.4395618438721,7.28882169723511,-1.14041638374329,39.4873504638672,1.29857170581818,7.77369356155396,0.21667517721653,-0.0531523525714875,-0.231234610080719,0,0,0,42.8099975585938,-9.13000011444092,167,1,0,0,0,0,0
261.242279052734,92.8795471191406,68.0678405761719,20.9390850067139,8.43321800231934,-0.0304836481809616,42.9231910705566,-1.19792723655701,11.9952526092529,0.100452840328217,-0.0500577203929425,-0.263332039117813,0,0,0,42.7700004577637,-8.89999961853027,170,1,0,0,0,0,0
263.5625,98.2715377807617,68.0603485107422,20.3563327789307,9.73725509643555,0.812136650085449,42.5773773193359,-3.56702733039856,16.3381614685059,0.00415885634720325,-0.0616277158260346,-0.292247176170349,0,0,0,42.6699981689453,-8.14999961853027,174,1,0,0,0,0,0
265.948333740234,103.066345214844,67.86181640625,19.7028770446777,11.1464557647705,1.47132384777069,42.7389984130859,-5.92199563980103,21.5832233428955,0.00415885634720325,-0.0616277158260346,-0.292247176170349,0,0,0,42.5499992370605,-6.96000003814697,177,1,0,0,0,0,0
269.127716064453,108.509414672852,67.4395446777344,19.0729541778564,12.3661708831787,1.96567404270172,42.7389984130859,-5.92199563980103,21.5832233428955,0.0137089062482119,-0.102731548249722,-0.295385867357254,0,0,0,42.4500007629395,-5.94999980926514,179,1,0,0,0,0,0
272.172424316406,112.95629119873,66.9498901367188,18.109676361084,14.0146398544312,2.36479663848877,42.2898330688477,-8.01647281646729,29.263952255249,-0.022281201556325,-0.170942679047585,-0.28256294131279,0,0,0,42.3699989318848,-4.23000001907349,-176,1,0,0,0,0,0
275.844696044922,117.566757202148,66.3155670166016,17.1468029022217,15.3771286010742,2.56692242622375,42.4456672668457,-8.37952613830566,37.769889831543,-0.022281201556325,-0.170942679047585,-0.28256294131279,0,0,0,42.3999977111816,-2.91999983787537,-174,1,0,0,0,0,0
279.262573242188,121.215309143066,65.7420043945313,15.6525497436523,17.2096576690674,2.23777866363525,42.2813873291016,-7.36837482452393,42.1563262939453,0.0874009355902672,-0.299410909414291,-0.233905270695686,0,0,0,42.5200004577637,-1.87999999523163,-171,1,0,0,0,0,0
283.705139160156,125.128150939941,65.1406860351563,13.9526596069336,18.8682765960693,1.88854932785034,42.2813873291016,-7.36837482452393,42.1563262939453,0.0100878225639462,-0.327107220888138,-0.224849283695221,0,0,0,42.5900001525879,-0.599999964237213,-169,1,0,0,0,0,0
287.820770263672,128.07487487793,64.7161102294922,12.1378955841064,20.2865562438965,1.58494901657104,44.0145111083984,-6.14599180221558,49.76123046875,-0.119774654507637,-0.323228538036346,-0.22207498550415,0,0,0,42.6599998474121,0.0799999982118607,-167,1,0,0,0,0,0
292.189697265625,130.667297363281,64.3526916503907,10.8703384399414,21.0742664337158,1.30905830860138,40.7671241760254,-4.801429271698,57.5742683410645,-0.119774654507637,-0.323228538036346,-0.22207498550415,0,0,0,42.7000007629395,0.879999995231628,-164,1,0,0,0,0,0
297.60400390625,133.293380737305,64.02197265625,8.42526531219482,22.1603240966797,0.876960754394531,38.1679077148438,-4.20819711685181,68.423454284668,-0.0806874930858612,-0.281672447919846,-0.289173871278763,0,0,0,42.7099990844727,1.43999993801117,-160,1,0,0,0,0,0
302.334716796875,135.157440185547,63.8217506408692,6.82924556732178,22.5903167724609,0.671139061450958,38.1679077148438,-4.20819711685181,68.423454284668,0.195090249180794,-0.305571287870407,-0.302610635757446,0,0,0,42.7799987792969,1.76999998092651,-158,1,0,0,0,0,0
308.020751953125,136.900207519531,63.6433906555176,4.45490789413452,22.9322452545166,0.232750982046127,39.9401016235352,-0.853696584701538,76.2434997558594,0.195090249180794,-0.305571287870407,-0.302610635757446,0,0,0,42.8099975585938,1.95999991893768,-155,1,0,0,0,0,0
313.337249755859,138.046005249023,63.5526161193848,2.60484004020691,22.9695854187012,-0.087769940495491,39.9401016235352,-0.853696584701538,76.2434997558594,0.0573379099369049,-0.278649598360062,-0.171474933624268,0,0,0,42.8099975585938,1.84999990463257,-153,1,0,0,0,0,0
318.233947753906,138.712661743164,63.556697845459,1.18807709217072,22.8746929168701,-0.280720412731171,40.0251083374023,0.199642270803452,85.3445129394531,0.0573379099369049,-0.278649598360062,-0.171474933624268,0,0,0,42.8099975585938,1.74000000953674,-151,1,0,0,0,0,0
324.456939697266,139.046646118164,63.6244087219239,-0.721460044384003,22.5797061920166,-0.309743881225586,41.0927124023438,-0.00739592080935836,93.9001007080078,0.0684682279825211,-0.257099330425263,-0.325053960084915,0,0,0,42.8099975585938,1.63999998569489,-149,1,0,0,0,0,0
334.872650146484,138.34700012207,63.6972846984864,-2.78661465644836,22.0265846252441,-0.140936389565468,41.0927124023438,-0.00739592080935836,93.9001007080078,0.136125311255455,-0.258638948202133,-0.30745005607605,0,0,0,42.8099975585938,1.75,-146,1,0,0,0,0,0
334.872650146484,138.34700012207,63.6972846984864,-4.83803510665894,21.3017692565918,-0.0438446924090385,42.8381423950195,-0.764073610305786,104.318725585938,0.136125311255455,-0.258638948202133,-0.30745005607605,0,0,0,42.8099975585938,1.86000001430511,-143,1,0,0,0,0,0
345.1416015625,135.834274291992,63.6549339294434,-6.78653621673584,20.3785667419434,-0.0217222403734922,45.3558959960938,0.37771937251091,111.50740814209,0.0379584357142448,-0.273670673370361,-0.284186363220215,0,0,0,42.8099975585938,2.22000002861023,-140,1,0,0,0,0,0
350.131256103516,133.789291381836,63.602825164795,-8.35039710998535,19.4958095550537,-0.0177541878074408,45.3558959960938,0.37771937251091,111.50740814209,0.0379584357142448,-0.273670673370361,-0.284186363220215,0,0,0,42.8099975585938,2.40999984741211,-138,1,0,0,0,0,0
354.186584472656,131.666809082031,63.5504035949707,-10.2059097290039,18.2879867553711,0.0641653016209602,44.2790756225586,-0.641063034534454,122.049240112305,0.0154491383582354,-0.262850821018219,-0.383298099040985,0,0,0,42.8099975585938,2.59999990463257,-136,1,0,0,0,0,0
354.186584472656,131.666809082031,63.5504035949707,-12.107497215271,16.7122268676758,-0.0711042732000351,45.0467987060547,-0.473783850669861,128.035263061523,0.0154491383582354,-0.262850821018219,-0.383298099040985,0,0,0,42.8099975585938,2.96000003814697,-134,1,0,0,0,0,0
362.224639892578,125.637641906738,63.5007133483887,-13.9903612136841,14.7203903198242,-0.623934090137482,45.0467987060547,-0.473783850669861,128.035263061523,0.0344669669866562,-0.337184876203537,-0.236815050244331,0,0,0,42.7799987792969,2.65999984741211,-131,1,0,0,0,0,0
364.919555664062,122.742744445801,63.6013526916504,-15.0633726119995,13.2600030899048,-0.806182026863098,45.7285041809082,2.15052914619446,139.10432434082,0.0789927616715431,-0.304628044366837,-0.258763492107391,0,0,0,42.7700004577637,2.3899998664856,-129,1,0,0,0,0,0
368.041381835938,118.670906066894,63.7742042541504,-16.1805114746094,11.3907299041748,-0.779370188713074,45.7285041809082,2.15052914619446,139.10432434082,0.0789927616715431,-0.304628044366837,-0.258763492107391,0,0,0,42.8099975585938,2.14999985694885,-127,1,0,0,0,0,0
370.101531982422,115.364624023437,63.8698768615723,-17.0688228607178,9.47307682037354,-0.454540371894836,46.1037750244141,0.514581978321075,149.916091918945,-0.0145058259367943,-0.292774468660355,-0.443503260612488,0,0,0,42.8099975585938,2.10999989509583,-124,1,0,0,0,0,0
372.383087158203,110.908126831055,63.8892784118653,-17.7692375183105,7.35954332351685,-0.131077960133553,45.5659027099609,-0.384018361568451,159.375595092773,-0.016392482444644,-0.30702555179596,-0.302144050598144,0,0,0,42.8099975585938,2.50999999046326,-122,1,0,0,0,0,0
374.038116455078,106.669166564941,63.8453330993653,-18.1614265441895,5.4185037612915,-0.139974966645241,45.5227203369141,0.0786992534995079,167.156021118164,-0.016392482444644,-0.30702555179596,-0.302144050598144,0,0,0,42.8099975585938,2.70000004768372,-120,1,0,0,0,0,0
375.115539550781,102.723106384277,63.8194923400879,-18.3537731170654,3.14937853813171,-0.100121051073074,45.1525039672852,0.473592609167099,173.311706542969,-0.035288468003273,-0.324801921844482,-0.298070788383484,0,0,0,42.8099975585938,2.87999987602234,-117,1,0,0,0,0,0
375.842376708984,98.3450927734374,63.7947502136231,-18.3116111755371,0.970754265785217,-0.240598350763321,45.1525039672852,0.473592609167099,173.311706542969,-0.118205696344376,-0.315534293651581,-0.331538259983063,0,0,0,42.8099975585938,2.8899998664856,-116,1,0,0,0,0,0
376.008880615234,93.6540374755859,63.8200492858887,-17.8941650390625,-1.83649945259094,-1.25472414493561,42.9258003234863,0.802081823348999,-176.597839355469,0.0730515271425247,-0.3638796210289,-0.162118166685104,0,0,0,42.7199974060059,2.41999983787537,-114,1,0,0,0,0,0
375.514678955078,89.3991394042968,64.083251953125,-17.2533760070801,-3.81510186195374,-2.01953530311584,38.0372123718262,3.91647529602051,-170.829635620117,-0.257476598024368,-0.272574365139008,-0.182681486010551,0,0,0,42.689998626709,0.729999959468842,-112,1,0,0,0,0,0
374.548919677734,85.3350753784179,64.5608673095704,-16.5803146362305,-5.22519874572754,-2.0875403881073,38.2359085083008,3.5215528011322,-163.673797607422,-0.257476598024368,-0.272574365139008,-0.182681486010551,0,0,0,42.7199974060059,-0.299999982118607,-110,1,0,0,0,0,0
373.104522705078,81.0881881713866,65.0988464355469,-15.6181535720825,-6.91087913513184,-1.81404983997345,38.2359085083008,3.5215528011322,-163.673797607422,0.13125766813755,-0.180930957198143,-0.317756742238998,0,0,0,40.1399993896484,-1.5,-108,1,0,0,0,0,0
371.153594970703,76.8037185668944,65.6080932617188,-14.8982515335083,-7.97284555435181,-1.52781236171722,41.4339599609375,3.25978255271912,-156.27734375,0.00458981655538082,-0.18810011446476,-0.231406331062317,0,0,0,36,-2.11999988555908,-106,1,0,0,0,0,0
369.301605224609,73.5943756103515,65.9313507080079,-13.5376672744751,-9.70712947845459,-1.33195555210114,39.8416557312012,2.91159129142761,-149.309875488281,0.00458981655538082,-0.18810011446476,-0.231406331062317,0,0,0,27.9499988555908,-3.0699999332428,-105,1,0,0,0,0,0
366.980895996094,70.3115615844726,66.260726928711,-12.5586004257202,-10.7245807647705,-1.1843433380127,39.8416557312012,2.91159129142761,-149.309875488281,-0.295551389455795,-0.167309775948525,-0.263486057519913,0,0,0,19.2899990081787,-3.97000002861023,-103,1,0,0,0,0,0
364.410766601562,67.2491760253905,66.5592956542969,-11.7002515792847,-11.4852876663208,-1.04173862934113,32.7915344238281,1.55783987045288,-141.667663574219,-0.295551389455795,-0.167309775948525,-0.263486057519913,0,0,0,13.3099994659424,-4.54999971389771,-102,1,0,0,0,0,0
361.662567138672,64.418357849121,66.8278350830079,-10.7283592224121,-12.1563568115234,-0.800326704978943,32.7915344238281,1.55783987045288,-141.667663574219,-0.382654786109924,-0.0849703773856163,-0.260411739349365,0,0,0,5.25,-5.25999975204468,-101,1,0,0,0,0,0
358.788818359375,61.7692947387695,67.0644226074219,-10.1098108291626,-12.4849729537964,-0.620393514633179,23.2664623260498,0.0756574720144272,-135.934844970703,-0.382654786109924,-0.0849703773856163,-0.260411739349365,0,0,0,0.259999990463257,-5.73999977111816,-100,1,0,0,0,0,0
356.109283447266,59.4971199035644,67.25634765625,-9.69810485839844,-12.6033592224121,-0.28280633687973,13.3708667755127,-0.811083257198334,-132.69059753418,-0.414049506187439,-0.0220195539295674,-0.188464850187302,0,0,0,-3.8199999332428,-5.98000001907349,-98,1,0,0,0,0,0
352.378112792969,56.5025520324706,67.4184875488282,-9.43544387817383,-12.6138143539429,-0.131736069917679,13.3708667755127,-0.811083257198334,-132.69059753418,-0.461369633674622,-0.00663202302530409,-0.111607149243355,0,0,0,-9,-6.30999994277954,-97,1,0,0,0,0,0
349.88671875,54.5660743713378,67.4924926757813,-9.32265186309814,-12.4882030487061,-0.321133434772491,4.71181774139404,-1.44355237483978,-131.218154907227,-0.461369633674622,-0.00663202302530409,-0.111607149243355,0,0,0,-12.789999961853,-6.83999967575073,-95,1,0,0,0,0,0
344.063781738281,50.005889892578,67.75,-9.46124076843262,-12.1965656280518,-0.355984091758728,-3.78352355957031,-2.21340751647949,-131.263549804688,-0.381612002849579,0.0454076565802097,-0.0169294346123934,0,0,0,-14.1300001144409,-7.25999975204468,-94,1,0,0,0,0,0
344.063781738281,50.005889892578,67.75,-9.6213493347168,-11.9650259017944,-0.276365518569946,-3.78352355957031,-2.21340751647949,-131.263549804688,-0.381612002849579,0.0454076565802097,-0.0169294346123934,0,0,0,-14.9099998474121,-7.59999990463257,-93,1,0,0,0,0,0
338.406433105469,45.2070350646972,67.9418182373047,-9.88094806671143,-11.5828628540039,0.286527693271637,-9.06476974487305,-3.21603202819824,-131.234069824219,-0.303822726011276,0.0367844700813294,0.0891618803143501,0,0,0,-15.2699995040894,-7.71000003814697,-90,1,0,0,0,0,0
335.6806640625,42.7217788696288,67.848876953125,-10.2276124954224,-11.1140012741089,0.801098942756653,-12.6325387954712,-4.44967317581177,-134.134994506836,-0.0986113175749779,0.0207432694733143,0.15194921195507,0,0,0,-14.3599996566772,-7.44999980926514,-89,1,0,0,0,0,0
332.869476318359,39.9655075073241,67.5735473632813,-10.5743961334229,-10.6593046188354,1.4754456281662,-12.6325387954712,-4.44967317581177,-134.134994506836,-0.0986113175749779,0.0207432694733143,0.15194921195507,0,0,0,-11.3299999237061,-6.46000003814697,-86,1,0,0,0,0,0
330.204986572266,37.128490447998,67.1583099365235,-10.9861736297607,-10.1734418869019,1.73363721370697,-13.0223684310913,-5.55309057235718,-135.495056152344,0.102063089609146,-0.0150535367429256,0.016747772693634,0,0,0,-8.44999980926514,-5.58999967575073,-84,1,0,0,0,0,0
328.041046142578,34.6450424194335,66.7864379882813,-11.4120721817017,-9.71521854400635,1.83200097084045,-13.0223684310913,-5.55309057235718,-135.495056152344,0.102063089609146,-0.0150535367429256,0.016747772693634,0,0,0,-2.45000004768372,-4.46999979019165,-80,1,0,0,0,0,0
325.414031982422,31.374282836914,66.221923828125,-11.7937088012695,-9.26467704772949,2.28593611717224,-16.0221462249756,-5.03471326828003,-137.750885009766,-0.281328648328781,-0.042823676019907,0.112358018755913,0,0,0,5.11999988555908,-2.79999995231628,-76,1,0,0,0,0,0
323.448455810547,28.7411861419677,65.7315673828125,-12.2657518386841,-8.76898956298828,2.19272875785828,-11.6361837387085,-4.51570844650269,-140.597671508789,0.519566833972931,-0.0552889071404934,0.17921194434166,0,0,0,10.7199993133545,-1.83999991416931,-73,1,0,0,0,0,0
321.046508789062,25.3191719055175,65.1928253173829,-12.4732942581177,-8.54983615875244,1.91821599006653,-11.6361837387085,-4.51570844650269,-140.597671508789,0.519566833972931,-0.0552889071404934,0.17921194434166,0,0,0,15.9099998474121,-1.0900000333786,-70,1,0,0,0,0,0
319.357727050781,22.8542251586913,64.8763885498047,-12.5446882247925,-8.47910118103027,1.59134531021118,-0.0495019033551216,-3.61686229705811,-144.267776489258,0.338826864957809,-0.0652320981025696,0.0807652324438095,0,0,0,22.0699996948242,-0.170000001788139,-66,1,0,0,0,0,0
317.303405761719,19.9030075073241,64.5297241210938,-12.4354763031006,-8.62786388397217,1.34214317798615,6.4620246887207,-2.87823224067688,-144.437744140625,0.369455903768539,-0.0425560101866722,-0.0334109999239445,0,0,0,26.3099994659424,0.740000009536743,-61,1,0,0,0,0,0
314.819030761719,16.5064048767089,64.17236328125,-12.2127361297607,-8.92979621887207,1.18522441387177,6.4620246887207,-2.87823224067688,-144.437744140625,0.369455903768539,-0.0425560101866722,-0.0334109999239445,0,0,0,28.25,1.29999995231628,-58,1,0,0,0,0,0
312.574676513672,13.7003192901611,63.8821601867676,-11.8394355773926,-9.39102935791016,1.11290955543518,14.0581474304199,-2.08738946914673,-141.634002685547,0.38871043920517,-0.0506773814558983,-0.135816007852554,0,0,0,29.4200000762939,1.9099999666214,-55,1,0,0,0,0,0
310.178894042969,11.0407447814941,63.6077156066895,-11.1191530227661,-10.2011127471924,0.913044810295105,21.057279586792,-1.13465297222137,-139.435119628906,0.201328262686729,-0.111922286450863,-0.0699645280838013,0,0,0,30.1599998474121,2.77999997138977,-50,1,0,0,0,0,0
307.361602783203,8.30465221405023,63.361255645752,-10.3723754882812,-10.9963369369507,0.597917973995209,21.057279586792,-1.13465297222137,-139.435119628906,0.201328262686729,-0.111922286450863,-0.0699645280838013,0,0,0,30.1999988555908,3.25,-46,1,0,0,0,0,0
304.807647705078,6.17867755889886,63.2244148254395,-9.43995380401611,-11.8729734420776,0.332349061965942,26.4716606140137,0.959698677062988,-134.865005493164,0.148950442671776,-0.1622633934021,-0.0861191675066948,0,0,0,29.3899993896484,3.65999984741211,-41,1,0,0,0,0,0
301.570648193359,3.86601352691644,63.1330299377442,-8.49850177764893,-12.6850433349609,-0.0872729420661926,27.7876091003418,2.64860939979553,-131.684127807617,0.148950442671776,-0.1622633934021,-0.0861191675066948,0,0,0,28.9300003051758,3.76999998092651,-38,1,0,0,0,0,0
298.387298583984,1.95178341865533,63.1370277404786,-7.64881420135498,-13.3291826248169,-0.115101993083954,27.7876091003418,2.64860939979553,-131.684127807617,0.00180001743137836,-0.163757473230362,-0.167971536517143,0,0,0,28.7299995422363,3.77999997138977,-33,1,0,0,0,0,0
294.526489257812,-0.0497996807099043,63.1274147033692,-6.96902513504028,-13.7868747711182,-0.0379511676728725,27.8808784484863,2.60432434082031,-126.64875793457,-0.0541081055998802,-0.112868264317513,-0.256536394357681,0,0,0,29.25,3.95999979972839,-29,1,0,0,0,0,0
291.087768554688,-1.56831741333014,63.1000709533692,-5.60821104049683,-14.5692186355591,-0.0865677148103714,27.8808784484863,2.60432434082031,-126.64875793457,-0.0541081055998802,-0.112868264317513,-0.256536394357681,0,0,0,29.7099990844727,4.19999980926514,-24,1,0,0,0,0,0
287.821655273438,-2.75614452362067,63.0833549499512,-4.72836685180664,-15.0099897384644,-0.176101818680763,29.1366653442383,2.29401540756226,-118.817367553711,0.0356637537479401,-0.140717744827271,-0.18715289235115,0,0,0,29.8599987030029,4.30999994277954,-21,1,0,0,0,0,0
283.829833984375,-3.8692646026612,63.1132316589356,-3.28196835517883,-15.6342182159424,-0.51818835735321,30.748363494873,3.04144525527954,-114.414703369141,-0.0125956814736128,-0.140201091766357,-0.191191717982292,0,0,0,30.0399990081787,4.19000005722046,-15,1,0,0,0,0,0
280.015319824219,-4.60347843170172,63.2208213806153,-2.12656664848328,-16.0421886444092,-0.588341057300568,30.748363494873,3.04144525527954,-114.414703369141,-0.0125956814736128,-0.140201091766357,-0.191191717982292,0,0,0,30.5900001525879,3.90999984741211,-10,1,0,0,0,0,0
275.803375244141,-5.09319591522223,63.3184776306153,-1.24950611591339,-16.2799339294434,-0.160582646727562,31.6491088867188,2.42493963241577,-106.644340515137,-0.00741681270301342,-0.134572565555573,-0.238833144307137,0,0,0,31.6799983978271,4.11999988555908,-6,1,0,0,0,0,0
271.836364746094,-5.32175827026373,63.2979927062989,-0.219827353954315,-16.493236541748,0.166442781686783,31.6491088867188,2.42493963241577,-106.644340515137,-0.00741681270301342,-0.134572565555573,-0.238833144307137,0,0,0,33.0499992370605,4.48999977111816,-2,1,0,0,0,0,0
267.846893310547,-5.31608486175543,63.2163810729981,0.887472748756409,-16.6592769622803,0.308775573968887,31.0558929443359,2.31087875366211,-100.428436279297,-0.029900224879384,-0.133385166525841,-0.272876143455505,0,0,0,34.6300010681152,4.98000001907349,2,1,0,0,0,0,0
264.182373046875,-5.0766391754151,63.1161613464356,2.41171622276306,-16.7680549621582,0.323343932628632,32.0609817504883,2.20762085914612,-94.6152191162109,0.179843127727509,-0.18886025249958,-0.20321150124073,0,0,0,35.6800003051758,5.53999996185303,8,1,0,0,0,0,0
260.162170410156,-4.51200819015509,63.0161247253418,3.85334706306458,-16.7597789764404,0.0867951288819313,32.0609817504883,2.20762085914612,-94.6152191162109,0.179843127727509,-0.18886025249958,-0.20321150124073,0,0,0,36.0999984741211,5.71999979019165,12,1,0,0,0,0,0
256.175201416016,-3.58622264862066,62.9755973815918,5.36232709884644,-16.694356918335,0.00351069588214159,35.9816780090332,4.09667253494263,-88.2164840698242,0.0853815376758575,-0.187240108847618,-0.195942252874374,0,0,0,37.2399978637695,5.84999990463257,18,1,0,0,0,0,0
251.833129882812,-2.18632483482366,62.9510154724121,6.51697683334351,-16.6287746429443,0.266875624656677,36.0551223754883,3.39682650566101,-82.4314804077148,0.00957034155726433,-0.143602639436722,-0.325140655040741,0,0,0,38.9099998474121,6.21999979019165,22,1,0,0,0,0,0
247.835083007812,-0.598969101905878,62.86576461792,7.4807653427124,-16.5087299346924,0.372415482997894,36.0551223754883,3.39682650566101,-82.4314804077148,0.00957034155726433,-0.143602639436722,-0.325140655040741,0,0,0,40.4300003051758,6.61999988555908,26,1,0,0,0,0,0
243.878082275391,1.31753683090205,62.7369270324707,9.66629219055176,-16.0011825561523,0.244224891066551,39.636833190918,1.40275132656097,-72.1351776123047,0.323503255844116,-0.232785120606422,-0.38359135389328,0,0,0,41.7999992370605,7.25,32,1,0,0,0,0,0
240.996047973633,3.02359366416926,62.6462593078614,11.7081470489502,-15.2861986160278,-0.196939364075661,44.8668632507324,1.69017994403839,-65.1896514892578,0.323503255844116,-0.232785120606422,-0.38359135389328,0,0,0,41.6100006103516,7.25,37,1,0,0,0,0,0
237.019012451172,6.06551361083979,62.6284370422364,14.0278644561768,-14.2568979263306,-0.656038641929626,42.8165092468262,1.32708132266998,-54.5790786743164,0.22614897787571,-0.384540766477585,-0.290009319782257,0,0,0,42.7000007629395,6.96000003814697,43,1,0,0,0,0,0
233.256790161133,9.71095657348628,62.7000541687012,15.5584154129028,-13.3128566741943,-0.687850892543793,42.8165092468262,1.32708132266998,-54.5790786743164,-0.241874128580093,-0.22480271756649,-0.471575349569321,0,0,0,42.8099975585938,6.86999988555908,48,1,0,0,0,0,0
229.766952514648,13.7760534286499,62.7785377502442,17.0912685394287,-11.9606504440308,-0.842688202857971,42.4908218383789,-1.06406354904175,-41.881233215332,-0.241874128580093,-0.22480271756649,-0.471575349569321,0,0,0,42.8099975585938,6.86999988555908,55,1,0,0,0,0,0
226.844711303711,17.9277191162109,62.8767280578614,18.688512802124,-9.98958015441895,-1.30558741092682,42.4908218383789,-1.06406354904175,-41.881233215332,0.071255661547184,-0.363671898841858,-0.418617755174637,0,0,0,42.8099975585938,6.58999967575073,62,1,0,0,0,0,0
224.206558227539,22.7875690460205,63.0936851501465,19.9823398590088,-7.75421619415283,-1.85335922241211,45.7404365539551,1.35403895378113,-26.6215591430664,0.071255661547184,-0.363671898841858,-0.418617755174637,0,0,0,42.7799987792969,5.54999971389771,67,1,0,0,0,0,0
222.07209777832,28.4550704956054,63.4973335266114,20.8872222900391,-5.41466760635376,-2.04784655570984,45.7404365539551,1.35403895378113,-26.6215591430664,0.00438462384045124,-0.452272295951843,-0.291098654270172,0,0,0,42.7700004577637,4.80999994277954,72,1,0,0,0,0,0
220.91813659668,33.0669975280761,63.86381149292,21.5106887817383,-2.54017066955566,-2.52494764328003,47.4008636474609,2.19610691070557,-14.6690731048584,-0.0507900938391685,-0.459934264421463,-0.41615816950798,0,0,0,42.7399978637695,3.32999992370605,79,1,0,0,0,0,0
220.245239257812,38.3054084777832,64.3459014892578,21.6571216583252,-0.0416092425584793,-3.03622436523438,46.669319152832,3.7159366607666,-3.00986766815186,-0.0507900938391685,-0.459934264421463,-0.41615816950798,0,0,0,42.6399993896484,1.94999992847443,84,1,0,0,0,0,0
220.303405761719,43.5504112243652,64.9632568359375,21.3590354919434,2.7217812538147,-3.36591839790344,45.4380493164062,6.42088079452515,4.41973257064819,0.0194827150553465,-0.474623829126358,-0.264770954847336,0,0,0,41.3199996948242,-0.280000001192093,92,1,0,0,0,0,0
220.954940795898,48.7811737060546,65.6687927246094,21.0421104431152,4.15535354614258,-2.56417107582092,45.4380493164062,6.42088079452515,4.41973257064819,-0.35578989982605,-0.323100715875626,-0.230181276798248,0,0,0,42.7099990844727,-1.44999992847443,97,1,0,0,0,0,0
222.138854980469,54.7627563476562,66.386474609375,20.6564903259277,5.38565969467163,-1.93301272392273,44.805305480957,3.21840047836304,13.0320043563843,-0.039447084069252,-0.162975639104843,-0.544029355049133,0,0,0,42.8099975585938,-2.37999987602234,104,1,0,0,0,0,0
223.301910400391,59.3840065002441,66.7671356201172,19.9286079406738,7.16278457641602,-1.39640426635742,44.5820960998535,-0.384436011314392,23.1811332702637,-0.039447084069252,-0.162975639104843,-0.544029355049133,0,0,0,42.8099975585938,-2.75,109,1,0,0,0,0,0
225.088455200195,64.7246780395507,67.0748596191407,19.0947780609131,8.7056941986084,-1.09210407733917,44.8471298217773,0.90987503528595,29.8933506011963,0.132209822535515,-0.253320157527924,-0.313467085361481,0,0,0,42.7999992370605,-3.25999999046326,117,1,0,0,0,0,0
227.158981323242,69.3879928588867,67.2939758300782,17.5330619812012,10.9664649963379,-1.38641154766083,44.8471298217773,0.90987503528595,29.8933506011963,-0.0581076666712761,-0.318262249231339,-0.178507804870605,0,0,0,42.7799987792969,-4.36999988555908,124,1,0,0,0,0,0
229.673919677734,73.759666442871,67.57470703125,16.330451965332,12.3459968566895,-1.64265692234039,41.8637733459473,1.90246343612671,38.5387115478516,-0.0581076666712761,-0.318262249231339,-0.178507804870605,0,0,0,42.7900009155273,-5.35999965667725,129,1,0,0,0,0,0
235.802429199219,81.4892120361328,68.3359832763672,14.9260416030884,13.7135562896729,-1.57989454269409,41.8637733459473,1.90246343612671,38.5387115478516,-0.269500732421875,-0.217770531773567,-0.349595963954926,0,0,0,42.8099975585938,-6.30999994277954,134,1,0,0,0,0,0
239.608551025391,85.1726150512695,68.6963043212891,13.6638240814209,14.7493495941162,-1.17082369327545,42.0873756408691,-0.246219888329506,47.8873596191406,0.118942081928253,-0.153146415948868,-0.260974526405334,0,0,0,42.8099975585938,-7.25,141,1,0,0,0,0,0
239.608551025391,85.1726150512695,68.6963043212891,12.5230741500854,15.5675621032715,-0.456991940736771,44.3028831481934,-1.33516752719879,52.8105659484863,0.118942081928253,-0.153146415948868,-0.260974526405334,0,0,0,42.7900009155273,-7.50999975204468,147,1,0,0,0,0,0
243.327087402344,88.3033599853515,68.8805847167969,11.2328109741211,16.3668632507324,0.190075173974037,44.3028831481934,-1.33516752719879,52.8105659484863,0.0147882392629981,-0.129290878772736,-0.337055027484894,0,0,0,42.7000007629395,-7.46999979019165,152,1,0,0,0,0,0
251.316619873047,93.722183227539,68.7883605957032,9.85953807830811,17.1109809875488,0.514473617076874,43.2308883666992,-5.38417434692383,64.1576156616211,-0.10280629247427,-0.24951346218586,-0.395615041255951,0,0,0,42.629997253418,-7.14999961853027,156,1,0,0,0,0,0
255.272796630859,95.7111053466796,68.6327667236328,7.87129926681519,17.9931964874268,0.643609941005707,43.2308883666992,-5.38417434692383,64.1576156616211,-0.10280629247427,-0.24951346218586,-0.395615041255951,0,0,0,42.6399993896484,-6.80999994277954,163,1,0,0,0,0,0
260.142028808594,97.6147308349609,68.4244995117188,6.29792308807373,18.496452331543,0.756851494312286,41.1984329223633,-5.24479675292969,73.5187454223633,-0.0125758536159992,-0.288631588220596,-0.243684843182564,0,0,0,42.689998626709,-6.54999971389771,167,1,0,0,0,0,0
264.709991455078,98.9505767822265,68.2289581298828,4.81837034225464,18.8534278869629,0.626441061496735,41.1984329223633,-5.24479675292969,73.5187454223633,-0.0125758536159992,-0.288631588220596,-0.243684843182564,0,0,0,42.6800003051758,-6.25,173,1,0,0,0,0,0
269.386077880859,99.8641281127929,68.0843048095703,2.56495475769043,19.1333999633789,0.466679245233536,38.9484100341797,-4.78090381622314,84.1581039428711,-0.195990711450577,-0.245714768767357,-0.333566457033157,0,0,0,42.6800003051758,-6.1399998664856,-179,1,0,0,0,0,0
274.861755371094,100.41926574707,67.9505004882813,0.760741710662842,19.1397285461426,0.365841418504715,37.9024047851562,-4.73576641082764,90.5914459228516,0.0364480167627335,-0.267488032579422,-0.32614266872406,0,0,0,42.6599998474121,-6.06999969482422,-175,1,0,0,0,0,0
279.128234863281,100.454261779785,67.868148803711,-0.895462393760681,18.9818019866943,0.440122932195663,42.5949020385742,-5.38065624237061,100.869613647461,0.0364480167627335,-0.267488032579422,-0.32614266872406,0,0,0,42.6399993896484,-6,-170,1,0,0,0,0,0
284.481384277344,100.004508972168,67.6696319580078,-2.27697801589966,18.6952953338623,0.907248616218567,42.5949020385742,-5.38065624237061,100.869613647461,0.260938733816147,-0.251019299030304,-0.298369258642197,0,0,0,42.6399993896484,-5.33999967575073,-166,1,0,0,0,0,0
288.976470947266,99.2230911254882,67.3586883544922,-4.08924913406372,18.1581745147705,1.44168555736542,45.3089714050293,-5.66935968399048,109.529411315918,0.114292159676552,-0.291983425617218,-0.316067814826965,0,0,0,42.6199989318848,-4.61999988555908,-162,1,0,0,0,0,0
292.984710693359,98.1727066040038,66.9729309082032,-5.98528385162354,17.3462409973145,1.73149442672729,46.1582832336426,-6.03187274932861,117.881958007812,0.157905161380768,-0.360596656799316,-0.35406619310379,0,0,0,42.6100006103516,-3.19999980926514,-156,1,0,0,0,0,0
298.049835205078,96.1947631835937,66.3716735839844,-8.13613891601562,16.0617065429688,1.85524785518646,46.1582832336426,-6.03187274932861,117.881958007812,0.157905161380768,-0.360596656799316,-0.35406619310379,0,0,0,42.6800003051758,-1.70999991893768,-151,1,0,0,0,0,0
301.758605957031,94.0538024902343,65.8634643554688,-9.84281826019287,14.7891321182251,1.8139740228653,48.9877624511719,-4.33500814437866,129.305145263672,-0.0313306413590908,-0.46294093132019,-0.186213403940201,0,0,0,41.2399978637695,-0.769999980926514,-147,1,0,0,0,0,0
305.136047363281,91.4655838012695,65.3948211669922,-11.4705238342285,13.3045406341553,1.45847737789154,48.9877624511719,-4.33500814437866,129.305145263672,-0.0313306413590908,-0.46294093132019,-0.186213403940201,0,0,0,38.5900001525879,-0.0999999940395355,-144,1,0,0,0,0,0
307.876159667969,88.7914123535156,65.08154296875,-12.9912586212158,11.4587659835815,0.713351428508759,40.1703796386719,-3.17265605926514,143.733779907227,-0.239891096949577,-0.348461896181107,-0.430736094713211,0,0,0,33.8699989318848,0.379999995231628,-139,1,0,0,0,0,0
310.281646728516,85.8503875732421,64.9128875732422,-13.9943828582764,9.71331024169922,0.140259146690369,36.949951171875,-1.39506554603577,153.7607421875,-0.239891096949577,-0.348461896181107,-0.430736094713211,0,0,0,28.8099994659424,0.359999984502792,-134,1,0,0,0,0,0
312.514343261719,82.4406127929687,64.8635559082032,-14.573094367981,8.22455978393555,-0.259806245565414,36.949951171875,-1.39506554603577,153.7607421875,-0.0600274540483952,-0.350915908813477,-0.231641724705696,0,0,0,25.8899993896484,0.159999996423721,-130,1,0,0,0,0,0
314.637359619141,78.3079528808593,64.9559783935547,-15.0601100921631,6.21508836746216,-1.00085043907166,34.8101577758789,1.17554783821106,161.449111938477,-0.189771324396133,-0.260296404361725,-0.263527065515518,0,0,0,22.9599990844727,-0.310000002384186,-127,1,0,0,0,0,0
316.050048828125,74.6848907470702,65.2040252685547,-15.2127504348755,4.66828298568726,-1.46795773506165,31.1112937927246,2.02429819107056,167.445556640625,-0.198887050151825,-0.173703163862228,-0.274037808179855,0,0,0,18.6599998474121,-1.51999998092651,-122,1,0,0,0,0,0
317.112976074219,71.114517211914,65.5365142822266,-15.1703319549561,3.35861253738403,-1.7312114238739,31.1112937927246,2.02429819107056,167.445556640625,-0.198887050151825,-0.173703163862228,-0.274037808179855,0,0,0,15.8899993896484,-2.8199999332428,-117,1,0,0,0,0,0
317.936248779297,67.4626846313476,65.9195251464844,-15.030834197998,2.5267448425293,-1.58688414096832,26.0801067352295,3.11658549308777,173.522842407227,-0.216533794999123,-0.0806728675961495,-0.165578320622444,0,0,0,15.6999998092651,-3.55999994277954,-114,1,0,0,0,0,0
318.610748291016,63.5769844055175,66.2816467285157,-14.8680362701416,1.8549952507019,-1.01755511760712,23.4844493865967,2.44701933860779,176.632888793945,-0.343158662319183,0.00308453338220713,-0.187323123216629,0,0,0,16.1700000762939,-4.02999973297119,-109,1,0,0,0,0,0
319.130828857422,59.7005805969238,66.5033111572266,-14.7263164520264,1.34413695335388,-0.557255625724792,18.3047161102295,1.73048233985901,179.17985534668,-0.343158662319183,0.00308453338220713,-0.187323123216629,0,0,0,18.0399990081787,-4.25999975204468,-106,1,0,0,0,0,0
319.52294921875,55.876667022705,66.6129913330079,-14.5685729980469,0.798997163772583,-0.344349771738052,18.3047161102295,1.73048233985901,179.17985534668,-0.0405913516879082,0.0109962867572904,-0.0991264656186104,0,0,0,20.1700000762939,-4.3899998664856,-101,1,0,0,0,0,0
319.756103515625,52.3732986450195,66.6718444824219,-14.4305505752563,0.382823288440704,-0.226123780012131,17.6565227508545,1.18314898014069,-179.335479736328,-0.0413864143192768,0.0293839406222105,-0.0970198884606361,0,0,0,21.7099990844727,-4.46000003814697,-98,1,0,0,0,0,0
319.868835449219,48.6045761108398,66.7167205810547,-14.2954711914062,-0.0352462232112885,-0.0560388900339603,18.3483695983887,-0.591229498386383,-175.55517578125,-0.0413864143192768,0.0293839406222105,-0.0970198884606361,0,0,0,24,-4.46999979019165,-93,1,0,0,0,0,0
319.845794677734,45.1684875488281,66.6961669921875,-14.1570377349854,-0.583309710025787,0.399977475404739,18.3483695983887,-0.591229498386383,-175.55517578125,0.0779096111655235,0.021739212796092,-0.20215816795826,0,0,0,25.4599990844727,-4.21999979019165,-90,1,0,0,0,0,0
319.685913085938,41.7567176818847,66.5752868652344,-14.0254144668579,-1.28014206886292,0.747458636760712,19.2091274261475,-2.10647463798523,-172.094284057617,0.0269648917019367,0.0103135108947754,-0.204219281673431,0,0,0,27.0900001525879,-3.58999991416931,-85,1,0,0,0,0,0
319.397827148438,38.6586761474609,66.3982391357422,-13.9133453369141,-1.87670075893402,0.963360071182251,23.1627521514893,-3.0062255859375,-168.543106079102,0.0269648917019367,0.0103135108947754,-0.204219281673431,0,0,0,27.769998550415,-3.04999995231628,-81,1,0,0,0,0,0
318.898803710938,35.3294219970702,66.1541137695313,-13.7493114471436,-2.75887179374695,1.16904950141907,25.4181003570557,-2.74729108810425,-166.469924926758,0.327471047639847,-0.042534027248621,-0.132318690419197,0,0,0,28.189998626709,-2.45000004768372,-78,1,0,0,0,0,0
318.111541748047,31.7381553649902,65.8293609619141,-13.5435724258423,-3.67898440361023,1.29798746109009,25.4181003570557,-2.74729108810425,-166.469924926758,0.0655221194028854,-0.0726188570261002,-0.140302017331123,0,0,0,28.6800003051758,-1.45999991893768,-73,1,0,0,0,0,0
317.088134765625,28.228193283081,65.4694061279297,-13.2731084823608,-4.71372318267822,1.37624633312225,26.1843070983887,-2.79494643211365,-162.5234375,-0.0390993058681488,-0.0784662514925003,-0.238998159766197,0,0,0,29.0900001525879,-0.779999971389771,-68,1,0,0,0,0,0
316.013885498047,25.2845096588134,65.1341552734375,-12.9438438415527,-5.64837408065796,1.65749931335449,26.8507423400879,-3.52777099609375,-157.051910400391,0.138072341680527,-0.105672389268875,-0.297545373439789,0,0,0,29.2099990844727,0.539999961853027,-65,1,0,0,0,0,0
314.501861572266,21.9204292297363,64.679183959961,-12.4785776138306,-6.79257392883301,1.47929286956787,26.8507423400879,-3.52777099609375,-157.051910400391,0.138072341680527,-0.105672389268875,-0.297545373439789,0,0,0,28.8999996185303,1.43999993801117,-62,1,0,0,0,0,0
312.957092285156,19.1578941345214,64.3141174316407,-11.8901166915894,-7.9728536605835,0.928148329257965,28.6374454498291,-1.15658748149872,-149.670455932617,-0.0648974925279617,-0.208952382206917,-0.142566099762917,0,0,0,27.5499992370605,2.1399998664856,-57,1,0,0,0,0,0
311.010894775391,16.309902191162,64.0454864501954,-11.2028589248657,-9.07843208312988,0.508890867233276,26.3080825805664,0.1778444647789,-144.585189819336,-0.0648974925279617,-0.208952382206917,-0.142566099762917,0,0,0,27.1099987030029,2.52999997138977,-52,1,0,0,0,0,0
308.632995605469,13.3701553344726,63.8587379455567,-10.5653476715088,-9.91240119934082,0.316146105527878,26.3080825805664,0.1778444647789,-144.585189819336,-0.0521708205342293,-0.152428984642029,-0.275066077709198,0,0,0,26.7399997711182,2.75999999046326,-49,1,0,0,0,0,0
306.419494628906,11.0352268218993,63.7640113830567,-9.61007213592529,-10.9160585403442,0.058506928384304,27.9382057189941,1.2939293384552,-136.153579711914,-0.0521708205342293,-0.152428984642029,-0.275066077709198,0,0,0,25.9099998474121,2.92999982833862,-44,1,0,0,0,0,0
303.837097167969,8.69496726989739,63.7046012878418,-8.81370162963867,-11.6405153274536,-0.25812828540802,27.0050735473633,2.83469533920288,-131.603698730469,-0.0232946090400219,-0.183701246976852,-0.214481517672539,0,0,0,25.3099994659424,2.82999992370605,-40,1,0,0,0,0,0
300.806243896484,6.37980842590325,63.7093238830567,-7.92142868041992,-12.3048505783081,-0.351221799850464,27.0050735473633,2.83469533920288,-131.603698730469,-0.132775738835335,-0.150231420993805,-0.180046632885933,0,0,0,25.1800003051758,2.75,-37,1,0,0,0,0,0
297.866577148438,4.45965576171868,63.7454795837403,-7.05378675460815,-12.8632440567017,-0.392136245965958,27.0421199798584,3.28501582145691,-125.727127075195,-0.132775738835335,-0.150231420993805,-0.180046632885933,0,0,0,25.269998550415,2.79999995231628,-32,1,0,0,0,0,0
295.027709960938,2.8513267040252,63.7681312561036,-6.04099893569946,-13.4278202056885,-0.521754860877991,27.0421199798584,3.28501582145691,-125.727127075195,-0.0589922964572906,-0.150166571140289,-0.20420777797699,0,0,0,25.25,2.74000000953674,-28,1,0,0,0,0,0
289.358123779297,0.312756717204983,63.8820457458496,-5.07724952697754,-13.8813352584839,-0.430949151515961,27.4940872192383,3.93356347084045,-119.795127868652,0.0250276736915112,-0.120429493486881,-0.186511233448982,0,0,0,25.4699993133545,2.61999988555908,-23,1,0,0,0,0,0
285.404937744141,-1.02244579792029,63.9662437438965,-4.10189533233643,-14.2634363174438,-0.340573787689209,27.6908206939697,4.009681224823,-116.642379760742,-0.067073255777359,-0.0921577885746956,-0.202575176954269,0,0,0,26.2600002288818,2.61999988555908,-18,1,0,0,0,0,0
281.920745849609,-1.94393301010138,64.0219268798828,-3.2927520275116,-14.5144786834717,-0.253262042999268,27.6908206939697,4.009681224823,-116.642379760742,-0.067073255777359,-0.0921577885746956,-0.202575176954269,0,0,0,26.8699989318848,2.61999988555908,-14,1,0,0,0,0,0
278.386962890625,-2.64734745025641,64.051986694336,-2.40893840789795,-14.7556743621826,-0.171569958329201,26.6969604492188,4.01140356063843,-110.477340698242,-0.0471858866512775,-0.113871343433857,-0.217856213450432,0,0,0,28.0499992370605,2.71000003814697,-9,1,0,0,0,0,0
275.415466308594,-3.06599187850958,64.0634155273438,-1.41359150409698,-14.9765872955322,-0.0251595005393028,27.7429370880127,3.90550518035889,-105.98314666748,0.113921754062176,-0.10433092713356,-0.229911670088768,0,0,0,28.8599987030029,2.83999991416931,-5,1,0,0,0,0,0
271.516693115234,-3.37779068946844,64.0176696777344,-0.368263393640518,-15.1797780990601,0.162109613418579,27.7429370880127,3.90550518035889,-105.98314666748,0.113921754062176,-0.10433092713356,-0.229911670088768,0,0,0,29.689998626709,3.11999988555908,-2,1,0,0,0,0,0
267.839233398438,-3.41075968742377,63.9176979064942,0.582950413227081,-15.3334398269653,0.388918489217758,29.3381767272949,3.37123847007751,-100.308135986328,-0.0313334092497826,-0.101777113974094,-0.215361595153809,0,0,0,31.0999984741211,3.66999983787537,3,1,0,0,0,0,0
263.832366943359,-3.19042968750006,63.7566947937012,1.57681012153625,-15.4530582427979,0.665484964847565,29.5422172546387,2.81321620941162,-96.2950057983398,0.00707938894629478,-0.0866394639015198,-0.235711798071861,0,0,0,32.3899993896484,4.19999980926514,7,1,0,0,0,0,0
259.767913818359,-2.69763469696051,63.5296745300293,2.65952897071838,-15.5469465255737,0.771131157875061,29.5422172546387,2.81321620941162,-96.2950057983398,0.00707938894629478,-0.0866394639015198,-0.235711798071861,0,0,0,34.1100006103516,5.07999992370605,12,1,0,0,0,0,0
256.011779785156,-1.9655711650849,63.2998313903809,3.68283987045288,-15.5809450149536,0.787244379520416,30.5333728790283,2.13840579986572,-88.619140625,0.0540434569120407,-0.149457857012749,-0.230355456471443,0,0,0,35.189998626709,5.6399998664856,16,1,0,0,0,0,0
252.250549316406,-0.953488528728541,63.0748481750489,4.99476766586304,-15.5700454711914,0.937768042087555,31.4169139862061,1.98949158191681,-81.4513473510742,0.0540434569120407,-0.149457857012749,-0.230355456471443,0,0,0,37.2299995422363,6.55999994277954,22,1,0,0,0,0,0
248.508117675781,0.324166715145056,62.815113067627,6.54260349273682,-15.4082288742065,0.602835714817047,31.4169139862061,1.98949158191681,-81.4513473510742,-0.0498537048697472,-0.146534234285355,-0.298441678285599,0,0,0,38.379997253418,7.15999984741211,25,1,0,0,0,0,0
244.165130615234,2.27680444717402,62.6024513244629,8.23601341247559,-15.046085357666,0.0789961591362953,33.6005973815918,1.85877704620361,-74.0588150024414,0.111124366521835,-0.250807493925095,-0.298594266176224,0,0,0,38.9099998474121,7.44000005722046,31,1,0,0,0,0,0
240.556564331055,4.40550088882441,62.5579872131348,9.8281717300415,-14.5021686553955,-0.366932481527328,35.5339698791504,4.38091659545898,-65.1225051879883,0.111124366521835,-0.250807493925095,-0.298594266176224,0,0,0,39.2999992370605,7.44999980926514,35,1,0,0,0,0,0
236.830947875977,7.14860582351679,62.6301460266114,11.4020643234253,-13.7273044586182,-0.8964803814888,35.5339698791504,4.38091659545898,-65.1225051879883,-0.062690407037735,-0.281530022621155,-0.23040135204792,0,0,0,39.7199974060059,7.06999969482422,41,1,0,0,0,0,0
233.856704711914,9.83218002319331,62.7857704162598,12.9659719467163,-12.7417497634888,-1.05600917339325,38.0131072998047,5.55423831939697,-56.1675109863281,0.104418836534023,-0.251116961240768,-0.298198312520981,0,0,0,39.9799995422363,6.75999975204468,46,1,0,0,0,0,0
229.893188476562,14.2205619812011,63.0689582824707,14.3154382705688,-11.6680135726929,-1.41381919384003,39.449390411377,6.08625936508179,-50.914981842041,0.0437585487961769,-0.254103183746338,-0.264756828546524,0,0,0,40.6800003051758,6.10999965667725,52,1,0,0,0,0,0
227.659530639648,17.2329883575439,63.2807731628418,15.6269044876099,-10.4118490219116,-1.3820366859436,39.449390411377,6.08625936508179,-50.914981842041,0.0437585487961769,-0.254103183746338,-0.264756828546524,0,0,0,41.3899993896484,5.73000001907349,56,1,0,0,0,0,0
225.090515136719,21.4117259979248,63.5726890563965,16.7970180511475,-9.02511978149414,-1.51585781574249,40.7472724914551,3.87263870239258,-38.0668830871582,0.0223555099219084,-0.269957691431046,-0.376508474349976,0,0,0,42.0900001525879,4.98999977111816,62,1,0,0,0,0,0
223.0771484375,25.5835380554199,63.8784294128418,17.8440399169922,-7.45719623565674,-1.59819626808167,40.7472724914551,3.87263870239258,-38.0668830871582,0.0223555099219084,-0.269957691431046,-0.376508474349976,0,0,0,42.1199989318848,4.42000007629395,67,1,0,0,0,0,0
221.491516113281,30.0620689392089,64.1565704345703,19.0643119812012,-5.33603048324585,-1.36812925338745,45.8325729370117,3.28551602363586,-27.0643253326416,0.225231021642685,-0.308355182409287,-0.335718840360641,0,0,0,42.4199981689453,3.89999985694885,74,1,0,0,0,0,0
220.517959594727,33.9820175170898,64.3645782470703,19.8836708068848,-3.30580878257751,-1.622878074646,45.9997749328613,4.91113090515137,-19.9316711425781,-0.167283996939659,-0.345727056264877,-0.172681018710136,0,0,0,42.6100006103516,3.25,78,1,0,0,0,0,0
219.709060668945,39.2369499206542,64.6979522705078,20.2817497253418,-1.85896337032318,-1.07465243339539,44.4134407043457,3.91749119758606,-13.9061136245728,-0.0207877233624458,-0.175834387540817,-0.502077341079712,0,0,0,42.7999992370605,2.79999995231628,85,1,0,0,0,0,0
219.298080444336,44.2359390258789,64.8978424072266,20.552490234375,0.540920078754425,-1.19773411750793,45.1982421875,0.156272813677788,-1.99166738986969,-0.0207877233624458,-0.175834387540817,-0.502077341079712,0,0,0,42.8099975585938,2.28999996185303,92,1,0,0,0,0,0
219.42561340332,49.6824798583984,65.1094970703125,20.4510326385498,2.90924286842346,-1.63513016700745,45.1982421875,0.156272813677788,-1.99166738986969,-0.126382574439049,-0.417583107948303,-0.418337404727936,0,0,0,42.7900009155273,1.59999990463257,97,1,0,0,0,0,0
220.153701782227,54.6684494018554,65.4034881591797,20.0115146636963,5.2807879447937,-1.69994723796844,47.1616134643555,2.12471723556519,12.2959041595459,-0.126382574439049,-0.417583107948303,-0.418337404727936,0,0,0,42.75,0.610000014305115,104,1,0,0,0,0,0
221.498992919922,59.5831298828125,65.7554321289063,19.5495300292969,6.92934560775757,-1.59506750106812,47.1616134643555,2.12471723556519,12.2959041595459,0.3854039311409,-0.390882670879364,-0.28333193063736,0,0,0,42.7099990844727,0.280000001192093,106,1,0,0,0,0,0
223.350051879883,64.2484436035156,66.0899200439453,18.643533706665,9.2739725112915,-1.44501388072968,49.3106346130371,3.45280528068542,22.5777816772461,-0.16973090171814,-0.318680197000504,-0.34742933511734,0,0,0,42.7700004577637,-0.639999985694885,113,1,0,0,0,0,0
225.868865966797,69.1571884155273,66.4139862060547,17.6664924621582,11.0897874832153,-1.09619700908661,47.0445289611816,0.559580028057098,33.3689155578613,-0.16973090171814,-0.318680197000504,-0.34742933511734,0,0,0,42.8099975585938,-1.29999995231628,121,1,0,0,0,0,0
228.59098815918,73.4614028930663,66.6372833251953,16.1733226776123,13.0614194869995,-0.942295134067535,47.0445289611816,0.559580028057098,33.3689155578613,-0.0340887568891048,-0.306352853775024,-0.453699111938477,0,0,0,42.8099975585938,-1.77999997138977,128,1,0,0,0,0,0
232.273086547852,78.119529724121,66.8584747314453,14.6547231674194,14.6358118057251,-1.19346296787262,47.9179573059082,0.111476048827171,46.3915367126465,-0.0340887568891048,-0.306352853775024,-0.453699111938477,0,0,0,42.8099975585938,-2.42999982833862,133,1,0,0,0,0,0
235.606948852539,81.3735275268554,67.0975952148438,13.17063331604,15.8660593032837,-1.22817492485046,47.9179573059082,0.111476048827171,46.3915367126465,0.160991385579109,-0.39798578619957,-0.246463432908058,0,0,0,42.3099975585938,-3.05999994277954,138,1,0,0,0,0,0
239.921127319336,84.7025985717773,67.4022369384766,10.5818681716919,17.4710178375244,-1.28472352027893,46.9002227783203,1.27552998065948,60.912712097168,0.160991385579109,-0.39798578619957,-0.246463432908058,0,0,0,40.8099975585938,-4.1399998664856,145,1,0,0,0,0,0
243.82470703125,87.0900802612304,67.6624145507813,8.93875217437744,18.1811504364014,-0.983805656433105,46.9002227783203,1.27552998065948,60.912712097168,-0.107503324747086,-0.34822678565979,-0.314820498228073,0,0,0,41.2399978637695,-4.69000005722046,152,1,0,0,0,0,0
248.232940673828,89.3306198120117,67.9039459228516,7.22926473617554,18.711088180542,-0.529267430305481,44.674861907959,-0.724132895469666,69.0950012207031,-0.287984728813171,-0.22795444726944,-0.50306361913681,0,0,0,41.8600006103516,-5.11999988555908,157,1,0,0,0,0,0
253.479461669922,91.4903030395507,68.0593414306641,5.64646863937378,19.0026397705078,0.038922768086195,43.2345314025879,-3.04242920875549,79.9825286865234,-0.287984728813171,-0.22795444726944,-0.50306361913681,0,0,0,42.0699996948242,-5.09999990463257,161,1,0,0,0,0,0
258.436767578125,93.0207748413085,68.0668182373047,3.36938834190369,19.2325019836426,-0.114250995218754,43.2345314025879,-3.04242920875549,79.9825286865234,0.0359542816877365,-0.27214127779007,-0.277042418718338,0,0,0,41.3600006103516,-5.15999984741211,168,1,0,0,0,0,0
262.270355224609,93.8105926513671,68.0751647949219,1.46051669120789,19.1881675720215,-0.0720439851284027,42.9899673461914,-1.09468269348145,88.5892028808594,0.0359542816877365,-0.27214127779007,-0.277042418718338,0,0,0,40.7700004577637,-5.38000011444092,173,1,0,0,0,0,0
267.289947509766,94.3564300537109,68.1021423339844,0.340578317642212,19.0402870178223,0.320625722408295,40.9633331298828,-1.5323121547699,95.7357864379883,-0.148018077015877,-0.29436469078064,-0.225119814276695,0,0,0,41.0299987792969,-5.31999969482422,179,1,0,0,0,0,0
271.894622802734,94.4810485839843,68.0526275634766,-1.46219635009766,18.6242980957031,0.894643902778625,40.9633331298828,-1.5323121547699,95.7357864379883,-0.064604215323925,-0.212094634771347,-0.37357959151268,0,0,0,41.129997253418,-4.69000005722046,-173,1,0,0,0,0,0
276.443786621094,94.2703247070312,67.8829498291016,-3.06467127799988,18.0972366333008,1.15312480926514,42.15771484375,-2.65330147743225,107.202201843262,-0.064604215323925,-0.212094634771347,-0.37357959151268,0,0,0,40.7299995422363,-4.15000009536743,-169,1,0,0,0,0,0
281.231475830078,93.6258926391601,67.6102447509766,-4.42040824890137,17.5307464599609,1.13414001464844,42.15771484375,-2.65330147743225,107.202201843262,0.0504900626838207,-0.29562908411026,-0.289604783058166,0,0,0,39.3699989318848,-3.51999998092651,-162,1,0,0,0,0,0
285.840026855469,92.5124893188476,67.3160552978516,-6.24202585220337,16.5466117858887,1.07451128959656,39.1449203491211,-1.41327238082886,119.017150878906,0.0504900626838207,-0.29562908411026,-0.289604783058166,0,0,0,38.5900001525879,-3.15999984741211,-158,1,0,0,0,0,0
293.449371337891,89.478172302246,66.8138427734375,-7.7636923789978,15.5137577056885,1.13740980625153,39.1449203491211,-1.41327238082886,119.017150878906,0.0251055471599102,-0.259905129671097,-0.348411530256271,0,0,0,37.7099990844727,-2.65999984741211,-154,1,0,0,0,0,0
297.326141357422,87.2353210449218,66.5026397705079,-8.99588489532471,14.5017051696777,1.09352576732635,40.2249221801758,-1.70979642868042,128.718994140625,0.108852908015251,-0.255222529172897,-0.298288732767105,0,0,0,35.8199996948242,-1.88999998569489,-148,1,0,0,0,0,0
300.380523681641,85.0568161010741,66.2619018554688,-10.1662082672119,13.3670873641968,0.98653244972229,36.9696884155273,-1.36124920845032,135.523910522461,-0.22228230535984,-0.206606701016426,-0.317592024803162,0,0,0,34.7399978637695,-1.52999997138977,-144,1,0,0,0,0,0
300.380523681641,85.0568161010741,66.2619018554688,-11.3298864364624,11.9874000549316,0.776610434055328,35.4322166442871,-1.72952830791473,142.53662109375,-0.22228230535984,-0.206606701016426,-0.317592024803162,0,0,0,32.8699989318848,-1.01999998092651,-139,1,0,0,0,0,0
306.615417480469,79.0809020996093,65.7908172607422,-12.2692060470581,10.6105852127075,0.664606690406799,35.4322166442871,-1.72952830791473,142.53662109375,0.105411984026432,-0.261469006538391,-0.371391713619232,0,0,0,30.9499988555908,-0.729999959468842,-135,1,0,0,0,0,0
306.615417480469,79.0809020996093,65.7908172607422,-13.0154371261597,9.28239822387695,0.281095862388611,34.0776290893555,0.840199410915375,149.120071411133,0.105411984026432,-0.261469006538391,-0.371391713619232,0,0,0,28.7299995422363,-0.509999990463257,-129,1,0,0,0,0,0
311.208831787109,72.4742813110351,65.5968170166016,-13.5096826553345,8.11037254333496,0.13941402733326,31.4338321685791,2.1232168674469,155.200988769531,-0.172354057431221,-0.137052565813065,-0.312948107719421,0,0,0,28.019998550415,-0.539999961853027,-126,1,0,0,0,0,0
311.208831787109,72.4742813110351,65.5968170166016,-13.856879234314,7.08313274383545,0.0636597871780396,31.4338321685791,2.1232168674469,155.200988769531,-0.172354057431221,-0.137052565813065,-0.312948107719421,0,0,0,27.9499988555908,-0.469999998807907,-120,1,0,0,0,0,0
314.739379882812,65.507957458496,65.4732971191407,-14.1157646179199,6.04128980636597,0.317344069480896,28.9612255096436,0.751525402069092,163.613586425781,0.0468326881527901,-0.125284999608994,-0.321365565061569,0,0,0,27.9099998474121,-0.319999992847443,-117,1,0,0,0,0,0
316.053375244141,62.0859642028808,65.3588256835938,-14.3089084625244,4.91206502914429,0.281087279319763,28.9612255096436,0.751525402069092,163.613586425781,0.0468326881527901,-0.125284999608994,-0.321365565061569,0,0,0,27.5299987792969,0.0299999993294477,-111,1,0,0,0,0,0
316.053375244141,62.0859642028808,65.3588256835938,-14.3968591690063,3.89577770233154,0.0646602883934975,28.672571182251,1.13211405277252,169.931640625,0.0468326881527901,-0.125284999608994,-0.321365565061569,0,0,0,26.9899997711182,0.119999997317791,-108,1,0,0,0,0,0
317.320251464844,57.7412643432616,65.2674865722657,-14.4106645584106,2.64527916908264,-0.171438694000244,26.5082721710205,1.97304654121399,175.029281616211,-0.0864072442054749,-0.168614149093628,-0.187002688646317,0,0,0,26.3599987030029,0.0599999986588955,-102,1,0,0,0,0,0
318.450500488281,51.0594367980956,65.3107147216797,-14.3187322616577,1.48701691627502,-0.528638899326324,26.5082721710205,1.97304654121399,175.029281616211,-0.200506776571274,-0.139532372355461,-0.25996607542038,0,0,0,25.6099987030029,-0.199999988079071,-99,1,0,0,0,0,0
318.450500488281,51.0594367980956,65.3107147216797,-14.1583108901978,0.510625064373016,-0.681842088699341,24.9249477386475,3.32539415359497,-179.456451416016,-0.200506776571274,-0.139532372355461,-0.25996607542038,0,0,0,25.2099990844727,-0.669999957084656,-94,1,0,0,0,0,0
318.710174560547,43.9219779968261,65.5277862548829,-14.0069637298584,-0.195133715867996,-0.468587279319763,23.7683410644531,3.11954879760742,-176.292144775391,-0.0797433629631996,-0.0176013335585594,-0.210955604910851,0,0,0,25.689998626709,-0.819999992847443,-89,1,0,0,0,0,0
318.710174560547,43.9219779968261,65.5277862548829,-13.8712368011475,-0.894483745098114,-0.204720973968506,23.7683410644531,3.11954879760742,-176.292144775391,-0.0797433629631996,-0.0176013335585594,-0.210955604910851,0,0,0,26.7600002288818,-0.719999969005585,-85,1,0,0,0,0,0
318.543853759766,40.2390632629394,65.5464782714844,-13.7589330673218,-1.50515794754028,0.0710584446787834,24.4092578887939,0.827034652233124,-170.359405517578,-0.0797433629631996,-0.0176013335585594,-0.210955604910851,0,0,0,27.4099998474121,-0.449999988079071,-82,1,0,0,0,0,0
317.628936767578,33.3417739868163,65.3738098144532,-13.5829801559448,-2.50030899047852,0.241459846496582,24.8900814056396,0.231791332364082,-166.222076416016,0.0743957981467247,-0.0759552791714669,-0.194522440433502,0,0,0,28.1399993896484,-0.0700000002980232,-77,1,0,0,0,0,0
316.871307373047,30.0783405303954,65.2417907714844,-13.3819723129272,-3.41203427314758,0.38884761929512,24.8900814056396,0.231791332364082,-166.222076416016,0.0743957981467247,-0.0759552791714669,-0.194522440433502,0,0,0,28.4799995422363,0.239999994635582,-74,1,0,0,0,0,0
316.871307373047,30.0783405303954,65.2417907714844,-13.1255083084106,-4.36983633041382,0.543609023094177,26.7203330993652,-0.12620535492897,-160.928848266602,0.0743957981467247,-0.0759552791714669,-0.194522440433502,0,0,0,28.9599990844727,0.85999995470047,-69,1,0,0,0,0,0
314.693756103516,23.7124462127685,64.8928375244141,-12.8166923522949,-5.31923389434814,0.548474729061127,26.7203330993652,-0.12620535492897,-160.928848266602,0.0193806663155556,-0.0766452625393868,-0.192707404494286,0,0,0,29.0499992370605,1.26999998092651,-66,1,0,0,0,0,0
313.005920410156,20.1507892608642,64.6736602783204,-12.46741771698,-6.23386526107788,0.585856795310974,27.907901763916,0.218643859028816,-154.978042602539,0.0607249177992344,-0.12108700722456,-0.208443984389305,0,0,0,29.189998626709,1.88999998569489,-61,1,0,0,0,0,0
311.320953369141,17.2127094268798,64.4690551757813,-12.0068769454956,-7.25478076934814,0.687769293785095,28.8865566253662,0.122477993369102,-149.394958496094,0.0922442004084587,-0.120274633169174,-0.246111303567886,0,0,0,29.2899990081787,2.37999987602234,-58,1,0,0,0,0,0
311.320953369141,17.2127094268798,64.4690551757813,-11.4339542388916,-8.31986808776855,0.637648344039917,28.8865566253662,0.122477993369102,-149.394958496094,0.0922442004084587,-0.120274633169174,-0.246111303567886,0,0,0,29.1399993896484,3.11999988555908,-53,1,0,0,0,0,0
309.22998046875,14.1540746688842,64.2312316894532,-10.7763757705688,-9.37071418762207,0.655611097812653,29.8720436096191,0.315858989953995,-142.706192016602,0.0922442004084587,-0.120274633169174,-0.246111303567886,0,0,0,28.939998626709,3.55999994277954,-48,1,0,0,0,0,0
304.427490234375,8.77417755126946,63.7672843933106,-10.0794048309326,-10.3051919937134,0.76211553812027,29.8720436096191,0.315858989953995,-142.706192016602,0.0889904275536537,-0.153513848781586,-0.265387773513794,0,0,0,28.7099990844727,4.42999982833862,-44,1,0,0,0,0,0
304.427490234375,8.77417755126946,63.7672843933106,-9.16380310058594,-11.3350553512573,0.471423178911209,29.5272521972656,1.57334160804749,-134.652267456055,0.0889904275536537,-0.153513848781586,-0.265387773513794,0,0,0,28.2099990844727,4.86999988555908,-39,1,0,0,0,0,0
301.7919921875,6.49399232864373,63.5549659729004,-8.35447883605957,-12.0661191940308,0.181349962949753,28.2263240814209,2.86675429344177,-130.464584350586,-0.128969937562943,-0.194989025592804,-0.189704477787018,0,0,0,27.5599994659424,5.17999982833862,-36,1,0,0,0,0,0
295.635681152344,2.42985939979547,63.3824043273926,-7.36730337142944,-12.7921018600464,-0.181067526340485,28.2263240814209,2.86675429344177,-130.464584350586,-0.103471204638481,-0.187713697552681,-0.196869447827339,0,0,0,27.439998626709,5.28999996185303,-33,1,0,0,0,0,0
292.176544189453,0.707072913646633,63.4434242248536,-6.33802890777588,-13.378849029541,-0.538740754127502,27.5872592926025,4.15515327453613,-122.915687561035,-0.00337093509733677,-0.179530039429665,-0.278204083442688,0,0,0,26.8899993896484,5.04999971389771,-27,1,0,0,0,0,0
288.857177734375,-0.616542220115726,63.5577735900879,-5.20177602767944,-13.9028148651123,-0.66889899969101,27.5872592926025,4.15515327453613,-122.915687561035,-0.00337093509733677,-0.179530039429665,-0.278204083442688,0,0,0,26.4899997711182,4.85999965667725,-22,1,0,0,0,0,0
285.161010742188,-1.77555847167975,63.7090034484864,-4.18830490112305,-14.2578353881836,-0.766688168048859,28.2468585968018,5.46847438812256,-114.378387451172,-0.0731262043118477,-0.158859699964523,-0.212029814720154,0,0,0,26.2799987792969,4.52999973297119,-19,1,0,0,0,0,0
285.161010742188,-1.77555847167975,63.7090034484864,-3.35943293571472,-14.4873828887939,-0.75524765253067,28.2468585968018,5.46847438812256,-114.378387451172,-0.0731262043118477,-0.158859699964523,-0.212029814720154,0,0,0,26.3299999237061,4.27999973297119,-15,1,0,0,0,0,0
277.878601074219,-3.22515130043036,64.0262451171875,-2.10841917991638,-14.7169218063354,-0.774168729782104,27.79811668396,5.78008413314819,-107.30046081543,-0.0715059265494347,-0.126517429947853,-0.203050419688225,0,0,0,26.5100002288818,3.93999981880188,-10,1,0,0,0,0,0
277.878601074219,-3.22515130043036,64.0262451171875,-0.924855768680573,-14.8575992584229,-0.7652947306633,27.79811668396,5.78008413314819,-107.30046081543,-0.0715059265494347,-0.126517429947853,-0.203050419688225,0,0,0,26.8199996948242,3.58999991416931,-5,1,0,0,0,0,0
274.049194335938,-3.57441830635077,64.1891784667969,0.102916322648525,-14.9211015701294,-0.754728019237518,27.6694469451904,5.97095632553101,-100.701942443848,-0.0715059265494347,-0.126517429947853,-0.203050419688225,0,0,0,27.019998550415,3.36999988555908,-1,1,0,0,0,0,0
270.493927001953,-3.63435006141669,64.3412628173828,1.12810921669006,-14.9703922271729,-0.558677971363068,29.7551727294922,6.01886367797852,-96.7940979003906,-0.0254751425236464,-0.0932748466730118,-0.169646412134171,0,0,0,27.3799991607666,3.22000002861023,1,1,0,0,0,0,0
263.666198730469,-3.04252409935003,64.551513671875,2.1761302947998,-14.9897947311401,-0.426848828792572,29.7551727294922,6.01886367797852,-96.7940979003906,0.106866791844368,-0.104771196842194,-0.188390165567398,0,0,0,28.0399990081787,3.11999988555908,6,1,0,0,0,0,0
260.095184326172,-2.38553953170782,64.5959625244141,3.24657416343689,-14.9921112060547,-0.0192206874489784,30.8255386352539,5.46178102493286,-91.9454116821289,0.0464751534163952,-0.0556541308760643,-0.223094597458839,0,0,0,29.689998626709,3.32999992370605,12,1,0,0,0,0,0
256.823608398438,-1.58694028854376,64.5874176025391,4.25104808807373,-14.9804601669312,-0.0055281831882894,29.2668476104736,3.82702922821045,-86.5012741088867,-0.223440855741501,-0.0632496550679207,-0.288812637329102,0,0,0,30.7999992370605,3.36999988555908,15,1,0,0,0,0,0
