174.605682373047,10.2412919998169,76.8178329467774,1.59549832344055,-13.0452423095703,0.86393141746521,3.02959799766541,-0.513939082622528,-85.0208511352539,-0.107744313776493,0.00308540742844344,0.0917362868785858,0,0,0,5.75,0.159999996423721,97,1,0,0,0,0,0
171.760055541992,10.5642004013061,76.6033630371094,1.50821197032928,-13.0688648223877,0.92147696018219,1.20656323432922,-0.473130285739899,-85.7563400268555,-0.0755351781845093,0.0148060563951731,-0.0280042234808207,16,-3.5527136788005e-15,1.95943496413627e-15,35.5799980163574,-2.85999989509583,-44,1,0,0,0,0,0
168.113067626953,10.978985786438,76.3208389282227,1.89814829826355,-13.0145015716553,0.864925742149353,6.32606172561646,-0.608088672161102,-84.2490615844727,0.874443054199219,-0.00340939010493459,-0.145025089383125,16,-3.5527136788005e-15,1.95943496413627e-15,35.0999984741211,-5.53999996185303,-44,1,0,0,0,0,0
165.007995605469,11.4681568145752,76.0757141113281,2.78052091598511,-12.7957458496094,1.26594495773315,6.32606172561646,-0.608088672161102,-84.2490615844727,0.874443054199219,-0.00340939010493459,-0.145025089383125,16,-3.5527136788005e-15,1.95943496413627e-15,32.5999984741211,-9.30000019073486,-44,1,0,0,0,0,0
161.956939697266,12.1675052642822,75.737434387207,3.50802326202393,-12.5871429443359,1.85787236690521,27.3249378204346,-2.28666591644287,-81.4939651489258,0.25548779964447,0.0398571006953716,-0.099096842110157,16,-3.5527136788005e-15,1.95943496413627e-15,30.3499984741211,-11.6899995803833,-44,1,0,0,0,0,0
158.47590637207,13.2479076385498,75.1695861816406,4.40437650680542,-12.3045568466187,2.53474807739258,29.2233600616455,-3.51277947425842,-80.1285247802734,0.0696923956274986,0.025237750262022,-0.127389252185822,16,-3.5527136788005e-15,1.95943496413627e-15,26.7399997711182,-15,-44,1,0,0,0,0,0
155.555068969727,14.3750534057617,74.5331726074219,5.00106048583984,-12.1008148193359,2.99971723556519,29.2233600616455,-3.51277947425842,-80.1285247802734,0.0696923956274986,0.025237750262022,-0.127389252185822,16,-3.5527136788005e-15,1.95943496413627e-15,24.269998550415,-16.9799995422363,-44,1,0,0,0,0,0
152.737747192383,15.6426076889038,73.7752914428711,5.65824556350708,-11.8052568435669,4.15255355834961,26.929744720459,-8.91626930236816,-74.9980850219727,-0.195699915289879,0.133447885513306,-0.329134613275528,16,-3.5527136788005e-15,1.95943496413627e-15,20.9099998474121,-19.1000003814697,-44,1,0,0,0,0,0
149.749206542969,17.1344604492187,72.6954116821289,6.07380294799805,-11.5811195373535,5.04144191741943,26.929744720459,-8.91626930236816,-74.9980850219727,-0.195699915289879,0.133447885513306,-0.329134613275528,16,-3.5527136788005e-15,1.95943496413627e-15,18.7600002288818,-19.6700000762939,-44,1,0,0,0,0,0
146.980850219727,18.6707344055175,71.4168319702149,6.79211091995239,-11.3340873718262,5.91031694412231,24.7609710693359,-14.7925386428833,-69.026969909668,-0.215230375528336,0.065725989639759,-0.188957750797272,16,-3.5527136788005e-15,1.95943496413627e-15,15.4799995422363,-19.7199993133545,-44,1,0,0,0,0,0
144.488784790039,20.1904182434082,70.1092376708985,7.38061952590942,-11.2011461257935,6.34911727905273,19.8887805938721,-16.9303112030029,-66.1006851196289,-0.215230375528336,0.065725989639759,-0.188957750797272,16,-3.5527136788005e-15,1.95943496413627e-15,12.4299993515015,-19.2700004577637,-44,1,0,0,0,0,0
141.595489501953,22.1228141784668,68.4692611694336,7.87464427947998,-11.1454553604126,6.65942144393921,19.8887805938721,-16.9303112030029,-66.1006851196289,-0.169779285788536,0.0434896163642406,-0.158531561493874,16,-3.5527136788005e-15,1.95943496413627e-15,10.4200000762939,-18.7999992370605,-44,1,0,0,0,0,0
139.129531860352,23.8993606567382,67.002326965332,8.49789333343506,-11.2010068893433,6.67657470703125,16.2065563201904,-18.2951240539551,-63.8823204040527,-0.191495433449745,0.0326724983751774,-0.107070073485374,16,-3.5527136788005e-15,1.95943496413627e-15,8.25,-17.9400005340576,-44,1,0,0,0,0,0
135.7646484375,26.4637680053711,65.0171051025391,9.09979724884033,-11.327730178833,6.38603639602661,11.1542196273804,-19.1813488006592,-60.9017448425293,-0.191495433449745,0.0326724983751774,-0.107070073485374,16,-3.5527136788005e-15,1.95943496413627e-15,7.05999994277954,-17.5599994659424,-44,1,0,0,0,0,0
133.255279541016,28.4740161895752,63.6276664733887,9.53441429138184,-11.3884429931641,6.33082962036133,11.1542196273804,-19.1813488006592,-60.9017448425293,-0.0300317667424679,-0.027705991640687,-0.0362718068063259,16,-3.5527136788005e-15,1.95943496413627e-15,5.83999967575073,-17.2199993133545,-44,1,0,0,0,0,0
130.029632568359,31.1713581085205,61.8792533874512,9.93612003326416,-11.4898138046265,6.24936103820801,10.5751647949219,-18.9072608947754,-60.4321632385254,-0.117563657462597,-0.0298395995050669,0.0154908951371908,16,-3.5527136788005e-15,1.95943496413627e-15,4.40999984741211,-16.5,-44,1,0,0,0,0,0
127.726768493652,33.1482963562011,60.6552543640137,10.3209075927734,-11.6871089935303,5.89925479888916,7.74446630477905,-18.2705039978027,-59.958324432373,-0.117563657462597,-0.0298395995050669,0.0154908951371908,16,-3.5527136788005e-15,1.95943496413627e-15,3.61999988555908,-15.9799995422363,-44,1,0,0,0,0,0
125.369239807129,35.1943817138672,59.4697074890137,10.5655317306519,-11.9749298095703,5.5388069152832,7.74446630477905,-18.2705039978027,-59.958324432373,-0.229689851403236,-0.0180717892944813,-0.0705223605036736,16,-3.5527136788005e-15,1.95943496413627e-15,3.62999987602234,-15.7799997329712,-44,1,0,0,0,0,0
122.516036987305,37.6642990112304,58.1279182434082,10.7055072784424,-12.1334543228149,5.49927806854248,3.59741187095642,-17.6831188201904,-57.9826240539551,-0.229689851403236,-0.0180717892944813,-0.0705223605036736,16,-3.5527136788005e-15,1.95943496413627e-15,3.82999992370605,-15.3899993896484,-44,1,0,0,0,0,0
119.859382629395,39.949836730957,56.9264030456543,10.8950815200806,-12.2400102615356,5.38238382339478,3.61084389686584,-17.4080982208252,-56.4146156311035,-0.0609680749475956,0.0120279649272561,-0.125445574522018,16,-3.5527136788005e-15,1.95943496413627e-15,3.61999988555908,-15.0999994277954,-44,1,0,0,0,0,0
116.456954956055,42.8948402404785,55.4020805358887,11.0398225784302,-12.3580446243286,5.31687927246094,4.76191473007202,-16.4400100708008,-55.9973793029785,0.0586778372526169,-0.0224493127316237,-0.06404709815979,16,-3.5527136788005e-15,1.95943496413627e-15,3.49000000953674,-14.6700000762939,-44,1,0,0,0,0,0
113.259590148926,45.6848030090332,54.0160751342774,11.2797956466675,-12.3845777511597,5.18031072616577,4.76191473007202,-16.4400100708008,-55.9973793029785,-0.193614423274994,-0.0510027967393398,-0.0206673853099346,16,-3.5527136788005e-15,1.95943496413627e-15,2.85999989509583,-14.4099998474121,-44,1,0,0,0,0,0
107.591598510742,50.794132232666,51.5673484802246,11.5223178863525,-12.3454170227051,5.24894857406616,6.77455043792725,-15.0807790756226,-57.7407455444336,0.077419325709343,-0.0383616015315056,0.227318659424782,16,-3.5527136788005e-15,1.95943496413627e-15,1.86000001430511,-14.1099996566772,-44,1,0,0,0,0,0
104.617576599121,53.5270462036133,50.2646484375,11.5248527526855,-12.4716644287109,5.14884424209595,6.77455043792725,-15.0807790756226,-57.7407455444336,0.077419325709343,-0.0383616015315056,0.227318659424782,16,-3.5527136788005e-15,1.95943496413627e-15,2.02999997138977,-8.21000003814697,-44,1,0,0,0,0,0
101.385772705078,56.4440155029297,48.8947296142578,11.4741163253784,-12.636775970459,5.02628803253174,1.99452924728394,-14.1517677307129,-58.7874946594238,-0.175251454114914,-0.0362391695380211,-0.147725328803062,16,-3.5527136788005e-15,1.95943496413627e-15,2.64999985694885,-4.1100001335144,-44,1,0,0,0,0,0
99.1033401489258,58.4528694152832,47.9670524597168,11.393497467041,-12.9150314331055,4.81274700164795,1.99452924728394,-14.1517677307129,-58.7874946594238,-0.175251454114914,-0.0362391695380211,-0.147725328803062,16,-3.5527136788005e-15,1.95943496413627e-15,4.01999998092651,1.76999998092651,-44,1,0,0,0,0,0
96.2493515014649,60.9171409606933,46.8795967102051,11.4456787109375,-13.249059677124,3.99432492256165,-3.43173718452454,-10.6536436080933,-54.6539192199707,-0.0962438881397247,-0.230597704648972,-0.11641601473093,16,-3.5527136788005e-15,1.95943496413627e-15,5.30999994277954,6.6399998664856,-44,1,0,0,0,0,0
92.5725708007813,64.0664825439453,45.7425918579102,11.66539478302,-13.468132019043,2.61198091506958,1.55815124511719,-4.43409633636475,-55.0386810302734,0.377111375331879,-0.308154493570328,0.136509329080582,16,-3.5527136788005e-15,1.95943496413627e-15,5.46999979019165,9.09000015258789,-44,1,0,0,0,0,0
89.9103546142578,66.3757171630859,45.1857452392578,11.8250112533569,-13.4830522537231,1.07433688640594,1.55815124511719,-4.43409633636475,-55.0386810302734,0.377111375331879,-0.308154493570328,0.136509329080582,16,-3.5527136788005e-15,1.95943496413627e-15,5.17000007629395,10.7699995040894,-44,1,0,0,0,0,0
86.4587783813477,69.430435180664,44.8991851806641,11.9358425140381,-13.2501821517944,-1.04201304912567,5.9309983253479,3.72513437271118,-57.4887466430664,0.15139901638031,-0.306703835725784,0.035150982439518,16,-3.5527136788005e-15,1.95943496413627e-15,3.86999988555908,11.5699996948242,-44,1,0,0,0,0,0
83.0676422119141,72.4992218017578,45.1092185974121,11.8614292144775,-13.0136613845825,-1.89047181606293,5.9309983253479,3.72513437271118,-57.4887466430664,0.15139901638031,-0.306703835725784,0.035150982439518,16,-3.5527136788005e-15,1.95943496413627e-15,3.25,11.4099998474121,-44,1,0,0,0,0,0
80.0127105712891,75.2957763671875,45.5305976867676,11.8555145263672,-12.6325511932373,-2.49411296844482,5.45485258102417,8.47378444671631,-55.4506225585938,0.0178709533065557,-0.135610669851303,-0.18939009308815,16,-3.5527136788005e-15,1.95943496413627e-15,1.82999992370605,11.0500001907349,-44,1,0,0,0,0,0
77.0479278564453,78.1026000976562,46.044620513916,11.7954788208008,-12.0419578552246,-3.42291212081909,6.90058517456055,11.8519611358643,-53.3058204650879,0.0178709533065557,-0.135610669851303,-0.18939009308815,16,-3.5527136788005e-15,1.95943496413627e-15,-0.170000001788139,9.84999942779541,-44,1,0,0,0,0,0
74.2292785644531,80.8871002197265,46.7391357421875,11.6030244827271,-11.6676750183105,-3.80092811584473,6.90058517456055,11.8519611358643,-53.3058204650879,0.136908754706383,-0.0957570374011993,0.0244587641209364,16,-3.5527136788005e-15,1.95943496413627e-15,-0.919999957084656,8.80000019073486,-44,1,0,0,0,0,0
71.4758911132813,83.6525497436523,47.529655456543,11.4259853363037,-11.5408964157104,-3.42277216911316,3.54298806190491,12.9358940124512,-53.9303283691406,-0.27912911772728,0.0201653335243464,-0.00318726594559849,16,-3.5527136788005e-15,1.95943496413627e-15,-0.829999983310699,7.83999967575073,-44,1,0,0,0,0,0
68.751220703125,86.3708038330078,48.2366447448731,11.2390470504761,-11.3569269180298,-2.95024728775024,0.153791606426239,12.0344886779785,-52.4846878051758,-0.27912911772728,0.0201653335243464,-0.00318726594559849,16,-3.5527136788005e-15,1.95943496413627e-15,-0.789999961853027,6.90999984741211,-44,1,0,0,0,0,0
66.3021392822266,88.8116073608398,48.7978820800781,10.7147426605225,-11.2635955810547,-3.78565430641174,0.153791606426239,12.0344886779785,-52.4846878051758,0.0971485078334808,0.00174737256020308,0.0139254415407777,16,-3.5527136788005e-15,1.95943496413627e-15,-0.229999989271164,6.01999998092651,-44,1,0,0,0,0,0
63.3940620422363,91.6255874633789,49.6575736999512,9.79016017913818,-11.1659507751465,-5.05951118469238,-6.34989023208618,12.3236322402954,-53.6654815673828,0.0971485078334808,0.00174737256020308,0.0139254415407777,16,-3.5527136788005e-15,1.95943496413627e-15,3.3199999332428,2.3899998664856,-44,1,0,0,0,0,0
60.7333106994629,93.9913864135742,50.8268356323242,9.59523010253906,-11.0607967376709,-4.51649904251099,-2.65041327476501,10.6457214355469,-52.2793998718262,-0.120296783745289,0.0374127887189388,-0.0115194404497743,16,-3.5527136788005e-15,1.95943496413627e-15,4.06999969482422,-0.399999976158142,-44,1,0,0,0,0,0
57.9020538330078,96.4592056274414,52.0049934387207,9.51755809783936,-10.9935607910156,-3.09395909309387,-2.65041327476501,10.6457214355469,-52.2793998718262,0.342371761798859,0.16597706079483,0.00162709527648983,16,-3.5527136788005e-15,1.95943496413627e-15,4.23999977111816,-1.24000000953674,-44,1,0,0,0,0,0
55.0956611633301,98.9507064819336,52.7995872497559,9.52224731445312,-10.8218402862549,-2.13072609901428,6.46998357772827,6.52219200134277,-52.2198371887207,0.0469028763473034,0.211931616067886,-0.024869728833437,16,-3.5527136788005e-15,1.95943496413627e-15,3.74000000953674,-1.79999995231628,-44,1,0,0,0,0,0
52.5362892150879,101.286949157715,53.281063079834,9.46988391876221,-10.6494798660278,-1.55949890613556,6.46998357772827,6.52219200134277,-52.2198371887207,0.0469028763473034,0.211931616067886,-0.024869728833437,16,-3.5527136788005e-15,1.95943496413627e-15,3.19999980926514,-2.58999991416931,-44,1,0,0,0,0,0
49.8116111755371,103.812202453613,53.676887512207,9.54276561737061,-10.4976005554199,-0.519099056720734,4.57237720489502,2.78838634490967,-52.6595306396484,-0.0452085249125957,0.184763610363007,-0.0489832647144795,16,-3.5527136788005e-15,1.95943496413627e-15,2.80999994277954,-2.5,-44,1,0,0,0,0,0
47.5187683105469,105.98754119873,53.839412689209,9.61352348327637,-10.3192157745361,-1.28864288330078,4.98530960083008,1.01815021038055,-53.4201545715332,-0.0452085249125957,0.184763610363007,-0.0489832647144795,16,-3.5527136788005e-15,1.95943496413627e-15,1.55999994277954,-3.26999998092651,-44,1,0,0,0,0,0
44.7043037414551,108.735748291016,54.1635856628418,9.55348205566406,-10.2499399185181,-0.28725990653038,4.98530960083008,1.01815021038055,-53.4201545715332,-0.212385654449463,0.0490499660372734,0.137457892298698,16,-3.5527136788005e-15,1.95943496413627e-15,1.42999994754791,-3.55999994277954,-44,1,0,0,0,0,0
42.6710739135742,110.70531463623,54.2589950561524,9.5239953994751,-10.2145128250122,1.1390894651413,2.37880086898804,-1.33720123767853,-53.8734245300293,-0.0113337729126215,0.128757372498512,-0.0203482266515494,16,-3.5527136788005e-15,1.95943496413627e-15,1.63999998569489,-3.00999999046326,-44,1,0,0,0,0,0
40.0334625244141,113.241119384766,54.1208877563477,9.7000732421875,-10.1129951477051,1.75714254379272,4.76556539535522,-3.72425317764282,-52.1779098510742,-0.0113337729126215,0.128757372498512,-0.0203482266515494,16,-3.5527136788005e-15,1.95943496413627e-15,0.729999959468842,-1.86000001430511,-44,1,0,0,0,0,0
37.4305000305176,115.81201171875,53.7094612121582,10.0685195922852,-10.025297164917,0.47407341003418,4.76556539535522,-3.72425317764282,-52.1779098510742,0.265673130750656,0.0266598872840405,0.0358415544033051,16,-3.5527136788005e-15,1.95943496413627e-15,-0.399999976158142,-1.3199999332428,-44,1,0,0,0,0,0
35.0447463989258,118.296325683594,53.6194953918457,10.5209331512451,-9.88233757019043,-1.55218315124512,7.4407320022583,-1.66225636005402,-55.052074432373,-0.370745658874512,-0.158451408147812,0.163631439208984,16,-3.5527136788005e-15,1.95943496413627e-15,-3.65999984741211,-4.29999971389771,-44,1,0,0,0,0,0
32.4857482910156,121.10954284668,54.1243515014649,10.4858427047729,-9.83315467834473,-1.74310028553009,7.4407320022583,-1.66225636005402,-55.052074432373,-0.370745658874512,-0.158451408147812,0.163631439208984,16,-3.5527136788005e-15,1.95943496413627e-15,-3.64999985694885,-5.06999969482422,-44,1,0,0,0,0,0
29.710880279541,124.08861541748,54.686164855957,10.1602325439453,-9.93167591094971,-0.558243155479431,0.831701815128326,-1.49993753433228,-59.1587944030762,-0.355384647846222,0.116049729287624,0.0676834061741829,16,-3.5527136788005e-15,1.95943496413627e-15,-2.53999996185303,-5.94000005722046,-44,1,0,0,0,0,0
27.6935710906983,126.128623962402,54.8498878479004,9.80994415283203,-10.0639772415161,0.325179010629654,-6.62042999267578,-4.10558986663818,-56.7325477600098,-0.355384647846222,0.116049729287624,0.0676834061741829,16,-3.5527136788005e-15,1.95943496413627e-15,-0.639999985694885,-5.86999988555908,-44,1,0,0,0,0,0
23.0153293609619,130.535873413086,54.7612342834473,9.55638122558594,-10.2044200897217,0.585552513599396,-6.62042999267578,-4.10558986663818,-56.7325477600098,-0.0416351929306984,0.0776648670434952,-0.0927507132291794,16,-3.5527136788005e-15,1.95943496413627e-15,0.689999997615814,-5.67999982833862,-44,1,0,0,0,0,0
20.5287857055664,132.783462524414,54.5983047485352,9.42100238800049,-10.2846851348877,1.03483474254608,-4.30615997314453,-4.89824628829956,-55.7361145019531,0.219550237059593,0.0412953570485115,0.0380465611815453,16,-3.5527136788005e-15,1.95943496413627e-15,1.76999998092651,-5.23000001907349,-44,1,0,0,0,0,0
18.4485607147217,134.6533203125,54.3744125366211,9.36091709136963,-10.3559894561768,1.44397306442261,-3.22787046432495,-5.90182304382324,-58.1577224731445,0.0778741613030434,0.0417674332857132,0.152994886040688,16,-3.5527136788005e-15,1.95943496413627e-15,2.19000005722046,-4.65000009536743,-44,1,0,0,0,0,0
15.4977931976319,137.249053955078,53.993350982666,9.15220546722412,-10.5937213897705,1.57917189598083,-2.4972403049469,-6.08130931854248,-61.3846321105957,0.0134022459387779,-0.0213996563106775,0.187361001968384,16,-3.5527136788005e-15,1.95943496413627e-15,3.67999982833862,-3.79999995231628,-44,1,0,0,0,0,0
13.143726348877,139.217544555664,53.643928527832,8.9337272644043,-10.8221454620361,2.09053778648376,-2.4972403049469,-6.08130931854248,-61.3846321105957,0.0134022459387779,-0.0213996563106775,0.187361001968384,16,-3.5527136788005e-15,1.95943496413627e-15,5.00999975204468,-3.05999994277954,-44,1,0,0,0,0,0
10.2933254241944,141.514846801758,53.0368537902832,8.92026519775391,-10.9689207077026,2.97005152702332,1.84446334838867,-7.18999862670898,-59.7762794494629,0.291271179914474,-0.0123103950172663,-0.224194809794426,16,-3.5527136788005e-15,1.95943496413627e-15,6.25,-1.00999999046326,-44,1,0,0,0,0,0
7.63367080688479,143.666564941406,52.3039054870605,9.11916160583496,-11.0400657653809,3.11432576179504,1.84446334838867,-7.18999862670898,-59.7762794494629,0.291271179914474,-0.0123103950172663,-0.224194809794426,16,-3.5527136788005e-15,1.95943496413627e-15,5.98000001907349,0.529999971389771,-44,1,0,0,0,0,0
5.19998359680178,145.686050415039,51.664379119873,9.4080696105957,-11.1929664611816,2.46385192871094,3.31640911102295,-5.215980052948,-57.0924224853516,-0.0758188813924789,-0.191400393843651,0.047476626932621,16,-3.5527136788005e-15,1.95943496413627e-15,5.40999984741211,2.15999984741211,-44,1,0,0,0,0,0
2.28047513961795,148.142837524414,51.0838661193848,9.58491325378418,-11.2764406204224,1.80248534679413,3.31640911102295,-5.215980052948,-57.0924224853516,-0.0758188813924789,-0.191400393843651,0.047476626932621,16,-3.5527136788005e-15,1.95943496413627e-15,5.13000011444092,2.79999995231628,-44,1,0,0,0,0,0
-0.00358366966244848,150.080261230469,50.7861175537109,9.79136943817139,-11.3043022155762,1.07229912281036,5.3611044883728,-0.22339329123497,-59.584789276123,0.011783804744482,-0.136487811803818,0.0741457864642143,16,-3.5527136788005e-15,1.95943496413627e-15,4.5,3.26999998092651,-44,1,0,0,0,0,0
-2.96125769615171,152.605972290039,50.5313262939453,9.9362678527832,-11.2875938415527,0.808953940868378,6.51506280899048,1.36823880672455,-60.0007820129395,0.0336450450122356,-0.0856551826000214,0.0130560444667935,16,-3.5527136788005e-15,1.95943496413627e-15,3.79999995231628,3.57999992370605,-44,1,0,0,0,0,0
-5.95245647430417,155.184219360352,50.3462333679199,10.0251569747925,-11.2827434539795,0.555665850639343,6.51506280899048,1.36823880672455,-60.0007820129395,0.0336450450122356,-0.0856551826000214,0.0130560444667935,16,-3.5527136788005e-15,1.95943496413627e-15,3.44999980926514,3.73000001907349,-44,1,0,0,0,0,0
-8.6894493103027,157.557312011719,50.2179718017578,10.0768804550171,-11.262526512146,0.242193564772606,5.51978302001953,2.58338761329651,-59.747428894043,0.0799309015274048,-0.0103215351700783,-0.0229560509324074,16,-3.5527136788005e-15,1.95943496413627e-15,3.17999982833862,3.84999990463257,-44,1,0,0,0,0,0
-11.443977355957,159.941390991211,50.1557807922363,9.98718166351318,-11.3324041366577,0.0549598373472691,2.62845420837402,3.30177545547485,-59.2532157897949,0.0799309015274048,-0.0103215351700783,-0.0229560509324074,16,-3.5527136788005e-15,1.95943496413627e-15,3.59999990463257,3.78999996185303,-44,1,0,0,0,0,0
-13.9597997665405,162.086151123047,50.1385803222656,9.92675304412842,-11.3569507598877,-0.00983026251196861,2.62845420837402,3.30177545547485,-59.2532157897949,-0.114659212529659,-0.0127997761592269,-0.0283725820481777,16,-3.5527136788005e-15,1.95943496413627e-15,3.95999979972839,3.69999980926514,-44,1,0,0,0,0,0
-16.9585285186767,164.611267089844,50.1288948059082,9.78097534179688,-11.3704662322998,-0.304195582866669,1.63122928142548,3.54609203338623,-58.651611328125,-0.0783488377928734,-0.03669298812747,-0.0034108639229089,16,-3.5527136788005e-15,1.95943496413627e-15,4.46999979019165,3.59999990463257,-44,1,0,0,0,0,0
-19.7265644073486,166.915802001953,50.1675758361816,9.77390575408936,-11.331654548645,-0.407409518957138,1.63122928142548,3.54609203338623,-58.651611328125,-0.0783488377928734,-0.03669298812747,-0.0034108639229089,16,-3.5527136788005e-15,1.95943496413627e-15,4.67999982833862,3.35999989509583,-44,1,0,0,0,0,0
-22.2354335784912,169.012710571289,50.2379112243652,9.85353565216064,-11.2654705047607,-0.252126663923264,5.42687606811523,3.5802309513092,-58.4730377197266,0.319602161645889,0.0128648523241282,-0.00601619388908148,16,-3.5527136788005e-15,1.95943496413627e-15,4.01999998092651,3.21000003814697,-44,1,0,0,0,0,0
-24.9642333984375,171.341491699219,50.2875289916992,9.9609489440918,-11.165491104126,-0.473643928766251,7.40670490264893,3.87284326553345,-58.7205696105957,0.319602161645889,0.0128648523241282,-0.00601619388908148,16,-3.5527136788005e-15,1.95943496413627e-15,2.97000002861023,2.79999995231628,-44,1,0,0,0,0,0
-30.1168251037597,175.911117553711,50.51611328125,10.0689182281494,-11.0540781021118,-0.566105127334595,7.40670490264893,3.87284326553345,-58.7205696105957,0.0318264290690422,-0.0135973868891597,-0.0164583493024111,16,-3.5527136788005e-15,1.95943496413627e-15,2.37999987602234,2.45000004768372,-44,1,0,0,0,0,0
-30.1168251037597,175.911117553711,50.51611328125,10.1113367080688,-11.0131406784058,-0.644094347953796,5.81016540527344,3.515549659729,-58.5095443725586,0.0318264290690422,-0.0135973868891597,-0.0164583493024111,16,-3.5527136788005e-15,1.95943496413627e-15,2.09999990463257,1.92999994754791,-44,1,0,0,0,0,0
-35.6717300415039,180.926620483398,50.8349151611328,10.1215171813965,-11.0228786468506,-0.527207255363464,2.56659746170044,2.68288540840149,-57.7410888671875,-0.112775400280952,0.0388338007032871,0.0222126897424459,16,-3.5527136788005e-15,1.95943496413627e-15,2.10999989509583,1.62999999523163,-44,1,0,0,0,0,0
-35.6717300415039,180.926620483398,50.8349151611328,10.1008024215698,-11.0620517730713,-0.232178971171379,2.56659746170044,2.68288540840149,-57.7410888671875,-0.112775400280952,0.0388338007032871,0.0222126897424459,16,-3.5527136788005e-15,1.95943496413627e-15,2.1800000667572,1.51999998092651,-44,1,0,0,0,0,0
-41.0341300964355,185.709976196289,50.971378326416,9.96914291381836,-11.1564683914185,-0.312631279230118,1.34857404232025,1.81605553627014,-58.9676818847656,-0.00422184774652123,0.0307603608816862,0.0832805037498474,16,-3.5527136788005e-15,1.95943496413627e-15,2.89999985694885,1.36000001430511,-44,1,0,0,0,0,0
-43.5058975219726,187.86311340332,51.0522499084473,9.86732769012451,-11.2516298294067,-0.479851067066193,0.148764193058014,1.51314330101013,-59.8582611083984,-0.040772832930088,0.00371479289606214,0.0337936505675316,16,-3.5527136788005e-15,1.95943496413627e-15,3.50999999046326,1.03999996185303,-44,1,0,0,0,0,0
-46.2409858703613,190.194320678711,51.167854309082,9.76212120056152,-11.3377780914307,-0.317148685455322,0.148764193058014,1.51314330101013,-59.8582611083984,-0.040772832930088,0.00371479289606214,0.0337936505675316,16,-3.5527136788005e-15,1.95943496413627e-15,4.38000011444092,0.639999985694885,-44,1,0,0,0,0,0
-48.9855575561523,192.502792358398,51.2595062255859,9.737961769104,-11.3744029998779,-0.386943012475967,2.41412615776062,0.623526394367218,-60.3259239196777,-0.00556275295093656,0.0371093042194843,0.00394183630123734,16,-3.5527136788005e-15,1.95943496413627e-15,4.69999980926514,0.469999998807907,-44,1,0,0,0,0,0
-51.2931251525879,194.426544189453,51.3552398681641,9.53306007385254,-11.5246772766113,-0.122633516788483,-1.82472276687622,0.479396879673004,-60.4913787841797,-0.275934368371964,0.0340569987893105,0.00612129038199782,16,-3.5527136788005e-15,1.95943496413627e-15,5.73999977111816,0.119999997317791,-44,1,0,0,0,0,0
-54.0877838134765,196.69499206543,51.4048652648926,9.47959804534912,-11.6068229675293,-0.178042605519295,2.1409330368042,-0.199575245380402,-59.4031105041504,-0.275934368371964,0.0340569987893105,0.00612129038199782,16,-3.5527136788005e-15,1.95943496413627e-15,6.58999967575073,-0.0499999970197678,-44,1,0,0,0,0,0
-57.3440971374511,199.310836791992,51.4582481384277,9.56877899169922,-11.5984878540039,-0.170617416501045,2.1409330368042,-0.199575245380402,-59.4031105041504,0.265765786170959,0.02853181399405,-0.0631988197565079,16,-3.5527136788005e-15,1.95943496413627e-15,6.27999973297119,-0.209999993443489,-44,1,0,0,0,0,0
-60.3650245666504,201.790374755859,51.518138885498,9.66134262084961,-11.5916395187378,-0.125004932284355,5.25738334655762,-0.434414923191071,-59.4069175720215,0.171709686517715,-0.00730812875553965,0.0449039861559868,16,-3.5527136788005e-15,1.95943496413627e-15,5.98000001907349,-0.370000004768372,-44,1,0,0,0,0,0
-62.9177207946777,203.91259765625,51.5490303039551,9.73707580566406,-11.5592956542969,0.0691972747445107,5.8966007232666,-0.51810222864151,-59.5582656860352,0.0164355635643005,0.00804261118173599,-0.0583772361278534,16,-3.5527136788005e-15,1.95943496413627e-15,5.53999996185303,-0.439999997615814,-44,1,0,0,0,0,0
-66.1553039550781,206.63899230957,51.5341567993164,9.87028408050537,-11.4985647201538,0.183128014206886,5.8966007232666,-0.51810222864151,-59.5582656860352,0.0164355635643005,0.00804261118173599,-0.0583772361278534,16,-3.5527136788005e-15,1.95943496413627e-15,5.00999975204468,-0.409999996423721,-44,1,0,0,0,0,0
-68.6878585815429,208.806777954102,51.5048065185547,9.93246936798096,-11.4564437866211,0.289891093969345,6.18656873703003,-0.894372940063477,-58.409538269043,-0.0619696117937565,0.0358253493905067,-0.0177192315459251,16,-3.5527136788005e-15,1.95943496413627e-15,4.44000005722046,-0.299999982118607,-44,1,0,0,0,0,0
-71.4463119506836,211.181274414063,51.4647674560547,9.95433330535889,-11.4658527374268,0.0537655800580978,6.18656873703003,-0.894372940063477,-58.409538269043,-0.0619696117937565,0.0358253493905067,-0.0177192315459251,16,-3.5527136788005e-15,1.95943496413627e-15,4.38000011444092,-0.449999988079071,-44,1,0,0,0,0,0
-74.2095260620117,213.555679321289,51.4488525390625,10.1294469833374,-11.3919048309326,0.224508970975876,4.14394044876099,-1.05952966213226,-56.8463516235352,0.234120681881905,0.00760982464998959,-0.134897366166115,16,-3.5527136788005e-15,1.95943496413627e-15,3.75,-0.310000002384186,-44,1,0,0,0,0,0
-76.7290267944336,215.770324707031,51.4181442260742,10.3007783889771,-11.2820587158203,-0.0137634873390198,4.14394044876099,-1.05952966213226,-56.8463516235352,0.234120681881905,0.00760982464998959,-0.134897366166115,16,-3.5527136788005e-15,1.95943496413627e-15,2.71000003814697,-0.560000002384186,-44,1,0,0,0,0,0
-79.6734390258789,218.43196105957,51.4447250366211,10.3396339416504,-11.2254028320312,-0.024787787348032,6.8460111618042,-0.801964640617371,-56.8221244812012,-0.0350190103054047,-0.0250985473394394,0.0740458592772484,16,-3.5527136788005e-15,1.95943496413627e-15,2.14999985694885,-0.799999952316284,-44,1,0,0,0,0,0
-82.1689987182617,220.703903198242,51.4735717773437,10.3593702316284,-11.1903295516968,0.310222148895264,3.8820161819458,-0.997176587581635,-56.2740516662598,-0.0350190103054047,-0.0250985473394394,0.0740458592772484,16,-3.5527136788005e-15,1.95943496413627e-15,1.95999991893768,-0.689999997615814,-44,1,0,0,0,0,0
-84.862678527832,223.161270141602,51.4316101074219,10.3786792755127,-11.1189699172974,0.608327209949493,4.24349641799927,-1.06374967098236,-55.6042671203613,-0.0716618150472641,-0.0022664275020361,-0.0631595179438591,16,-3.5527136788005e-15,1.95943496413627e-15,1.54999995231628,-0.359999984502792,-44,1,0,0,0,0,0
-89.7668075561523,227.688323974609,51.138729095459,10.3795938491821,-11.0339727401733,0.755030512809753,4.24349641799927,-1.06374967098236,-55.6042671203613,0.0076650707051158,0.00512258056551218,-0.0231387838721275,16,-3.5527136788005e-15,1.95943496413627e-15,1.36000001430511,0.0999999940395355,-44,1,0,0,0,0,0
-92.6290588378906,230.350570678711,50.9643859863281,10.3561391830444,-10.9833850860596,0.598021745681763,2.78995037078857,-0.279607146978378,-55.6619453430176,0.0395135469734669,-0.0361663736402988,0.0583671927452087,16,-3.5527136788005e-15,1.95943496413627e-15,1.12999999523163,0.439999997615814,-44,1,0,0,0,0,0
-95.0488891601562,232.590835571289,50.8748970031738,10.2078304290771,-11.0116081237793,0.14991420507431,0.753353118896484,0.461206167936325,-56.6812438964844,-0.196322366595268,-0.0787442252039909,0.067286491394043,16,-3.5527136788005e-15,1.95943496413627e-15,1.26999998092651,0.509999990463257,-44,1,0,0,0,0,0
-97.9439697265624,235.180557250977,50.9074096679687,9.95369052886963,-11.0699462890625,-0.0036877712700516,-1.37284755706787,0.805958151817322,-56.5480422973633,-0.0478033125400543,-0.0137132136151195,-0.0575481913983822,16,-3.5527136788005e-15,1.95943496413627e-15,2.65999984741211,0.0999999940395355,-44,1,0,0,0,0,0
-100.622825622559,237.510482788086,50.8997192382812,9.82157611846924,-11.0583944320679,0.223428204655647,-1.37284755706787,0.805958151817322,-56.5480422973633,-0.0478033125400543,-0.0137132136151195,-0.0575481913983822,16,-3.5527136788005e-15,1.95943496413627e-15,3.21000003814697,0.170000001788139,-44,1,0,0,0,0,0
-103.072959899902,239.602844238281,50.8376884460449,9.48716831207275,-11.1302919387817,0.0417581312358379,-1.86501181125641,1.45957374572754,-56.3026657104492,-0.296430289745331,-0.0755921304225922,0.0532172545790672,16,-3.5527136788005e-15,1.95943496413627e-15,4.21999979019165,0.359999984502792,-44,1,0,0,0,0,0
-106.439430236816,242.333129882813,50.9238204956055,9.0927562713623,-11.2528629302979,-0.61782169342041,-1.86501181125641,1.45957374572754,-56.3026657104492,-0.296430289745331,-0.0755921304225922,0.0532172545790672,16,-3.5527136788005e-15,1.95943496413627e-15,6.67999982833862,-0.489999979734421,-44,1,0,0,0,0,0
-108.699127197266,244.070190429688,51.1076240539551,8.80438613891602,-11.2976036071777,-0.96132630109787,-2.13099884986877,2.19578170776367,-56.5628242492676,0.339513868093491,0.0104206958785653,-0.0481602810323238,16,-3.5527136788005e-15,1.95943496413627e-15,7.6399998664856,-1.12000000476837,-44,1,0,0,0,0,0
-111.640151977539,246.284164428711,51.4010620117187,8.66517639160156,-11.2699947357178,-0.96076375246048,1.1133143901825,1.7992707490921,-55.8886795043945,0.216281145811081,0.0677159801125526,-0.0594214163720608,16,-3.5527136788005e-15,1.95943496413627e-15,8.25,-1.82999992370605,-44,1,0,0,0,0,0
-114.335426330566,248.328948974609,51.6626396179199,8.75328826904297,-11.1145677566528,-0.98119455575943,1.1133143901825,1.7992707490921,-55.8886795043945,0.216281145811081,0.0677159801125526,-0.0594214163720608,16,-3.5527136788005e-15,1.95943496413627e-15,7.59999990463257,-2.70000004768372,-44,1,0,0,0,0,0
-116.985069274902,250.420166015625,51.9028167724609,8.81768798828125,-10.9973812103271,-0.714061081409454,5.44861936569214,0.721722304821014,-56.2374839782715,-0.183416441082954,0.0444271005690098,0.112347520887852,16,-3.5527136788005e-15,1.95943496413627e-15,6.92999982833862,-3.1399998664856,-44,1,0,0,0,0,0
-119.833320617676,252.704162597656,52.0603675842285,8.81381893157959,-11.0052928924561,-0.267794191837311,5.44861936569214,0.721722304821014,-56.2374839782715,-0.183416441082954,0.0444271005690098,0.112347520887852,16,-3.5527136788005e-15,1.95943496413627e-15,6.71999979019165,-3.43999981880188,-44,1,0,0,0,0,0
