260.167388916016,-68.736068725586,60.1936569213867,22.6110095977783,11.7164449691772,-2.95397639274597,-26.2358646392822,7.65595483779907,36.9798889160156,0.419214725494385,-0.207577809691429,0.196497350931168,16,-3.5527136788005e-15,1.95943496413627e-15,-44.5799980163574,-6.05999994277954,-44,1,0,0,0,0,0
263.480102539062,-62.4795761108399,61.1445426940918,22.4095439910889,10.4699020385742,-2.83141994476318,-20.2318992614746,6.71158885955811,29.8188667297363,0.419214725494385,-0.207577809691429,0.196497350931168,16,-3.5527136788005e-15,1.95943496413627e-15,-44.7299995422363,-11.6700000762939,-44,1,0,0,0,0,0
266.060729980469,-57.1942100524903,62.0233802795411,22.2889270782471,9.63310050964355,-2.21497368812561,-20.2318992614746,6.71158885955811,29.8188667297363,-0.330075949430466,0.0226849913597107,0.293125301599503,16,-3.5527136788005e-15,1.95943496413627e-15,-44.8899993896484,-17.4599990844727,-44,1,0,0,0,0,0
268.590179443359,-51.5232429504395,62.7781410217286,22.162914276123,8.60825347900391,-0.818693399429321,-30.4620742797852,2.39986729621887,24.1016616821289,-0.448643982410431,0.119293063879013,0.364814281463623,16,-3.5527136788005e-15,1.95943496413627e-15,-44.9899978637695,-18.8299999237061,-44,1,0,0,0,0,0
270.536956787109,-46.6910057067872,63.1326789855957,22.0601329803467,7.39467716217041,0.941467344760895,-38.3349075317383,-3.80720496177673,20.1695880889893,-0.448643982410431,0.119293063879013,0.364814281463623,16,-3.5527136788005e-15,1.95943496413627e-15,-44.8999977111816,-16.25,-44,1,0,0,0,0,0
272.567260742188,-41.0576286315919,63.1780662536621,21.9664440155029,6.55520582199097,2.19116401672363,-38.3349075317383,-3.80720496177673,20.1695880889893,-0.264762431383133,0.056866928935051,0.11974111199379,16,-3.5527136788005e-15,1.95943496413627e-15,-44.8600006103516,-17.2299995422363,-44,1,0,0,0,0,0
274.220184326172,-35.8515129089356,62.8978004455567,21.8885383605957,5.55312156677246,3.33553242683411,-39.4643974304199,-5.79839468002319,18.4460964202881,-0.264762431383133,0.056866928935051,0.11974111199379,16,-3.5527136788005e-15,1.95943496413627e-15,-44.7700004577637,-19.3099994659424,-44,1,0,0,0,0,0
275.651519775391,-30.6877346038819,62.3320350646973,21.8588523864746,4.55167818069458,4.40828418731689,-39.4643974304199,-5.79839468002319,18.4460964202881,0.0802405998110771,0.0285589061677456,0.204086229205132,16,-3.5527136788005e-15,1.95943496413627e-15,-44.3299980163574,-19.9200000762939,-44,1,0,0,0,0,0
276.874877929688,-25.4768924713135,61.5456733703614,21.8736820220947,3.70752668380737,5.18646764755249,-36.5105972290039,-12.3023653030396,11.1228704452515,0.0802405998110771,0.0285589061677456,0.204086229205132,16,-3.5527136788005e-15,1.95943496413627e-15,-43.75,-19.9599990844727,-44,1,0,0,0,0,0
277.885314941406,-20.198715209961,60.5184783935547,21.9320411682129,2.22219157218933,6.26008653640747,-38.515697479248,-15.2616481781006,5.55612516403198,-0.0340198203921318,-0.00461019296199078,0.414560079574585,16,-3.5527136788005e-15,1.95943496413627e-15,-43.4500007629395,-19.4599990844727,-44,1,0,0,0,0,0
278.612670898438,-14.9136772155762,59.2613754272461,22.0036468505859,0.994849264621735,6.83530330657959,-38.515697479248,-15.2616481781006,5.55612516403198,-0.181876942515373,-0.0828847438097,0.192135319113731,16,-3.5527136788005e-15,1.95943496413627e-15,-43.3600006103516,-18.6199989318848,-44,1,0,0,0,0,0
279.016021728516,-9.60173416137702,57.8268623352051,22.1037006378174,-0.66573303937912,7.33174610137939,-38.1720199584961,-16.2958011627197,0.40363410115242,-0.181876942515373,-0.0828847438097,0.192135319113731,16,-3.5527136788005e-15,1.95943496413627e-15,-43.129997253418,-13.210000038147,-44,1,0,0,0,0,0
279.060241699219,-3.83426213264472,56.1320533752442,22.1933841705322,-2.4095287322998,7.48101091384888,-36.2014122009277,-17.1854496002197,-5.93351316452026,-0.00968364253640175,-0.10179179161787,0.243842557072639,16,-3.5527136788005e-15,1.95943496413627e-15,-43.0400009155273,-9.5,-44,1,0,0,0,0,0
277.9228515625,6.92668342590326,52.8233909606934,22.2004699707031,-4.13098955154419,7.3517689704895,-36.2014122009277,-17.1854496002197,-5.93351316452026,-0.0122972466051579,-0.215808495879173,0.307110071182251,16,-3.5527136788005e-15,1.95943496413627e-15,-43.2099990844727,-4.09999990463257,-44,1,0,0,0,0,0
277.9228515625,6.92668342590326,52.8233909606934,22.0035438537598,-6.38692569732666,6.80045461654663,-36.3701934814453,-15.2923526763916,-17.3331241607666,-0.0122972466051579,-0.215808495879173,0.307110071182251,16,-3.5527136788005e-15,1.95943496413627e-15,-43.5900001525879,-0.779999971389771,-44,1,0,0,0,0,0
276.332794189453,13.1852989196777,50.9819107055664,21.5288925170898,-8.6171932220459,6.09234094619751,-36.3701934814453,-15.2923526763916,-17.3331241607666,-0.148820444941521,-0.383639127016067,0.276017099618912,16,-3.5527136788005e-15,1.95943496413627e-15,-43,2.1800000667572,-44,1,0,0,0,0,0
272.411529541016,22.2252368927001,48.6122817993164,20.2857723236084,-11.7923126220703,4.8633246421814,-37.7508544921875,-10.6646308898926,-28.6469402313232,-0.101929664611816,-0.480368822813034,0.226262480020523,16,-3.5527136788005e-15,1.95943496413627e-15,-33.8999977111816,6.08999967575073,-44,1,0,0,0,0,0
269.296539306641,27.0287456512451,47.5590286254883,18.8312358856201,-14.2073516845703,3.65368723869324,-36.7467918395996,-5.50468063354492,-40.4316635131836,-0.101929664611816,-0.480368822813034,0.226262480020523,16,-3.5527136788005e-15,1.95943496413627e-15,-19.6999988555908,8.92000007629395,-44,1,0,0,0,0,0
265.309478759766,31.7563323974609,46.7323951721192,16.8448810577393,-16.4493350982666,2.08075404167175,-36.7467918395996,-5.50468063354492,-40.4316635131836,0.148936569690704,-0.496867507696152,0.303274810314179,16,-3.5527136788005e-15,1.95943496413627e-15,-8.22999954223633,10.0900001525879,-44,1,0,0,0,0,0
260.779815673828,35.9785118103027,46.2944030761719,15.1386384963989,-17.7783737182617,0.630848169326782,-31.8916187286377,-1.29397892951965,-49.3300743103027,0.376207262277603,-0.456108778715134,0.231081634759903,16,-3.5527136788005e-15,1.95943496413627e-15,7.42999982833862,10.6700000762939,-44,1,0,0,0,0,0
256.382751464844,39.4196853637695,46.2877426147461,13.7267570495605,-18.4535446166992,-0.738941311836243,-31.8916187286377,-1.29397892951965,-49.3300743103027,0.376207262277603,-0.456108778715134,0.231081634759903,16,-3.5527136788005e-15,1.95943496413627e-15,14.1899995803833,10.3099994659424,-44,1,0,0,0,0,0
251.91877746582,42.6115417480468,46.6051330566407,12.5724630355835,-18.4893989562988,-2.21415829658508,-13.6991662979126,5.98707151412964,-58.9738273620605,0.688224136829376,-0.251329839229584,0.100857242941856,16,-3.5527136788005e-15,1.95943496413627e-15,18.4200000762939,8.88000011444092,-44,1,0,0,0,0,0
247.594589233398,45.6563377380371,47.1863861083985,12.1626873016357,-18.0323505401611,-3.0948498249054,-2.55397486686707,8.88713645935059,-60.4817771911621,0.596599459648132,-0.139814108610153,0.0183846540749073,16,-3.5527136788005e-15,1.95943496413627e-15,18.4099998474121,7.52999973297119,-44,1,0,0,0,0,0
243.428329467773,48.7002754211425,47.9595413208008,12.1280956268311,-17.1879024505615,-3.71806502342224,7.89962959289551,10.6226606369019,-61.1439971923828,0.596599459648132,-0.139814108610153,0.0183846540749073,16,-3.5527136788005e-15,1.95943496413627e-15,15.7999992370605,5.13000011444092,-44,1,0,0,0,0,0
238.819320678711,52.3209190368652,48.9840850830078,12.3115100860596,-16.4238033294678,-3.86228322982788,7.89962959289551,10.6226606369019,-61.1439971923828,0.395497173070908,-0.0607294403016567,0.021513357758522,16,-3.5527136788005e-15,1.95943496413627e-15,13.1999998092651,3.41999983787537,-44,1,0,0,0,0,0
235.066558837891,55.4831619262695,49.848575592041,12.5509643554688,-15.6856870651245,-3.40372920036316,13.4763946533203,10.3341627120972,-60.3124961853027,0.0431947335600853,0.0749083608388901,-0.09307099878788,16,0.00132499996107072,1.95943496413627e-15,9.5,1.27999997138977,-44,1,0,0,0,0,0
232.014953613281,58.1548690795898,50.464900970459,12.7356786727905,-15.1372098922729,-2.91049909591675,13.4763946533203,10.3341627120972,-60.3124961853027,0.0431947335600853,0.0749083608388901,-0.09307099878788,15.9995803833008,0.115838997066021,1.95938350688472e-15,7.73000001907349,0.25,-44,1,0,0,0,0,0
228.450576782227,61.3888206481933,51.0687637329102,12.884593963623,-14.7013263702393,-2.15546751022339,12.9016599655151,7.53650856018066,-57.9140396118164,-0.0949587821960449,0.086024560034275,-0.107339099049568,15.9995803833008,0.115838997066021,1.95938350688472e-15,5.26999998092651,-0.789999961853027,-44,1,0,0,0,0,0
224.984222412109,64.6189575195312,51.491497039795,13.0077438354492,-14.3117542266846,-1.4968124628067,11.0503005981445,5.36588525772095,-56.4150161743164,-0.0949587821960449,0.086024560034275,-0.107339099049568,15.9935731887817,0.45346400141716,1.95864785877003e-15,6,-1.01999998092651,-43,1,0,0,0,0,0
221.298843383789,68.141242980957,51.8056449890137,13.2598562240601,-13.810097694397,-1.23468434810638,11.0503005981445,5.36588525772095,-56.4150161743164,0.188739538192749,0.070905826985836,-0.107592791318893,15.9873285293579,0.636663019657135,1.95788298801866e-15,3.94999980926514,-1.59999990463257,-42,1,0,0,0,0,0
217.72412109375,71.72509765625,52.0833930969239,13.4022159576416,-13.4919662475586,-0.968443930149078,11.6952667236328,3.32420516014099,-55.4549942016602,-0.128295242786407,0.0655040144920349,0.0239174459129572,15.9354248046875,1.43604695796967,1.95152664102423e-15,7.14999961853027,-1.95999991893768,-39,1,0,0,0,0,0
214.239868164063,75.3080368041992,52.284408569336,13.4533100128174,-13.2813692092896,-0.308328837156296,9.86840629577637,0.61105614900589,-54.7773857116699,-0.128295242786407,0.0655040144920349,0.0239174459129572,15.784327507019,2.61820602416992,1.93302257101675e-15,10.460000038147,-2.03999996185303,-37,1,0,0,0,0,0
211.053558349609,78.6103744506836,52.3346786499024,13.6291637420654,-13.0883054733276,0.194699913263321,9.86840629577637,0.61105614900589,-54.7773857116699,-0.0277382805943489,0.0967584401369095,-0.167882636189461,15.3115215301514,4.64298391342163,1.87512066929187e-15,17.5200004577637,-1.83999991416931,-32,1,0,0,0,0,0
208.175323486328,81.6515502929687,52.2847290039063,13.7898607254028,-12.9583930969238,0.496591329574585,9.86840629577637,0.61105614900589,-54.7773857116699,-0.0277382805943489,0.0967584401369095,-0.167882636189461,15.3115215301514,4.64298391342163,1.87512066929187e-15,22.2099990844727,-1.57999992370605,-28,1,0,0,0,0,0
204.801803588867,85.3234176635742,52.129695892334,14.2876539230347,-12.5543327331543,0.674716591835022,11.7319211959839,-2.38679718971252,-50.6595840454102,0.307001233100891,0.0661272183060646,-0.146102130413055,14.9675912857056,-5.65430784225464,1.83300132071493e-15,23.1099987030029,-0.899999976158142,-26,1,0,0,0,0,0
202.039077758789,88.5103149414062,51.9795417785645,14.9496250152588,-12.0081691741943,0.428560435771942,20.305212020874,-3.05262637138367,-46.9224014282227,0.307001233100891,0.0661272183060646,-0.146102130413055,14.7581033706665,-6.18048429489136,1.8073463868085e-15,4.75999975204468,-0.789999961853027,-34,1,0,0,0,0,0
199.381683349609,91.8563232421875,51.8885726928711,15.5071573257446,-11.5763959884644,0.00704859476536512,17.1932563781738,-2.04247283935547,-45.5753860473633,-0.0534220933914185,-0.0554789640009403,-0.0801320895552635,14.0198602676392,-7.70996284484863,1.7169376899086e-15,-2.11999988555908,-0.969999969005585,-36,1,0,0,0,0,0
196.834487915039,95.3378753662109,51.9041633605957,16.0835781097412,-11.0585145950317,-0.949035823345184,17.1932563781738,-2.04247283935547,-45.5753860473633,-0.191642791032791,-0.121912896633148,-0.0219419728964567,13.7382135391235,-8.20131015777588,1.68244597890081e-15,-6.94999980926514,-2.25999999046326,-37,1,0,0,0,0,0
191.726516723633,102.839248657227,52.3684196472168,16.1777973175049,-10.9616451263428,-0.961477518081665,8.79777240753174,-1.63541853427887,-43.912353515625,-0.533401429653168,-0.00329046696424486,-0.138913094997406,13.1236572265625,-9.15257453918457,1.60718445455931e-15,-11.3899993896484,-2.93999981880188,-39,1,0,0,0,0,0
188.830429077148,107.054779052734,52.6079826354981,16.0947437286377,-11.0575532913208,-0.85988974571228,2.40501403808594,-2.2638726234436,-42.4049987792969,-0.317755818367004,0.0349884741008282,-0.0663358420133591,12.0795927047729,-10.4920654296875,1.47932345474273e-15,-16.9499988555908,-3.70999979972839,-42,1,0,0,0,0,0
186.116821289063,110.871536254883,52.7685966491699,15.9611873626709,-11.2104072570801,-0.538451850414276,2.40501403808594,-2.2638726234436,-42.4049987792969,-0.317755818367004,0.0349884741008282,-0.0663358420133591,11.3071479797363,-11.3202648162842,1.38472628579778e-15,-20.3400001525879,-4,-45,1,0,0,0,0,0
183.13737487793,114.957542419434,52.788028717041,15.8260622024536,-11.2895889282227,0.195496782660484,-4.80045223236084,-3.40128183364868,-40.5452766418457,-0.09015853703022,0.0588654689490795,-0.0183370485901833,10.0435514450073,-12.4550018310547,1.22998024847711e-15,-25.8199996948242,-3.94999980926514,-49,1,0,0,0,0,0
180.548309326172,118.38304901123,52.6762313842774,15.3655185699463,-11.7276973724365,0.576257288455963,-9.85098934173584,-3.93772959709167,-43.163330078125,-0.427763789892197,-0.0493182204663753,0.239601165056229,9.13735389709473,-13.134259223938,1.11900315639816e-15,-29.0799999237061,-3.41999983787537,-53,1,0,0,0,0,0
177.379531860352,122.255798339844,52.4823188781738,14.8333187103271,-12.2512426376343,0.708573520183563,-16.8480453491211,-4.0707745552063,-46.7933158874512,-0.399345368146896,-0.0734971016645431,0.152533367276192,7.69370412826538,-14.0287885665894,9.42206945636333e-16,-32.5999984741211,-2.98000001907349,-57,1,0,0,0,0,0
174.005065917969,125.967819213867,52.2321166992188,14.0073575973511,-13.0020017623901,1.01396131515503,-21.518928527832,-4.04490280151367,-49.8908538818359,-0.226933181285858,-0.105583168566227,0.181743636727333,6.68206691741943,-14.537880897522,8.18317206853399e-16,-33.7599983215332,-2.25,-62,1,0,0,0,0,0
171.00048828125,128.918350219727,51.9934921264649,13.272608757019,-13.6223754882812,1.16707026958466,-21.518928527832,-4.04490280151367,-49.8908538818359,-0.226933181285858,-0.105583168566227,0.181743636727333,5.10347127914429,-15.1642532348633,6.24994959774169e-16,-36.1100006103516,-1.77999997138977,-67,1,0,0,0,0,0
167.237121582031,132.142761230469,51.680908203125,12.1462745666504,-14.494945526123,1.19685065746307,-25.8393135070801,-3.75133061408997,-54.5487861633301,-0.164223954081535,-0.1298588514328,0.214703902602196,4.01800298690796,-15.4872741699219,4.92063461916652e-16,-35.5400009155273,-0.919999957084656,-71,1,0,0,0,0,0
163.300659179688,134.961486816406,51.3338012695313,10.8548097610474,-15.3909511566162,1.41596376895905,-31.0424518585205,-3.51865482330322,-57.8078994750977,-0.249656841158867,-0.129169583320618,0.15967969596386,2.35378289222717,-15.8259191513062,2.88255291057548e-16,-35.8600006103516,0.0700000002980232,-77,1,0,0,0,0,0
159.056076049805,137.511657714844,50.9574356079102,9.63170146942139,-16.1623229980469,1.4200576543808,-30.4272937774658,-2.70891952514648,-62.362434387207,0.233548492193222,-0.14807103574276,0.29433599114418,0.0968590006232262,-15.9997072219849,1.18618063799574e-17,-38.7599983215332,0.669999957084656,-84,1,0,0,0,0,0
154.666900634766,139.693756103516,50.5727462768555,8.12434768676758,-16.9512023925781,1.34560024738312,-30.4272937774658,-2.70891952514648,-62.362434387207,0.233548492193222,-0.14807103574276,0.29433599114418,-1.03516602516174,-15.9664783477783,-1.26771278695043e-16,-38.1599998474121,1.62999999523163,-89,1,0,0,0,0,0
151.15185546875,141.111923217773,50.3080139160156,6.42935371398926,-17.6009063720703,1.10942685604095,-30.6457099914551,-2.93279457092285,-73.6632537841797,-0.280227780342102,-0.230867922306061,0.361678451299667,-2.72171306610107,-15.766809463501,-3.33313711612553e-16,-39.3600006103516,2.16999983787537,-94,1,0,0,0,0,0
147.187652587891,142.34342956543,50.0580749511719,4.46187686920166,-18.1179733276367,0.975324392318726,-30.6457099914551,-2.93279457092285,-73.6632537841797,-0.280227780342102,-0.230867922306061,0.361678451299667,-5.401047706604,-15.0608329772949,-6.6143759941772e-16,-38.8899993896484,2.64999985694885,-98,1,0,0,0,0,0
142.776000976563,143.25422668457,49.8072395324707,2.45644283294678,-18.4261245727539,0.857523381710052,-34.5181694030762,-2.18715667724609,-81.5590438842773,-0.0746084824204445,-0.256135702133179,0.235392466187477,-6.29697036743164,-14.7087783813477,-7.7115642405353e-16,-37.6699981689453,3.29999995231628,-104,1,0,0,0,0,0
137.569351196289,143.747344970703,49.5191688537598,0.955261409282684,-18.5200691223145,0.835338115692139,-33.3144989013672,-0.741038680076599,-87.4211196899414,0.211507692933083,-0.202353581786156,0.233583688735962,-6.29697036743164,-14.7087783813477,-7.7115642405353e-16,-35.3800010681152,4.00999975204468,-109,1,0,0,0,0,0
133.114791870117,143.749114990234,49.3066520690918,-0.682402074337006,-18.4268894195557,0.562712848186493,-31.8012142181396,0.331737071275711,-94.3468170166016,0.0369153693318367,-0.270375996828079,0.335624247789383,-7.59366416931152,-14.0831909179688,-9.29955672845483e-16,-35.5099983215332,4.31999969482422,-114,1,0,0,0,0,0
128.359069824219,143.258087158203,49.1723594665527,-2.96011567115784,-18.051778793335,0.184264153242111,-31.8012142181396,0.331737071275711,-94.3468170166016,0.0369153693318367,-0.270375996828079,0.335624247789383,-7.99516105651855,-13.8591995239258,-9.79124876642411e-16,-32.1300010681152,4.5,-116,1,0,0,0,0,0
124.117012023926,142.297180175781,49.1016387939453,-5.04587364196777,-17.4312057495117,0.252737104892731,-36.2920532226562,2.040198802948,-102.928916931152,-0.0813634693622589,-0.253351837396622,0.176163196563721,-8.44081592559814,-13.5923738479614,-1.03370185641197e-15,-25.8400001525879,4.71000003814697,-119,1,0,0,0,0,0
119.66056060791,140.827590942383,49.0251007080078,-6.28877210617065,-16.9133071899414,0.176816612482071,-36.2920532226562,2.040198802948,-102.928916931152,-0.0813634693622589,-0.253351837396622,0.176163196563721,-8.44081592559814,-13.5923738479614,-1.03370185641197e-15,-21.1000003814697,4.85999965667725,-120,1,0,0,0,0,0
115.697608947754,139.174865722656,48.941463470459,-7.4665265083313,-16.2215995788574,0.35195791721344,-32.0932846069336,3.68089318275452,-111.388656616211,0.213924184441566,-0.222055569291115,0.296254724264145,-8.47960472106934,-13.568208694458,-1.03845212305929e-15,-14.5699996948242,5.23999977111816,-121,1,0,0,0,0,0
111.898567199707,137.294860839844,48.8738708496094,-8.52608489990234,-15.4182615280151,0.024777727201581,-24.515926361084,4.31103706359863,-121.217498779297,0.213924184441566,-0.222055569291115,0.296254724264145,-8.47998332977295,-13.5679731369019,-1.03849839223403e-15,-9.47999954223633,5.25,-121,1,0,0,0,0,0
108.00707244873,135.00666809082,48.9045028686524,-9.47347068786621,-14.4868812561035,-0.370792716741562,-24.515926361084,4.31103706359863,-121.217498779297,0.281339824199677,-0.188648417592049,0.296455591917038,-8.47998332977295,-13.5679731369019,-1.03849839223403e-15,-1.69999992847443,4.94000005722046,-122,1,0,0,0,0,0
104.362358093262,132.524307250977,49.0585823059082,-10.0777950286865,-13.614086151123,-0.745594441890717,-19.539644241333,5.35003328323364,-126.587501525879,0.413873642683029,-0.130579650402069,0.175876215100288,-8.47998332977295,-13.5679731369019,-1.03849839223403e-15,4.40999984741211,4.23000001907349,-121,1,0,0,0,0,0
101.139175415039,130.108139038086,49.279956817627,-10.3171119689941,-13.0748805999756,-0.992518484592438,-11.7206678390503,5.9582576751709,-130.950088500977,0.371266335248947,-0.0498187243938446,0.182831689715385,-8.47998332977295,-13.5679731369019,-1.03849839223403e-15,7.50999975204468,3.62999987602234,-121,1,0,0,0,0,0
98.0563278198242,127.660430908203,49.5281448364258,-10.440523147583,-12.4538879394531,-0.991215884685516,-11.7206678390503,5.9582576751709,-130.950088500977,0.371266335248947,-0.0498187243938446,0.182831689715385,-8.47998332977295,-13.5679731369019,-1.03849839223403e-15,10.6700000762939,2.95000004768372,-120,1,0,0,0,0,0
94.8203353881836,125.0107421875,49.778377532959,-10.3470048904419,-12.1156406402588,-0.923491597175598,-4.10222053527832,5.93867206573486,-132.941604614258,0.289786159992218,0.00685169827193022,0.00708751147612929,-8.47998332977295,-13.5679731369019,-1.03849839223403e-15,11.9799995422363,2.50999999046326,-120,1,0,0,0,0,0
91.651969909668,122.410705566406,50.0337982177735,-10.0584592819214,-12.0099830627441,-1.12374830245972,3.35669803619385,5.68460035324097,-132.324279785156,0.314703404903412,0.0167959313839674,-0.00174984196200967,-8.47998332977295,-13.5679731369019,-1.03849839223403e-15,12.1700000762939,1.66999995708466,-119,1,0,0,0,0,0
88.4608230590821,119.874885559082,50.3339920043945,-9.80769729614258,-12.0145130157471,-0.801381349563599,3.35669803619385,5.68460035324097,-132.324279785156,0.314703404903412,0.0167959313839674,-0.00174984196200967,-8.47998332977295,-13.5679731369019,-1.03849839223403e-15,11.7299995422363,1.24000000953674,-119,1,0,0,0,0,0
85.7704391479492,117.804718017578,50.5175476074219,-9.55014228820801,-12.0320739746094,-0.566757440567017,5.51226234436035,4.74425268173218,-134.292388916016,0.107362978160381,0.0487268418073654,0.111546881496906,-8.47998332977295,-13.5679731369019,-1.03849839223403e-15,11.2299995422363,0.939999997615814,-118,1,0,0,0,0,0
82.5843963623047,115.40389251709,50.6432647705078,-9.38342666625977,-12.0275745391846,-0.109106555581093,5.51226234436035,4.74425268173218,-134.292388916016,0.107362978160381,0.0487268418073654,0.111546881496906,-8.47998332977295,-13.5679731369019,-1.03849839223403e-15,10.8599996566772,0.879999995231628,-118,1,0,0,0,0,0
79.649398803711,113.21508026123,50.6537780761719,-9.21786785125732,-12.0353078842163,0.352014660835266,7.72286081314087,2.43647193908691,-135.7265625,-0.00137464329600334,0.068080723285675,-0.0798708572983742,-8.47998332977295,-13.5679731369019,-1.03849839223403e-15,10.6899995803833,1.13999998569489,-117,1,0,0,0,0,0
76.2355575561524,110.69108581543,50.5070571899414,-9.00235939025879,-12.1773233413696,0.948846399784088,7.23264026641846,0.82096940279007,-133.576843261719,0.0717999711632729,0.069271981716156,-0.186005994677544,-8.47998332977295,-13.5679731369019,-1.03849839223403e-15,10.3499994277954,1.73000001907349,-117,1,0,0,0,0,0
73.7462844848633,108.909126281738,50.3252105712891,-8.73135662078857,-12.4083156585693,0.820679068565369,7.23264026641846,0.82096940279007,-133.576843261719,0.0717999711632729,0.069271981716156,-0.186005994677544,-8.47998332977295,-13.5679731369019,-1.03849839223403e-15,8.57999992370605,2.32999992370605,-117,1,0,0,0,0,0
70.4482345581055,106.662734985352,50.128532409668,-8.44404792785645,-12.6294994354248,0.718958258628845,10.4914989471436,0.824362516403198,-131.626724243164,0.129525288939476,-0.049289271235466,0.0562778450548649,-8.47998332977295,-13.5679731369019,-1.03849839223403e-15,7.25,2.58999991416931,-117,1,0,0,0,0,0
67.3659896850586,104.663757324219,49.9947319030762,-8.25440502166748,-12.7611408233643,0.735020160675049,9.58988094329834,1.63762843608856,-131.625762939453,0.129525288939476,-0.049289271235466,0.0562778450548649,-8.47998332977295,-13.5679731369019,-1.03849839223403e-15,5.80999994277954,2.99000000953674,-117,1,0,0,0,0,0
64.2658004760742,102.696563720703,49.8469161987305,-8.08303165435791,-12.8990240097046,0.712073922157288,9.58988094329834,1.63762843608856,-131.625762939453,-0.189226910471916,-0.0153904668986797,-0.0591608658432961,-8.47998332977295,-13.5679731369019,-1.03849839223403e-15,4.94000005722046,3.3199999332428,-117,1,0,0,0,0,0
61.1205215454102,100.739593505859,49.7112617492676,-7.93035793304443,-13.0058889389038,0.436988115310669,8.57929420471191,1.67873322963715,-129.64323425293,-0.0344666317105293,-0.0169547870755196,-0.0688155516982079,-8.47998332977295,-13.5679731369019,-1.03849839223403e-15,3.98000001907349,3.43999981880188,-117,1,0,0,0,0,0
57.4512062072754,98.4983978271484,49.6143264770508,-7.82210779190063,-13.068660736084,0.450953930616379,6.05133104324341,1.47234106063843,-127.627601623535,-0.0344666317105293,-0.0169547870755196,-0.0688155516982079,-8.47998332977295,-13.5679731369019,-1.03849839223403e-15,3.18999981880188,3.64999985694885,-117,1,0,0,0,0,0
54.822868347168,96.9095001220703,49.5378684997559,-7.73382520675659,-13.1333723068237,0.475318074226379,6.05133104324341,1.47234106063843,-127.627601623535,-0.0641390755772591,0.00405873218551277,-0.107412412762642,-8.47998332977295,-13.5679731369019,-1.03849839223403e-15,2.32999992370605,3.98000001907349,-117,1,0,0,0,0,0
51.9276237487793,95.1699447631836,49.4505653381348,-7.73493194580078,-13.1382637023926,0.445716559886932,2.14654922485352,1.91385400295258,-127.053062438965,-0.0641390755772591,0.00405873218551277,-0.107412412762642,-8.47998332977295,-13.5679731369019,-1.03849839223403e-15,2.1399998664856,4.19000005722046,-117,1,0,0,0,0,0
48.8036689758301,93.2866058349609,49.3635177612305,-7.80675888061523,-13.0651044845581,0.408828020095825,0.412333339452744,2.25703525543213,-128.506423950195,-0.129511147737503,-0.0312162693589926,0.0697532221674919,-8.47998332977295,-13.5679731369019,-1.03849839223403e-15,2.3899998664856,4.32999992370605,-117,1,0,0,0,0,0
45.6790351867676,91.367805480957,49.2865905761719,-7.92284202575684,-12.9396820068359,0.187894925475121,0.412333339452744,2.25703525543213,-128.506423950195,0.00228152424097061,-0.0170999392867088,0.0960631743073463,-8.47998332977295,-13.5679731369019,-1.03849839223403e-15,3.28999996185303,4.50999975204468,-117,1,0,0,0,0,0
41.6274108886719,88.7892837524414,49.2492370605469,-7.96679353713989,-12.7939338684082,-0.286460697650909,0.694949567317963,2.76377534866333,-129.764175415039,0.0192984901368618,-0.0273950789123774,0.0430097281932831,-8.47998332977295,-13.5679731369019,-1.03849839223403e-15,4.07999992370605,4.23000001907349,-117,1,0,0,0,0,0
39.1045608520508,87.1493835449219,49.3053016662598,-7.99960660934448,-12.6383008956909,-0.548896849155426,1.91935336589813,3.77843809127808,-131.190246582031,0.0192984901368618,-0.0273950789123774,0.0430097281932831,-8.47998332977295,-13.5679731369019,-1.03849839223403e-15,4.51999998092651,3.8899998664856,-117,1,0,0,0,0,0
35.8374519348145,84.9985961914062,49.456901550293,-8.05513572692871,-12.449933052063,-0.634784817695618,1.91935336589813,3.77843809127808,-131.190246582031,0.0334166213870049,-0.0332774892449379,0.0953897461295128,-8.47998332977295,-13.5679731369019,-1.03849839223403e-15,5.55999994277954,3.33999991416931,-116,1,0,0,0,0,0
33.1129722595215,83.1687850952148,49.6096000671387,-8.07019329071045,-12.3418045043945,-0.515501379966736,1.5620778799057,3.77242660522461,-131.6748046875,0.0334166213870049,-0.0332774892449379,0.0953897461295128,-8.47998332977295,-13.5679731369019,-1.03849839223403e-15,6.17999982833862,3.14999985694885,-116,1,0,0,0,0,0
29.6864700317383,80.8355712890625,49.7497329711914,-8.00222015380859,-12.271505355835,-0.322653830051422,1.5620778799057,3.77242660522461,-131.6748046875,0.163109511137009,0.0148445032536983,-0.0386888571083546,-8.47998332977295,-13.5679731369019,-1.03849839223403e-15,6.35999965667725,3,-116,1,0,0,0,0,0
26.7608871459961,78.8558502197266,49.8229522705078,-7.9741997718811,-12.192663192749,-0.300526916980743,4.8704400062561,3.30934238433838,-132.09375,0.00421394035220146,0.0223405528813601,0.047417551279068,-8.47998332977295,-13.5679731369019,-1.03849839223403e-15,6.60999965667725,2.95000004768372,-116,1,0,0,0,0,0
24.0820484161377,77.0450897216797,49.877254486084,-7.92495203018188,-12.1247425079346,-0.366093873977661,4.35038900375366,2.67564797401428,-130.899200439453,0.00421394035220146,0.0223405528813601,0.047417551279068,-8.47998332977295,-13.5679731369019,-1.03849839223403e-15,6.94999980926514,2.66999983787537,-116,1,0,0,0,0,0
20.961669921875,74.9376983642578,49.9589385986328,-7.87648582458496,-12.0846357345581,-0.21870444715023,4.35038900375366,2.67564797401428,-130.899200439453,-0.00954623706638813,0.0332923196256161,-0.0933177322149277,-8.47998332977295,-13.5679731369019,-1.03849839223403e-15,7.03999996185303,2.57999992370605,-116,1,0,0,0,0,0
18.0701427459717,72.9929046630859,50.0227317810059,-7.84781694412231,-12.0624742507935,-0.0599213987588882,5.25339794158936,1.77849853038788,-128.689743041992,-0.00954623706638813,0.0332923196256161,-0.0933177322149277,-8.47998332977295,-13.5679731369019,-1.03849839223403e-15,7.17999982833862,2.60999989509583,-115,1,0,0,0,0,0
15.4470882415772,71.2371978759766,50.0433082580566,-7.76200246810913,-12.1086721420288,0.324681222438812,5.25339794158936,1.77849853038788,-128.689743041992,0.0993666499853134,0.0397688075900078,-0.055370707064867,-8.47998332977295,-13.5679731369019,-1.03849839223403e-15,7.02999973297119,2.8199999332428,-115,1,0,0,0,0,0
12.3227424621582,69.1701583862305,49.998420715332,-7.68597555160522,-12.1870431900024,0.724177479743958,7.06691598892212,1.18110251426697,-126.813568115234,0.0993666499853134,0.0397688075900078,-0.055370707064867,-8.47998332977295,-13.5679731369019,-1.03849839223403e-15,6.5,3.46000003814697,-115,1,0,0,0,0,0
9.41528892517091,67.282341003418,49.8598022460938,-7.57845497131348,-12.285831451416,0.346540063619614,6.76188373565674,1.4152295589447,-125.853813171387,0.053803987801075,0.00836775917559862,-0.0481113828718662,-8.47998332977295,-13.5679731369019,-1.03849839223403e-15,5.92999982833862,3.59999990463257,-115,1,0,0,0,0,0
5.98725080490113,65.1188507080078,49.7522010803223,-7.24530649185181,-12.5178174972534,-0.719851076602936,6.76188373565674,1.4152295589447,-125.853813171387,-0.0269921254366636,-0.0314262770116329,-0.0527307838201523,-8.47998332977295,-13.5679731369019,-1.03849839223403e-15,3.8899998664856,2.71000003814697,-115,1,0,0,0,0,0
3.25178885459901,63.4807243347168,49.8855285644531,-6.97688293457031,-12.6253509521484,-1.1651611328125,9.78665065765381,3.09361457824707,-125.848091125488,-0.0269921254366636,-0.0314262770116329,-0.0527307838201523,-8.47998332977295,-13.5679731369019,-1.03849839223403e-15,2.49000000953674,2.05999994277954,-115,1,0,0,0,0,0
-0.0237051099538728,61.6279678344727,50.1799545288086,-6.90902090072632,-12.5856065750122,-0.992077708244324,2.37771821022034,3.33593940734863,-127.552551269531,0.123808361589909,-0.0349278524518013,0.0904395431280136,-8.47998332977295,-13.5679731369019,-1.03849839223403e-15,1.36000001430511,0.969999969005585,-116,1,0,0,0,0,0
-3.04459977149963,59.9488868713379,50.5113677978516,-7.00163316726685,-12.4853372573853,-0.590213596820831,2.37771821022034,3.33593940734863,-127.552551269531,-0.421575456857681,0.0776487663388252,0.0479387603700161,-8.47998332977295,-13.5679731369019,-1.03849839223403e-15,1.66999995708466,0.719999969005585,-116,1,0,0,0,0,0
-6.0382056236267,58.2391014099121,50.721508026123,-7.0599365234375,-12.4771823883057,-0.30987736582756,-0.717605769634247,1.81927514076233,-127.602027893066,-0.421575456857681,0.0776487663388252,0.0479387603700161,-8.47998332977295,-13.5679731369019,-1.03849839223403e-15,2.00999999046326,0.589999973773956,-116,1,0,0,0,0,0
-9.48332023620605,56.215518951416,50.8278427124023,-7.05184030532837,-12.5254430770874,-0.126304134726524,5.15127277374268,0.671266615390778,-129.854385375977,-0.176984325051308,0.107312977313995,-0.0198015999048948,-8.47998332977295,-13.5679731369019,-1.03849839223403e-15,1.70999991893768,0.479999989271164,-116,1,0,0,0,0,0
-12.4738731384277,54.4748497009277,50.8854446411133,-7.13552331924438,-12.5473518371582,0.401623874902725,5.15127277374268,0.671266615390778,-129.854385375977,0.296666175127029,0.0571487583220005,0.183035209774971,-8.47998332977295,-13.5679731369019,-1.03849839223403e-15,1.62000000476837,0.769999980926514,-116,1,0,0,0,0,0
-15.4495859146118,52.7406158447266,50.8500938415527,-7.26480674743652,-12.5147857666016,0.753539979457855,4.18711185455322,-0.160883605480194,-132.378356933594,0.296666175127029,0.0571487583220005,0.183035209774971,-8.47998332977295,-13.5679731369019,-1.03849839223403e-15,2.16999983787537,1.17999994754791,-116,1,0,0,0,0,0
-18.425910949707,50.9606666564941,50.7116737365723,-7.4509744644165,-12.5097379684448,0.984220504760742,1.09500885009766,-1.22136425971985,-129.519378662109,-0.274973839521408,0.0941954478621483,-0.0804360434412956,-8.47998332977295,-13.5679731369019,-1.03849839223403e-15,3.04999995231628,1.87999999523163,-116,1,0,0,0,0,0
-21.6481056213379,48.9897994995117,50.4869499206543,-7.52099561691284,-12.5613994598389,1.08452951908112,1.09500885009766,-1.22136425971985,-129.519378662109,0.00010816752910614,-0.00159411272034051,-0.146856024861336,-8.47998332977295,-13.5679731369019,-1.03849839223403e-15,3.19999980926514,2.3899998664856,-116,1,0,0,0,0,0
-27.60910987854,45.3128471374512,50.0519676208496,-7.60540199279785,-12.6671953201294,0.656199753284454,2.17638683319092,-0.197974741458893,-128.539413452148,-0.027420761063695,-0.0674015134572983,0.0581367053091526,-8.47998332977295,-13.5679731369019,-1.03849839223403e-15,3.27999997138977,2.8199999332428,-116,1,0,0,0,0,0
-27.60910987854,45.3128471374512,50.0519676208496,-7.65985441207886,-12.6890993118286,0.0136705171316862,2.17638683319092,-0.197974741458893,-128.539413452148,-0.027420761063695,-0.0674015134572983,0.0581367053091526,-8.47998332977295,-13.5679731369019,-1.03849839223403e-15,3.33999991416931,2.47000002861023,-117,1,0,0,0,0,0
-30.9044570922852,43.2884864807129,50.0414085388184,-7.70263528823853,-12.6228332519531,-0.497132688760757,1.91168868541718,2.2181670665741,-131.290740966797,-0.0731819644570351,-0.0466017685830593,0.123768046498299,-8.47998332977295,-13.5679731369019,-1.03849839223403e-15,3.72000002861023,1.78999996185303,-117,1,0,0,0,0,0
-36.912956237793,39.521411895752,50.364803314209,-7.75922441482544,-12.4564628601074,-0.530848443508148,1.91168868541718,2.2181670665741,-131.290740966797,-0.0731819644570351,-0.0466017685830593,0.123768046498299,-8.47998332977295,-13.5679731369019,-1.03849839223403e-15,4.25999975204468,1.3199999332428,-116,1,0,0,0,0,0
-39.853458404541,37.6149482727051,50.4836959838867,-7.84482765197754,-12.3050327301025,-0.222565516829491,1.74964642524719,2.70565867424011,-133.462600708008,-0.0130924563854933,0.0302734468132257,-0.00602217996492982,-8.47998332977295,-13.5679731369019,-1.03849839223403e-15,4.86999988555908,1.1599999666214,-116,1,0,0,0,0,0
-42.2611541748047,36.0033683776856,50.5202941894531,-8.00049114227295,-12.1038732528687,-0.0761763826012611,0.878215849399567,1.72731029987335,-132.169677734375,-0.129531636834145,0.0614775791764259,-0.142747849225998,-8.47998332977295,-13.5679731369019,-1.03849839223403e-15,6.44000005722046,1.07999992370605,-116,1,0,0,0,0,0
-45.1225204467773,34.047908782959,50.5150756835937,-8.01147842407227,-12.0772008895874,0.0455731190741062,3.04295706748962,0.621615827083588,-128.785049438477,0.317414969205856,0.0241650491952896,-0.172504886984825,-8.47998332977295,-13.5679731369019,-1.03849839223403e-15,7.02999973297119,1.17999994754791,-116,1,0,0,0,0,0
-48.2685012817383,31.9445457458496,50.5016441345215,-7.84407949447632,-12.2253322601318,0.0182273145765066,6.00294399261475,0.49888202548027,-127.910575866699,0.171182483434677,-0.0191945098340511,0.0261093620210886,-8.47998332977295,-13.5679731369019,-1.03849839223403e-15,6.33999967575073,1.1599999666214,-116,1,0,0,0,0,0
-50.7241897583008,30.3666687011719,50.5023765563965,-7.73618793487549,-12.3109302520752,-0.148968935012817,6.93035316467285,1.11757874488831,-128.733749389648,-0.0223932266235352,-0.0487554669380188,0.0754227265715599,-8.47998332977295,-13.5679731369019,-1.03849839223403e-15,5.52999973297119,1.01999998092651,-116,1,0,0,0,0,0
-53.9171028137207,28.3617343902588,50.5392303466797,-7.71320056915283,-12.3094577789307,-0.212968096137047,6.93035316467285,1.11757874488831,-128.733749389648,-0.0223932266235352,-0.0487554669380188,0.0754227265715599,-8.47998332977295,-13.5679731369019,-1.03849839223403e-15,5.34999990463257,0.839999973773956,-116,1,0,0,0,0,0
-56.8617172241211,26.5111808776856,50.600414276123,-7.7137508392334,-12.3041429519653,-0.247192442417145,3.73395037651062,1.37670969963074,-128.651672363281,-0.136356055736542,0.0217150151729584,-0.059804692864418,-8.47998332977295,-13.5679731369019,-1.03849839223403e-15,5.40999984741211,0.589999973773956,-116,1,0,0,0,0,0
-60.2700424194336,24.3540515899658,50.6813468933105,-7.66425800323486,-12.3543720245361,-0.279710739850998,4.2117714881897,0.888606429100037,-127.748390197754,-0.136356055736542,0.0217150151729584,-0.059804692864418,-8.47998332977295,-13.5679731369019,-1.03849839223403e-15,5.21999979019165,0.399999976158142,-116,1,0,0,0,0,0
-63.2266960144043,22.497579574585,50.7677421569824,-7.61320447921753,-12.3964624404907,-0.49370202422142,4.2117714881897,0.888606429100037,-127.748390197754,0.0343287065625191,0.00829324219375849,0.0166753903031349,-8.47998332977295,-13.5679731369019,-1.03849839223403e-15,4.77999973297119,-0.0700000002980232,-116,1,0,0,0,0,0
-66.1700286865234,20.6663417816162,50.9001235961914,-7.59093856811523,-12.3726196289062,-0.381062150001526,3.20519614219666,1.1220189332962,-129.14973449707,0.00848134234547615,-0.00781022943556307,0.120312057435513,-8.47998332977295,-13.5679731369019,-1.03849839223403e-15,4.58999967575073,-0.349999994039536,-116,1,0,0,0,0,0
-68.8842849731445,18.9741401672363,51.0028381347656,-7.64139413833618,-12.2938213348389,-0.116024777293205,3.20519614219666,1.1220189332962,-129.14973449707,0.00848134234547615,-0.00781022943556307,0.120312057435513,-8.47998332977295,-13.5679731369019,-1.03849839223403e-15,5.08999967575073,-0.479999989271164,-116,1,0,0,0,0,0
-72.0351181030273,16.9752922058106,51.0510597229004,-7.7060718536377,-12.2026205062866,0.0812413543462753,3.07119965553284,0.974943041801453,-131.181579589844,-0.0691413730382919,0.0272594578564167,-0.000460051000118259,-8.47998332977295,-13.5679731369019,-1.03849839223403e-15,5.61999988555908,-0.479999989271164,-116,1,0,0,0,0,0
-75.4115982055664,14.7894124984741,51.0375671386719,-7.71101760864258,-12.2053146362305,0.201728254556656,3.07119965553284,0.974943041801453,-131.181579589844,-0.0691413730382919,0.0272594578564167,-0.000460051000118259,-8.47998332977295,-13.5679731369019,-1.03849839223403e-15,5.80999994277954,-0.429999977350235,-116,1,0,0,0,0,0
-78.3241729736328,12.9097490310669,50.9926338195801,-7.69355916976929,-12.2382411956787,0.119829751551151,5.51997709274292,0.00598676735535264,-128.870758056641,0.0388908945024014,0.00709606893360614,-0.0604753494262695,-8.47998332977295,-13.5679731369019,-1.03849839223403e-15,5.75999975204468,-0.359999984502792,-116,1,0,0,0,0,0
-81.2211990356445,11.0505990982056,50.9803504943848,-7.63825941085815,-12.3150682449341,-0.0997932478785515,5.28903341293335,-0.298397958278656,-127.324546813965,0.0013344120234251,0.00231739971786737,-0.0754619315266609,-8.47998332977295,-13.5679731369019,-1.03849839223403e-15,5.57999992370605,-0.489999979734421,-116,1,0,0,0,0,0
-84.6516723632812,8.90264415740969,51.0360717773437,-7.50718355178833,-12.4410800933838,-0.305376559495926,5.56781482696533,-0.23105089366436,-126.867210388184,0.0013344120234251,0.00231739971786737,-0.0754619315266609,-8.47998332977295,-13.5679731369019,-1.03849839223403e-15,4.69000005722046,-0.839999973773956,-116,1,0,0,0,0,0
-86.889762878418,7.53924226760866,51.0987854003906,-7.40790033340454,-12.5392045974731,-0.486136794090271,5.56781482696533,-0.23105089366436,-126.867210388184,-0.018104063346982,-0.0194529294967651,0.0381036438047886,-8.47998332977295,-13.5679731369019,-1.03849839223403e-15,3.74000000953674,-1.33999991416931,-116,1,0,0,0,0,0
-89.6294250488281,5.89778137207033,51.2060356140137,-7.30652952194214,-12.5720853805542,-0.430260419845581,5.79686689376831,0.0983745753765106,-127.791374206543,-0.018104063346982,-0.0194529294967651,0.0381036438047886,-8.47998332977295,-13.5679731369019,-1.03849839223403e-15,3.16999983787537,-1.66999995708466,-116,1,0,0,0,0,0
-95.1091690063477,2.66299676895144,51.4133758544922,-7.30966806411743,-12.5217332839966,-0.285630434751511,3.73747301101685,-0.103378757834435,-128.370468139648,-0.050659291446209,0.0220440179109573,0.00369624514132738,-8.47998332977295,-13.5679731369019,-1.03849839223403e-15,2.98000001907349,-1.96999990940094,-116,1,0,0,0,0,0
-95.1091690063477,2.66299676895144,51.4133758544922,-7.37583494186401,-12.4507083892822,-0.156523019075394,3.73747301101685,-0.103378757834435,-128.370468139648,-0.050659291446209,0.0220440179109573,0.00369624514132738,-8.47998332977295,-13.5679731369019,-1.03849839223403e-15,3.17999982833862,-2.09999990463257,-116,1,0,0,0,0,0
-101.258819580078,-1.07106781005857,51.4975357055664,-7.41260623931885,-12.3849477767944,0.146393820643425,0.499277532100677,-1.14324510097504,-127.670684814453,0.0270670596510172,0.0724953860044479,-0.0347090028226376,-8.47998332977295,-13.5679731369019,-1.03849839223403e-15,3.64999985694885,-2.11999988555908,-116,1,0,0,0,0,0
-104.449180603027,-3.03463268280027,51.3821220397949,-7.42051124572754,-12.3511123657227,0.545817375183105,0.499277532100677,-1.14324510097504,-127.670684814453,0.0270670596510172,0.0724953860044479,-0.0347090028226376,-8.47998332977295,-13.5679731369019,-1.03849839223403e-15,3.66999983787537,-1.75,-116,1,0,0,0,0,0
-107.386863708496,-4.84010887145994,51.2536277770996,-7.39949131011963,-12.3358154296875,0.446651846170425,2.85142064094543,-1.42702734470367,-128.540588378906,0.0499375909566879,-0.0473866760730743,0.0637989491224289,-8.47998332977295,-13.5679731369019,-1.03849839223403e-15,3.68999981880188,-1.48000001907349,-116,1,0,0,0,0,0
-110.561935424805,-6.76609802246091,51.1684532165527,-7.29784679412842,-12.3541498184204,0.241295889019966,5.30249547958374,-0.604744970798492,-129.057876586914,0.0499375909566879,-0.0473866760730743,0.0637989491224289,-8.47998332977295,-13.5679731369019,-1.03849839223403e-15,3.26999998092651,-1.46999990940094,-116,1,0,0,0,0,0
-113.484794616699,-8.51545429229734,51.1237983703613,-7.23253774642944,-12.3343391418457,0.197270020842552,5.30249547958374,-0.604744970798492,-129.057876586914,0.202215701341629,-0.0396427772939205,0.0524391084909439,-8.47870063781738,-13.5687742233276,-1.03834137350143e-15,2.73000001907349,-1.45999991893768,-116,1,0,0,0,0,0
-113.484794616699,-8.51545429229734,51.1237983703613,-7.21666288375854,-12.2943258285522,0.261669039726257,4.49569225311279,-0.221573576331139,-129.344192504883,0.202215701341629,-0.0396427772939205,0.0524391084909439,-8.47224807739258,-13.5728044509888,-1.03755119764076e-15,2.69000005722046,-1.39999997615814,-116,1,0,0,0,0,0
-116.669853210449,-10.4217567443847,51.0627136230469,-7.20321369171143,-12.2558364868164,0.379051715135574,3.07818126678467,-0.618000090122223,-128.145797729492,-0.0376317203044891,0.00883644260466098,-0.0395344421267509,-8.30813980102539,-13.6738729476929,-1.01745375278038e-15,3.05999994277954,-1.23000001907349,-116,1,0,0,0,0,0
-122.482772827148,-13.9056062698364,50.8828468322754,-7.19855690002441,-12.2532815933228,0.503762781620026,3.07818126678467,-0.618000090122223,-128.145797729492,-0.0688087642192841,0.0112092830240726,-0.0638556405901909,-8.21142387390137,-13.7321710586548,-1.00560937344157e-15,3.29999995231628,-0.959999978542328,-116,1,0,0,0,0,0
-125.418487548828,-15.6552543640136,50.7592735290527,-7.18682718276978,-12.272518157959,0.574717223644257,3.2432062625885,-0.86431211233139,-127.541351318359,-0.00352322310209274,-0.00597111973911524,0.0118063231930137,-7.92403364181519,-13.8999891281128,-9.70414307450203e-16,3.90999984741211,-0.589999973773956,-115,1,0,0,0,0,0
-128.069381713867,-17.2342758178711,50.6408767700195,-7.20900869369507,-12.2584257125854,0.543913960456848,2.59021711349487,-0.634184539318085,-128.63117980957,0.0163714420050383,-0.00981123000383377,0.0493915304541588,-7.49021196365356,-14.1384840011597,-9.17286389295164e-16,5.19000005722046,-0.370000004768372,-114,1,0,0,0,0,0
-131.00569152832,-18.9899291992187,50.5297737121582,-7.22967433929443,-12.2569246292114,0.542211711406708,3.82088375091553,-0.669835865497589,-129.225738525391,0.0163714420050383,-0.00981123000383377,0.0493915304541588,-6.8918251991272,-14.4396238327026,-8.44005175044781e-16,7.25999975204468,-0.0999999940395355,-113,1,0,0,0,0,0
-134.202178955078,-20.9056224822998,50.4038848876953,-7.23107004165649,-12.2774438858032,0.59250396490097,3.82088375091553,-0.669835865497589,-129.225738525391,0.0838975310325623,0.0161118507385254,0.0187388900667429,-5.67779588699341,-14.9586973190308,-6.95329452280174e-16,10.5100002288818,0.129999995231628,-110,1,0,0,0,0,0
-137.389801025391,-22.8002128601074,50.2656745910644,-7.1636004447937,-12.3765516281128,0.56604528427124,5.74012184143066,-0.7010857462883,-128.971954345703,0.134986206889153,-0.0190548859536648,-0.0326707251369953,-5.19638395309448,-15.1326665878296,-6.36373523931551e-16,12.3199996948242,0.479999989271164,-108,1,0,0,0,0,0
-140.13916015625,-24.3939132690429,50.1536140441894,-7.00455045700073,-12.5368270874023,0.571367561817169,5.74012184143066,-0.7010857462883,-128.971954345703,0.134986206889153,-0.0190548859536648,-0.0326707251369953,-3.04663896560669,-15.7072591781616,-3.73105678348225e-16,16.9200000762939,0.709999978542328,-104,1,0,0,0,0,0
-143.42839050293,-26.2100677490234,50.0193672180176,-6.67382526397705,-12.826849937439,0.580863475799561,11.5098552703857,-0.323292374610901,-127.393699645996,0.289648979902267,-0.0265507325530052,-0.0506848804652691,-2.48883390426636,-15.8052425384521,-3.04794271097179e-16,18.1299991607666,1.11000001430511,-101,1,0,0,0,0,0
-146.536437988281,-27.7940082550049,49.8953819274902,-6.33717679977417,-13.0972213745117,0.489261716604233,15.4087991714478,0.112021185457706,-126.273422241211,0.156117781996727,-0.0469703227281571,-0.0658259689807892,-1.36457407474518,-15.941704750061,-1.67112122780536e-16,20.0200004577637,1.32999992370605,-98,1,0,0,0,0,0
-149.715118408203,-29.2573013305664,49.8093948364258,-5.73935079574585,-13.5295505523682,0.366042345762253,18.6623706817627,0.564458668231964,-124.201309204102,0.156117781996727,-0.0469703227281571,-0.0658259689807892,-0.233476012945175,-15.9982967376709,-2.85925632815244e-17,21.4799995422363,1.50999999046326,-94,1,0,0,0,0,0
-153.275665283203,-30.7180366516113,49.7259140014648,-5.29061031341553,-13.8237037658691,0.377710103988647,18.6623706817627,0.564458668231964,-124.201309204102,0.128477856516838,-0.0505358017981053,-0.104320757091045,0.898790955543518,-15.9747352600098,1.10070151403018e-16,23.1999988555908,1.69999992847443,-90,1,0,0,0,0,0
-156.336959838867,-31.8144264221191,49.651912689209,-4.452880859375,-14.2885618209839,0.300831139087677,21.2148113250732,0.869414687156677,-120.767036437988,0.133220911026001,-0.0872156098484993,-0.160616785287857,3.69741106033325,-15.5669250488281,4.52802267201553e-16,25.3199996948242,1.92999994754791,-85,1,0,0,0,0,0
-160.354904174805,-33.0033302307129,49.5593147277832,-3.72114253044128,-14.6372117996216,0.279820561408997,23.203275680542,1.39287650585175,-117.647644042969,0.0627782493829727,-0.0962594971060753,-0.153626680374146,3.69741106033325,-15.5669250488281,4.52802267201553e-16,26.6399993896484,2.07999992370605,-81,1,0,0,0,0,0
-163.279602050781,-33.7006683349609,49.4974250793457,-3.03354287147522,-14.9292001724243,0.235836341977119,23.203275680542,1.39287650585175,-117.647644042969,0.0627782493829727,-0.0962594971060753,-0.153626680374146,5.32661008834839,-15.0873203277588,6.52321566141573e-16,28.5,2.32999992370605,-75,1,0,0,0,0,0
-167.490249633789,-34.4416465759277,49.431827545166,-1.86136424541473,-15.3593511581421,0.117698833346367,25.733211517334,1.70991432666779,-112.273818969727,0.109307579696178,-0.11936216801405,-0.19191138446331,5.85722780227661,-14.8893547058105,7.17303551574759e-16,28.5499992370605,2.40999984741211,-73,1,0,0,0,0,0
-171.195297241211,-34.8201675415039,49.4069213867187,-1.05232775211334,-15.6020631790161,0.172114089131355,28.2355442047119,2.2221519947052,-107.782623291016,0.0699585527181625,-0.13130496442318,-0.215208351612091,6.89579391479492,-14.4377288818359,8.44491213137827e-16,29.1399993896484,2.5699999332428,-68,1,0,0,0,0,0
-174.943176269531,-34.9555969238281,49.3723564147949,0.0474292598664761,-15.8706569671631,0.0922057256102562,28.2355442047119,2.2221519947052,-107.782623291016,0.0699585527181625,-0.13130496442318,-0.215208351612091,8.38728427886963,-13.6254711151123,1.02714603315845e-15,31.0900001525879,2.62999987602234,-63,1,0,0,0,0,0
-179.712051391602,-34.7511177062988,49.3814811706543,1.62671518325806,-16.1414012908936,-0.19397796690464,29.972375869751,2.89178776741028,-101.816558837891,0.00807868223637342,-0.146544128656387,-0.201180756092072,9.33010768890381,-12.9980421066284,1.14260869408871e-15,31.4499988555908,2.46000003814697,-58,1,0,0,0,0,0
-183.249481201172,-34.3172721862793,49.4495620727539,2.68311142921448,-16.2358837127686,-0.266992300748825,30.6022434234619,2.82669687271118,-94.7031784057617,0.00807868223637342,-0.146544128656387,-0.201180756092072,10.6552839279175,-11.9358673095703,1.3048959716179e-15,33.4799995422363,2.25,-52,1,0,0,0,0,0
-186.816192626953,-33.6373252868652,49.5281028747558,4.03670024871826,-16.2769222259521,-0.27481609582901,30.6022434234619,2.82669687271118,-94.7031784057617,0.0455260276794434,-0.102693133056164,-0.286112666130066,11.4729080200195,-11.1522369384766,1.40502595977432e-15,34.0400009155273,2.05999994277954,-47,1,0,0,0,0,0
-190.686294555664,-32.6223678588867,49.6013107299804,5.35388231277466,-16.2206249237061,-0.00458941794931889,34.6679725646973,2.23634171485901,-88.3703918457031,0.0721895694732666,-0.151370942592621,-0.255484521389008,12.9319047927856,-9.42156219482422,1.58370163076698e-15,35.2199974060059,2.11999988555908,-43,1,0,0,0,0,0
-194.841842651367,-31.1941394805908,49.618293762207,6.54065752029419,-16.0835418701172,0.21361680328846,36.7734985351562,1.80232465267181,-81.5167999267578,0.0721895694732666,-0.151370942592621,-0.255484521389008,12.9319047927856,-9.42156219482422,1.58370163076698e-15,36.3299980163574,2.27999997138977,-39,1,0,0,0,0,0
-198.011795043945,-29.8382949829101,49.568489074707,8.04635429382324,-15.7947797775269,0.418720096349716,36.7734985351562,1.80232465267181,-81.5167999267578,0.107471317052841,-0.174842268228531,-0.275034427642822,14.3887281417847,-6.99746417999268,1.76211101577685e-15,37.8199996948242,2.72000002861023,-32,1,0,0,0,0,0
-202.029922485352,-27.7416477203369,49.4436721801758,9.67921257019043,-15.3490266799927,0.562770485877991,38.8117752075195,1.62450087070465,-75.0163116455078,0.0141008207574487,-0.208353936672211,-0.274842083454132,15.0490303039551,-5.43384695053101,1.84297471015238e-15,40.9699974060059,3.26999998092651,-23,1,0,0,0,0,0
-205.379272460938,-25.6400279998779,49.3052177429199,10.8381280899048,-14.9406042098999,0.47291162610054,38.5358543395996,1.30095481872559,-67.3844604492188,0.0141008207574487,-0.208353936672211,-0.274842083454132,15.3894138336182,-4.37789106369019,1.88465974258561e-15,40.0599975585938,3.53999996185303,-21,1,0,0,0,0,0
-208.909866333008,-23.0070819854736,49.1652679443359,12.7638320922852,-14.0310754776001,0.419239163398743,38.5358543395996,1.30095481872559,-67.3844604492188,0.0392347127199173,-0.268388718366623,-0.376233726739883,15.7381896972656,-2.88259887695312,1.92737243774209e-15,42.5699996948242,3.98000001907349,-13,1,0,0,0,0,0
-214.9404296875,-17.1741180419921,48.9395408630371,14.1238203048706,-13.1990613937378,0.39686518907547,40.8818702697754,0.535366356372833,-56.3533744812012,0.0399853102862835,-0.298667371273041,-0.343296498060226,15.8732318878174,-2.01010513305664,1.94391012076252e-15,42.8899993896484,4.23999977111816,-9,1,0,0,0,0,0
-218.089569091797,-13.1853284835815,48.8222770690918,15.7876691818237,-11.9334421157837,0.237047508358955,41.2285041809082,0.244442224502563,-47.2439346313477,-0.0528502762317657,-0.28425145149231,-0.375865757465362,15.9701519012451,-0.976850032806396,1.95577959345239e-15,42.9199981689453,4.40999984741211,-4,1,0,0,0,0,0
-220.481491088867,-9.49219131469722,48.7269287109375,17.0557022094727,-10.6837596893311,0.186438009142876,42.6209869384766,-0.820251941680908,-36.5776824951172,0.0831822156906128,-0.311083823442459,-0.409740000963211,15.9921579360962,-0.500890970230103,1.95847442877408e-15,41.879997253418,4.75999975204468,-1,1,0,0,0,0,0
-222.894775390625,-4.79778766632075,48.6292610168457,18.4959506988525,-8.67282485961914,0.0461517721414566,40.9769020080566,-0.297736495733261,-29.1265525817871,-0.100753419101238,-0.347506463527679,-0.36166775226593,15.9996604919434,-0.104213997721672,1.95939324776362e-15,39.1599998474121,5.05999994277954,2,1,0,0,0,0,0
-224.667495727539,-0.197372615337322,48.5722007751465,19.4100780487061,-6.80118703842163,-0.249298855662346,40.9769020080566,-0.297736495733261,-29.1265525817871,-0.100753419101238,-0.347506463527679,-0.36166775226593,15.9999942779541,-0.0133910002186894,1.95943411710332e-15,35.7799987792969,5.15999984741211,3,1,0,0,0,0,0
-225.892242431641,4.56269264221196,48.6093139648437,20.2117137908936,-4.16339778900146,-0.806563556194305,43.0083808898926,2.78745436668396,-18.4746551513672,0.0525835230946541,-0.436072826385498,-0.174067571759224,16,-6.00000021222513e-06,1.95943496413627e-15,27.5999984741211,4.80999994277954,5,1,0,0,0,0,0
-226.614440917969,9.87738704681401,48.7891082763672,20.5132694244385,-1.99304032325745,-1.1802134513855,42.0670127868652,5.13748979568481,-12.6622085571289,-0.176671549677849,-0.370662063360214,-0.22757925093174,16,-6.00000021222513e-06,1.95943496413627e-15,20.9499988555908,4.27999973297119,5,1,0,0,0,0,0
-226.614440917969,9.87738704681401,48.7891082763672,20.5290412902832,-0.5339674949646,-1.21901726722717,36.2704391479492,5.3336877822876,-3.83306884765625,-0.176671549677849,-0.370662063360214,-0.22757925093174,16,-6.00000021222513e-06,1.95943496413627e-15,11.960000038147,3.5699999332428,5,1,0,0,0,0,0
-226.661514282227,20.4702606201172,49.2816200256347,20.3909130096436,0.749686181545258,-1.31435251235962,36.2704391479492,5.3336877822876,-3.83306884765625,-0.405011802911758,-0.201730743050575,-0.357113420963287,16,-6.00000021222513e-06,1.95943496413627e-15,5.8899998664856,3.03999996185303,5,1,0,0,0,0,0
-226.188430786133,25.6683197021485,49.5699310302734,20.0543308258057,2.02646565437317,-1.48229777812958,29.0087413787842,5.34569835662842,3.16205143928528,-0.463012546300888,-0.166546121239662,-0.22935077548027,16,-6.00000021222513e-06,1.95943496413627e-15,-2.12999987602234,2.11999988555908,5,1,0,0,0,0,0
-225.549713134766,30.4357032775879,49.9329109191894,19.7261524200439,2.71776175498962,-1.73057746887207,18.1602325439453,6.25991725921631,8.58888053894043,-0.409242779016495,-0.0745828226208687,-0.196327820420265,16,-6.00000021222513e-06,1.95943496413627e-15,-6.42999982833862,1.19999992847443,5,1,0,0,0,0,0
-224.809661865234,35.1189460754395,50.3530960083008,19.3195648193359,3.19271373748779,-1.95168888568878,18.1602325439453,6.25991725921631,8.58888053894043,-0.409242779016495,-0.0745828226208687,-0.196327820420265,16,-6.00000021222513e-06,1.95943496413627e-15,-10.6499996185303,-0.209999993443489,4,1,0,0,0,0,0
-224.10041809082,39.3431625366211,50.7972831726074,19.0006923675537,3.19433283805847,-2.16122055053711,6.99781274795532,6.34569215774536,11.6075448989868,-0.532925307750702,0.00442878529429435,-0.0608546882867813,16,-6.00000021222513e-06,1.95943496413627e-15,-12.0599994659424,-1.3199999332428,3,1,0,0,0,0,0
-223.314788818359,44.2791213989258,51.3728408813476,18.8056774139404,2.82683897018433,-2.04204940795898,6.99781274795532,6.34569215774536,11.6075448989868,-0.532925307750702,0.00442878529429435,-0.0608546882867813,16,-6.00000021222513e-06,1.95943496413627e-15,-11.6799993515015,-2.92999982833862,3,1,0,0,0,0,0
-222.708602905273,48.7650985717774,51.8794822692871,18.6250820159912,2.36224675178528,-2.15919756889343,-6.07895469665527,4.7863564491272,14.1989545822144,-0.239570587873459,0.0695595070719719,-0.122293882071972,16,-6.00000021222513e-06,1.95943496413627e-15,-10.5799999237061,-3.99000000953674,2,1,0,0,0,0,0
-222.20849609375,53.213966369629,52.4056510925293,18.4972610473633,2.09281849861145,-2.15180087089539,-7.44539356231689,4.25539970397949,14.9772644042969,-0.00195075944066048,0.039449829608202,0.0797250419855118,16,-6.00000021222513e-06,1.95943496413627e-15,-9.39999961853027,-5.19000005722046,2,1,0,0,0,0,0
-221.749816894531,57.9532051086426,52.9329528808593,18.2500457763672,1.70687258243561,-1.73846638202667,-7.44539356231689,4.25539970397949,14.9772644042969,-0.00195075944066048,0.039449829608202,0.0797250419855118,16,-6.00000021222513e-06,1.95943496413627e-15,-8.26000022888184,-6.60999965667725,1,1,0,0,0,0,0
-221.405242919922,62.3090972900391,53.3789482116699,18.0934066772461,1.09427320957184,-1.95148551464081,-8.60337162017822,2.63900184631348,10.1710233688354,-0.221612632274628,0.0136631205677986,0.202182561159134,15.9999856948853,0.0213109999895096,1.95943305831214e-15,-6.52999973297119,-7.59999990463257,1,1,0,0,0,0,0
-221.172653198242,66.9092102050782,53.857177734375,17.9288082122803,0.744326829910278,-1.19450581073761,-8.60337162017822,2.63900184631348,10.1710233688354,-0.221612632274628,0.0136631205677986,0.202182561159134,15.9990301132202,0.176174998283386,1.95931616776542e-15,-3.58999991416931,-8.89999961853027,1,1,0,0,0,0,0
-221.011856079102,70.8140029907227,54.0622749328613,17.8277473449707,0.604742109775543,-0.337374925613403,-7.85317134857178,0.13217206299305,8.51994800567627,0.304842919111252,0.148586630821228,0.0311464127153158,15.9890375137329,0.592191994190216,1.95809241691487e-15,-1.67999994754791,-9.02999973297119,2,1,0,0,0,0,0
-220.852249145508,75.0583724975586,54.1398849487304,17.7917385101318,0.421588063240051,-0.129124477505684,-1.96234238147736,-2.37326240539551,5.87482833862305,0.0826455801725388,0.0995855331420899,0.142162650823593,15.9646425247192,1.06310796737671,1.95510471995167e-15,1.07999992370605,-9.22999954223633,3,1,0,0,0,0,0
-220.708267211914,79.9835968017579,54.1743049621582,17.8003234863281,0.204114705324173,0.236442044377327,-2.60324883460999,-5.09423875808716,4.21387672424316,0.0826455801725388,0.0995855331420899,0.142162650823593,15.8626594543457,2.09189701080322,1.94261543090264e-15,6.40999984741211,-9.32999992370605,6,1,0,0,0,0,0
-220.630767822266,84.2444000244141,54.1182899475097,17.8137836456299,0.0966635197401047,0.702961146831512,-2.60324883460999,-5.09423875808716,4.21387672424316,-0.112666346132755,0.104805469512939,-0.0102218687534332,15.4945468902588,3.98986482620239,1.89753464338387e-15,14.1199998855591,-9.13999938964844,10,1,0,0,0,0,0
-220.575241088867,88.5000228881836,53.9228553771972,17.8778839111328,0.103437796235085,1.17667961120605,3.45030403137207,-7.56607389450073,5.8886547088623,-0.112666346132755,0.104805469512939,-0.0102218687534332,15.1785697937012,5.06073427200317,1.85883857846327e-15,19.6499996185303,-8.47000026702881,14,1,0,0,0,0,0
-220.498031616211,92.7704467773438,53.6678085327148,17.9733963012695,0.405101716518402,1.16006863117218,3.45030403137207,-7.56607389450073,5.8886547088623,0.20278137922287,0.034213412553072,-0.139653697609901,14.5566453933716,6.64108896255493,1.78267506991206e-15,25.189998626709,-8.11999988555908,19,1,0,0,0,0,0
-220.318222045898,97.0391693115235,53.4196853637695,18.0319137573242,0.804956078529358,1.20570552349091,10.8665904998779,-7.84839010238647,7.44669580459595,0.384366393089294,0.0125892348587513,-0.0447782315313816,14.0504055023193,7.65415573120117,1.72067839916191e-15,28.5100002288818,-7.76999998092651,23,1,0,0,0,0,0
-219.958557128906,101.711799621582,53.1514167785644,18.0934638977051,1.6472772359848,1.28123795986176,17.9095153808594,-7.7033863067627,8.18743705749512,0.338983833789825,-0.0261337403208017,-0.0585101693868637,12.1212158203125,10.4439516067505,1.48442079314019e-15,32.6199989318848,-7.21000003814697,29,1,0,0,0,0,0
-219.388229370117,106.399353027344,52.8530769348144,18.1024532318115,2.36063313484192,1.29654133319855,17.9095153808594,-7.7033863067627,8.18743705749512,0.338983833789825,-0.0261337403208017,-0.0585101693868637,12.1212158203125,10.4439516067505,1.48442079314019e-15,35.9599990844727,-6.79999971389771,35,1,0,0,0,0,0
-218.708877563477,110.354782104492,52.5994338989258,18.0499629974365,3.47494149208069,1.36225140094757,24.4079113006592,-7.67615413665771,10.9584503173828,0.157222658395767,-0.0855658203363419,-0.167946696281433,10.0929946899414,12.4149684906006,1.23603536937968e-15,37.7399978637695,-6.10999965667725,40,1,0,0,0,0,0
-217.748825073242,114.670463562012,52.2910194396972,17.8946838378906,4.70958185195923,1.57440805435181,29.07102394104,-8.06008720397949,17.2688789367676,0.157222658395767,-0.0855658203363419,-0.167946696281433,8.72020435333252,13.4148445129395,1.06791701116247e-15,42.5099983215332,-5.15000009536743,51,1,0,0,0,0,0
-216.418380737305,119.298431396484,51.8941955566406,17.6894836425781,5.79017114639282,1.60462820529938,29.07102394104,-8.06008720397949,17.2688789367676,0.231267288327217,-0.130643293261528,-0.26687029004097,8.72020435333252,13.4148445129395,1.06791701116247e-15,42.2900009155273,-4.40999984741211,53,1,0,0,0,0,0
-214.870483398437,123.496536254883,51.4898605346679,17.2335624694824,7.32165718078613,1.81872022151947,33.775333404541,-7.78123140335083,23.3391284942627,0.196988016366959,-0.185737788677216,-0.240992724895477,6.22203207015991,14.7406349182129,7.61979139707385e-16,42.5699996948242,-3.10999989509583,62,1,0,0,0,0,0
-212.8486328125,127.9140625,50.9958610534668,16.7452411651611,8.59242534637451,1.89539313316345,33.775333404541,-7.78123140335083,23.3391284942627,0.196988016366959,-0.185737788677216,-0.240992724895477,6.22203207015991,14.7406349182129,7.61979139707385e-16,42.5799980163574,-2.19000005722046,65,1,0,0,0,0,0
-210.402740478516,132.199096679688,50.4958457946777,15.8408832550049,10.4365425109863,1.62409818172455,37.8556289672852,-7.42533016204834,32.3779678344727,0.173496052622795,-0.259447783231735,-0.350743532180786,4.0795521736145,15.4711751937866,4.9960104929559e-16,42.5999984741211,-1.37999999523163,72,1,0,0,0,0,0
-207.730972290039,135.885299682617,50.1013031005859,14.239951133728,12.7186460494995,1.08969569206238,39.7892379760742,-6.88911771774292,40.9553871154785,0.115538239479065,-0.352267444133759,-0.315529644489288,1.2918199300766,15.9477643966675,1.58202315557266e-16,42.7199974060059,-0.539999961853027,78,1,0,0,0,0,0
-204.602691650391,139.268707275391,49.8065528869629,12.8648052215576,14.1576509475708,0.893769383430481,39.7892379760742,-6.88911771774292,40.9553871154785,0.115538239479065,-0.352267444133759,-0.315529644489288,0.160475999116898,15.999195098877,1.96526417208738e-17,42.8400001525879,0.0599999986588955,87,1,0,0,0,0,0
-200.841934204102,142.460586547852,49.556339263916,10.8531847000122,15.7768678665161,0.529234886169434,43.5746841430664,-3.17394232749939,53.4547843933105,0.111222803592682,-0.36711448431015,-0.233800649642944,-1.53627395629883,15.9260749816895,-1.8813930541454e-16,42.8899993896484,0.379999995231628,89,1,0,0,0,0,0
-197.008148193359,144.998504638672,49.408576965332,8.7179536819458,17.1347694396973,-0.239735722541809,43.5746841430664,-3.17394232749939,53.4547843933105,0.111222803592682,-0.36711448431015,-0.233800649642944,-2.65899896621704,15.7775068283081,-3.25633452121562e-16,42.5599975585938,0.159999996423721,96,1,0,0,0,0,0
-191.847564697266,147.432968139648,49.4807929992676,6.8139271736145,17.9656620025635,-0.691803395748138,41.5737152099609,-1.25477933883667,67.5817260742188,0.00742863770574331,-0.33265033364296,-0.295053035020828,-2.65899896621704,15.7775068283081,-3.25633452121562e-16,41.2799987792969,-0.349999994039536,100,1,0,0,0,0,0
-188.222595214844,148.631958007813,49.6267585754394,5.17942237854004,18.4082336425781,-0.594360947608948,39.4465713500977,-0.379940152168274,75.8129348754883,0.00742863770574331,-0.33265033364296,-0.295053035020828,-5.30855512619019,15.0936822891235,-6.50110492511884e-16,40.7999992370605,-0.819999992847443,106,1,0,0,0,0,0
-183.458084106445,149.812347412109,49.7895240783691,3.34287190437317,18.6413631439209,-0.785020291805267,39.4465713500977,-0.379940152168274,75.8129348754883,-0.0801979228854179,-0.247914865612984,-0.288220107555389,-6.60470008850098,14.5731925964355,-8.0884250806365e-16,40.3299980163574,-1.22000002861023,110,1,0,0,0,0,0
-179.078247070312,150.515640258789,49.9677085876465,1.77266776561737,18.5978565216064,-0.525865316390991,37.2922019958496,-0.633589446544647,86.794807434082,-0.0801979228854179,-0.247914865612984,-0.288220107555389,-7.28556728363037,14.2450170516968,-8.92224590210041e-16,41.2399978637695,-1.64999997615814,117,1,0,0,0,0,0
-174.351211547852,150.945602416992,50.0967483520508,0.617582321166992,18.4561100006104,-0.21141628921032,37.2922019958496,-0.633589446544647,86.794807434082,-0.0388894230127335,-0.184396728873253,-0.389732420444489,-7.28556728363037,14.2450170516968,-8.92224590210041e-16,39.629997253418,-1.61000001430511,119,1,0,0,0,0,0
-169.68310546875,150.991149902344,50.1338920593262,-1.24102354049683,18.1289615631104,-0.184331446886063,40.4356002807617,-0.456720620393753,96.171142578125,0.243567317724228,-0.268973499536514,-0.185278281569481,-8.00314617156982,13.8545894622803,-9.80102670300898e-16,38.5799980163574,-1.53999996185303,122,1,0,0,0,0,0
-165.475677490234,150.59358215332,50.1829490661621,-3.2528383731842,17.5575885772705,-0.23277436196804,40.4356002807617,-0.456720620393753,96.171142578125,0.243567317724228,-0.268973499536514,-0.185278281569481,-8.46318531036377,13.5784568786621,-1.03644126684251e-15,34.5400009155273,-1.8199999332428,125,1,0,0,0,0,0
-161.007034301758,149.718673706055,50.2415542602539,-4.74350070953369,16.9717426300049,-0.15287546813488,39.0569648742676,0.789085268974304,105.033348083496,0.0797543525695801,-0.225292503833771,-0.317437469959259,-8.47713756561279,13.5697507858276,-1.03814994405535e-15,30.0999984741211,-1.9099999666214,127,1,0,0,0,0,0
-157.359603881836,148.651565551758,50.263858795166,-5.96889305114746,16.4077682495117,-0.156407430768013,39.0569648742676,0.789085268974304,105.033348083496,0.0797543525695801,-0.225292503833771,-0.317437469959259,-8.47713756561279,13.5697507858276,-1.03814994405535e-15,26.1099987030029,-1.94999992847443,128,1,0,0,0,0,0
-153.20930480957,147.002395629883,50.2900581359863,-7.47774171829224,15.5968217849731,-0.301841020584106,36.8697738647461,0.472310155630112,113.978713989258,-0.30867674946785,-0.218452304601669,-0.276233971118927,-8.47997951507568,13.5679750442505,-1.03849807459668e-15,19.3899993896484,-2.25,129,1,0,0,0,0,0
-149.553253173828,145.183090209961,50.3442764282226,-8.44352340698242,14.9495906829834,-0.0437018238008022,30.3990173339844,-0.733163297176361,122.002044677734,-0.30867674946785,-0.218452304601669,-0.276233971118927,-8.47997951507568,13.5679750442505,-1.03849807459668e-15,15.6099996566772,-2.26999998092651,130,1,0,0,0,0,0
-145.716293334961,142.963439941406,50.3558235168457,-9.26760196685791,14.3083925247192,0.0286542661488056,30.3990173339844,-0.733163297176361,122.002044677734,-0.197603106498718,-0.120957151055336,-0.301823645830154,-8.47997951507568,13.5679750442505,-1.03849807459668e-15,9.80999946594238,-2.25999999046326,130,1,0,0,0,0,0
-142.068634033203,140.565216064453,50.3409690856933,-9.74723434448242,13.8702764511108,0.049269575625658,24.5406723022461,-1.26588404178619,128.196533203125,-0.280266940593719,-0.10922259837389,-0.247861310839653,-8.47997951507568,13.5679750442505,-1.03849807459668e-15,6.29999971389771,-2.25999999046326,130,1,0,0,0,0,0
-139.330718994141,138.595199584961,50.3408813476562,-10.2143583297729,13.4101438522339,-0.210662230849266,17.6809234619141,-1.1532906293869,132.929550170898,-0.280266940593719,-0.10922259837389,-0.247861310839653,-8.47997951507568,13.5679750442505,-1.03849807459668e-15,1.28999996185303,-2.61999988555908,129,1,0,0,0,0,0
-136.438262939453,136.355102539063,50.3964080810547,-10.6069002151489,12.8943977355957,-0.249013513326645,17.6809234619141,-1.1532906293869,132.929550170898,-0.281882435083389,-0.0891744866967202,-0.222855538129807,-8.47997951507568,13.5679750442505,-1.03849807459668e-15,-1.48000001907349,-2.83999991416931,129,1,0,0,0,0,0
-132.898010253906,133.427764892578,50.4699478149414,-10.7918472290039,12.5445499420166,-0.0843045115470886,12.9966764450073,-0.788195908069611,137.405319213867,-0.274795591831207,-0.0353804081678391,-0.135576456785202,-8.47997951507568,13.5679750442505,-1.03849807459668e-15,-4.71000003814697,-2.84999990463257,128,1,0,0,0,0,0
-130.171142578125,131.071533203125,50.4871292114258,-10.8378658294678,12.4036054611206,-0.384030401706696,4.71407842636108,-0.425512999296188,139.881988525391,-0.274795591831207,-0.0353804081678391,-0.135576456785202,-8.47997951507568,13.5679750442505,-1.03849807459668e-15,-6.19000005722046,-3.02999997138977,128,1,0,0,0,0,0
-126.762001037598,128.06657409668,50.568660736084,-10.7995643615723,12.316481590271,-0.517502784729004,4.71407842636108,-0.425512999296188,139.881988525391,-0.513429701328278,-0.0596541129052639,-0.118152365088463,-8.47997951507568,13.5679750442505,-1.03849807459668e-15,-7.25999975204468,-3.47000002861023,127,1,0,0,0,0,0
-124.079002380371,125.698837280273,50.6832542419433,-10.6816749572754,12.3080062866211,-0.550332725048065,0.304154396057129,-0.508144557476044,140.835983276367,-0.233167037367821,0.0161937121301889,0.0249832216650248,-8.47997951507568,13.5679750442505,-1.03849807459668e-15,-8.10999965667725,-3.8899998664856,126,1,0,0,0,0,0
-120.691078186035,122.744132995605,50.8496513366699,-10.3487100601196,12.4723920822144,-0.648561358451843,-5.03238391876221,-0.874594688415527,138.960235595703,-0.233167037367821,0.0161937121301889,0.0249832216650248,-8.47997951507568,13.5679750442505,-1.03849807459668e-15,-7.59999990463257,-4.44000005722046,126,1,0,0,0,0,0
-117.740989685059,120.262657165527,51.0087661743164,-9.96445941925049,12.7230567932129,-0.832906723022461,-5.03238391876221,-0.874594688415527,138.960235595703,-0.365234136581421,0.0121755125001073,0.0714493691921234,-8.47997951507568,13.5679750442505,-1.03849807459668e-15,-6.23999977111816,-4.96999979019165,125,1,0,0,0,0,0
-114.464477539062,117.677719116211,51.2148857116699,-9.69719505310059,12.8462810516357,-0.667058408260345,-7.47721147537231,-1.13318860530853,138.607040405273,0.0118845049291849,0.0374422110617161,0.0166778042912483,-8.47997951507568,13.5679750442505,-1.03849807459668e-15,-4.98999977111816,-5.34999990463257,125,1,0,0,0,0,0
-111.682189941406,115.594116210938,51.3490600585937,-9.31531715393066,13.0129280090332,-0.36435404419899,-7.47721147537231,-1.13318860530853,138.607040405273,0.0118845049291849,0.0374422110617161,0.0166778042912483,-8.47997951507568,13.5679750442505,-1.03849807459668e-15,-3.27999997138977,-5.55999994277954,124,1,0,0,0,0,0
-107.57396697998,112.648048400879,51.4720916748047,-8.91093635559082,13.1933736801147,-0.487517356872559,-6.22925090789795,-1.47552454471588,137.638259887695,0.070957824587822,0.00561355752870441,0.0423764996230602,-8.47997951507568,13.5679750442505,-1.03849807459668e-15,-1.43999993801117,-6.03999996185303,124,1,0,0,0,0,0
-105.007865905762,110.891227722168,51.5734481811523,-8.51953220367432,13.4071731567383,-0.61542272567749,-5.68998193740845,-2.1021900177002,136.066925048828,0.070957824587822,0.00561355752870441,0.0423764996230602,-8.47997951507568,13.5679750442505,-1.03849807459668e-15,0.129999995231628,-6.42999982833862,124,1,0,0,0,0,0
-101.887344360352,108.857681274414,51.7277793884277,-8.23783683776855,13.5165462493896,-0.296773970127106,-5.68998193740845,-2.1021900177002,136.066925048828,-0.0756743848323822,0.038203202188015,0.0123940361663699,-8.47997951507568,13.5679750442505,-1.03849807459668e-15,2.28999996185303,-6.79999971389771,124,1,0,0,0,0,0
-98.9852981567383,107.050590515137,51.8275527954101,-8.0239086151123,13.5902042388916,-0.0559454746544361,-3.84690308570862,-3.23243737220764,137.224899291992,-0.0756743848323822,0.038203202188015,0.0123940361663699,-8.47997951507568,13.5679750442505,-1.03849807459668e-15,3.21000003814697,-6.96000003814697,124,1,0,0,0,0,0
-95.8385772705078,105.134620666504,51.8810424804687,-7.89040279388428,13.6286182403564,0.475923627614975,-2.42099571228027,-4.02564001083374,136.799865722656,0.100331917405128,0.0310252550989389,0.00273540080524981,-8.47997951507568,13.5679750442505,-1.03849807459668e-15,4.33999967575073,-6.5,124,1,0,0,0,0,0
-92.6590499877929,103.238067626953,51.7986946105957,-7.85040187835693,13.6199960708618,0.803701996803284,-2.42099571228027,-4.02564001083374,136.799865722656,0.2291409522295,0.0323910638689995,-0.00895959883928299,-8.47997951507568,13.5679750442505,-1.03849807459668e-15,4.73999977111816,-6.08999967575073,124,1,0,0,0,0,0
-89.2295913696289,101.20442199707,51.6087646484375,-7.82159805297852,13.6614446640015,0.889401614665985,0.767977058887482,-5.08515071868896,135.459259033203,0.2291409522295,0.0323910638689995,-0.00895959883928299,-8.47997951507568,13.5679750442505,-1.03849807459668e-15,4.92000007629395,-5.73000001907349,124,1,0,0,0,0,0
-85.7920150756836,99.1702499389649,51.3948402404785,-7.80633068084717,13.7616510391235,1.0931521654129,-0.522721230983734,-5.80541467666626,134.952087402344,0.023197028785944,0.0475420169532299,0.0738544166088104,-8.47997951507568,13.5679750442505,-1.03849807459668e-15,5.44999980926514,-5.04999971389771,124,1,0,0,0,0,0
-82.5891189575195,97.2966842651367,51.1587982177734,-7.81031894683838,13.8523092269897,1.22846651077271,-0.522721230983734,-5.80541467666626,134.952087402344,-0.0626418367028236,0.00656068930402398,-0.00631056819111109,-8.47997951507568,13.5679750442505,-1.03849807459668e-15,6.04999971389771,-4.25,125,1,0,0,0,0,0
-79.6031646728515,95.5741348266602,50.9051170349121,-7.82137632369995,13.9234209060669,1.36185681819916,0.66159999370575,-5.84766483306885,134.833343505859,-0.0626418367028236,0.00656068930402398,-0.00631056819111109,-8.47997951507568,13.5679750442505,-1.03849807459668e-15,6.37999963760376,-3.57999992370605,125,1,0,0,0,0,0
-73.018913269043,91.8079528808594,50.2344818115234,-7.95401620864868,13.9495515823364,1.40233528614044,4.47988224029541,-5.38064098358154,135.061569213867,0.206157729029655,-0.0158197861164808,-0.0115829557180405,-8.47997951507568,13.5679750442505,-1.03849807459668e-15,6.17999982833862,-2.55999994277954,125,1,0,0,0,0,0
-70.0008087158203,90.0389938354492,49.9515876770019,-8.22394180297852,13.8928813934326,1.05771791934967,4.47988224029541,-5.38064098358154,135.061569213867,0.206157729029655,-0.0158197861164808,-0.0115829557180405,-8.47997951507568,13.5679750442505,-1.03849807459668e-15,5.48999977111816,-2.0699999332428,125,1,0,0,0,0,0
-66.990737915039,88.21484375,49.7597160339355,-8.5240421295166,13.8104848861694,0.396210908889771,5.70604515075684,-3.21614742279053,134.161087036133,0.206157729029655,-0.0158197861164808,-0.0115829557180405,-8.47997951507568,13.5679750442505,-1.03849807459668e-15,3.84999990463257,-1.95999991893768,125,1,0,0,0,0,0
-63.4078025817871,85.9636993408203,49.6849555969238,-8.64489555358887,13.7765140533447,0.359057396650314,5.70604515075684,-3.21614742279053,134.161087036133,0.148558959364891,-0.0990996435284614,0.0846040174365044,-8.47997951507568,13.5679750442505,-1.03849807459668e-15,3,-2.00999999046326,125,1,0,0,0,0,0
-59.8437423706055,83.7167892456055,49.5969772338867,-8.68584823608398,13.802001953125,0.546034455299377,6.32294750213623,-2.68062901496887,132.376708984375,-0.0155589319765568,0.032769400626421,-0.0742218568921089,-8.47997951507568,13.5679750442505,-1.03849807459668e-15,2.93999981880188,-1.71999990940094,125,1,0,0,0,0,0
-56.8003463745117,81.8077392578125,49.4430541992187,-8.82312679290771,13.7861042022705,0.770482301712036,6.13412714004517,-3.6045982837677,134.622680664062,0.0467711873352528,0.0214113220572471,-0.170414790511131,-8.47997951507568,13.5679750442505,-1.03849807459668e-15,2.33999991416931,-1.04999995231628,125,1,0,0,0,0,0
-52.9324913024902,79.3494644165039,49.1880683898926,-9.00070190429688,13.752649307251,0.782187938690186,4.71174573898315,-3.24116635322571,136.430313110352,0.0467711873352528,0.0214113220572471,-0.170414790511131,-8.47997951507568,13.5679750442505,-1.03849807459668e-15,1.25999999046326,-0.319999992847443,125,1,0,0,0,0,0
-49.6334228515625,77.2091598510742,49.0147590637207,-9.13199043273926,13.7906179428101,0.420270055532455,4.71174573898315,-3.24116635322571,136.430313110352,-0.197315365076065,-0.0958294570446014,-0.0192504338920116,-8.47997951507568,13.5679750442505,-1.03849807459668e-15,0.699999988079071,-0.159999996423721,125,1,0,0,0,0,0
-46.0243034362793,74.8608551025391,48.9297180175781,-9.1476001739502,13.8990507125854,0.115263365209103,4.71174573898315,-3.24116635322571,136.430313110352,-0.197315365076065,-0.0958294570446014,-0.0192504338920116,-8.47997951507568,13.5679750442505,-1.03849807459668e-15,0.709999978542328,-0.0999999940395355,125,1,0,0,0,0,0
-42.6488761901855,72.7113647460938,48.8754005432129,-9.02841377258301,14.0090389251709,0.399105280637741,1.04775416851044,-1.88377833366394,134.616363525391,-0.113648638129234,0.00318151270039381,0.0820344164967537,-8.47997951507568,13.5679750442505,-1.03849807459668e-15,1.29999995231628,0.179999992251396,125,1,0,0,0,0,0
-38.4188652038574,70.1018829345703,48.7182540893555,-8.9555196762085,14.0956106185913,0.387194454669952,1.23023557662964,-1.52283823490143,134.527481079102,0.00170882418751717,-0.0394578762352467,-0.0164047461003065,-8.47997951507568,13.5679750442505,-1.03849807459668e-15,2.08999991416931,0.719999969005585,125,1,0,0,0,0,0
-35.840763092041,68.5404815673828,48.6407966613769,-8.87143230438232,14.1704072952271,0.108662471175194,1.23023557662964,-1.52283823490143,134.527481079102,0.00170882418751717,-0.0394578762352467,-0.0164047461003065,-8.47997951507568,13.5679750442505,-1.03849807459668e-15,2.69000005722046,0.789999961853027,125,1,0,0,0,0,0
-31.8265514373779,66.1577682495117,48.6208572387695,-8.65204048156738,14.3222856521606,-0.205445736646652,-1.16674768924713,-0.124223530292511,133.515777587891,-0.0789621323347092,-0.0601438842713833,0.116592302918434,-8.47997951507568,13.5679750442505,-1.03849807459668e-15,3.66999983787537,0.759999990463257,125,1,0,0,0,0,0
-28.3601703643799,64.1795349121094,48.6720161437988,-8.44528198242188,14.4191570281982,-0.332001179456711,-0.447729736566544,0.598528742790222,131.896453857422,0.0277274772524834,-0.0243606343865395,0.0468501523137093,-8.47997951507568,13.5679750442505,-1.03849807459668e-15,5.48000001907349,0.569999992847443,125,1,0,0,0,0,0
-24.8458862304687,62.2453231811524,48.735466003418,-8.30503559112549,14.4220399856567,-0.351988941431046,2.55868434906006,1.05536484718323,131.683151245117,0.220490530133247,-0.0307411048561335,-0.00589365465566516,-8.47997951507568,13.5679750442505,-1.03849807459668e-15,6.77999973297119,0.469999998807907,125,1,0,0,0,0,0
-21.0453090667725,60.1555442810059,48.8116035461426,-8.32813358306885,14.3248910903931,-0.514672994613647,6.11243104934692,1.44871699810028,131.724945068359,0.32601860165596,-0.0242350827902555,0.00296218786388636,-8.47997951507568,13.5679750442505,-1.03849807459668e-15,6.80999994277954,0.280000001192093,126,1,0,0,0,0,0
-17.3214263916016,58.0338745117188,48.9373817443848,-8.51217555999756,14.0559902191162,-0.557984828948975,6.11243104934692,1.44871699810028,131.724945068359,0.32601860165596,-0.0242350827902555,0.00296218786388636,-8.47997951507568,13.5679750442505,-1.03849807459668e-15,5.71999979019165,-0.0199999995529652,126,1,0,0,0,0,0
-13.94739818573,56.0269088745117,49.0639572143555,-8.64139461517334,13.8104038238525,-0.500891864299774,9.19405174255371,1.62530422210693,131.08137512207,-0.0137549489736557,-0.00684625236317515,0.0547294355928898,-8.47997951507568,13.5679750442505,-1.03849807459668e-15,4.88000011444092,-0.170000001788139,126,1,0,0,0,0,0
-10.0704393386841,53.6357307434082,49.2053184509277,-8.73299121856689,13.5693302154541,-0.502827763557434,9.19405174255371,1.62530422210693,131.08137512207,-0.0137549489736557,-0.00684625236317515,0.0547294355928898,-8.47997951507568,13.5679750442505,-1.03849807459668e-15,3.47000002861023,-0.479999989271164,126,1,0,0,0,0,0
-7.10425806045532,51.764045715332,49.3127975463867,-8.71041107177734,13.419243812561,-0.537175297737122,8.40074253082275,1.90137910842896,129.77522277832,-0.100256845355034,0.00811867415905,0.0674942508339882,-8.47997951507568,13.5679750442505,-1.03849807459668e-15,3.10999989509583,-0.699999988079071,126,1,0,0,0,0,0
-3.32626724243164,49.3872108459473,49.4464874267578,-8.63850784301758,13.3390760421753,-0.503172516822815,8.40074253082275,1.90137910842896,129.77522277832,-0.100256845355034,0.00811867415905,0.0674942508339882,-8.47997951507568,13.5679750442505,-1.03849807459668e-15,3.09999990463257,-0.989999949932098,126,1,0,0,0,0,0
-0.113809317350383,47.3808555603027,49.5580368041992,-8.55662631988525,13.1900091171265,-0.273595571517944,2.89896488189697,1.54117918014526,129.887054443359,-0.143657669425011,0.0256332848221064,-0.0210504271090031,-8.47997951507568,13.5679750442505,-1.03849807459668e-15,3.07999992370605,-1.13999998569489,126,1,0,0,0,0,0
3.10980343818665,45.361457824707,49.5950164794922,-8.52935123443604,13.1278638839722,0.0869420319795609,5.92269802093506,0.868365406990051,129.153457641602,0.162603288888931,0.0213997606188059,0.0576351247727871,-8.47997951507568,13.5679750442505,-1.03849807459668e-15,3.01999998092651,-0.889999985694885,126,1,0,0,0,0,0
6.56243324279786,43.1927833557129,49.5618743896484,-8.50864124298096,13.0901126861572,0.148883804678917,5.92269802093506,0.868365406990051,129.153457641602,0.162603288888931,0.0213997606188059,0.0576351247727871,-8.47997951507568,13.5679750442505,-1.03849807459668e-15,3.07999992370605,-0.769999980926514,126,1,0,0,0,0,0
9.75413990020752,41.197093963623,49.5042839050293,-8.47374820709229,13.0879755020142,0.249360427260399,3.14020705223083,-0.0312806665897369,128.884765625,-0.0793295204639435,0.0679775252938271,-0.0171339623630047,-8.47997951507568,13.5679750442505,-1.03849807459668e-15,3.1399998664856,-0.469999998807907,126,1,0,0,0,0,0
13.4912557601929,38.8772010803223,49.4054832458496,-8.44393062591553,13.101770401001,0.473173677921295,2.68293619155884,-0.759754538536072,128.321166992188,0.0394118055701256,0.037104208022356,0.0528142414987087,-8.47997951507568,13.5679750442505,-1.03849807459668e-15,3.27999997138977,-0.159999996423721,126,1,0,0,0,0,0
16.4321556091309,37.0496253967285,49.2857666015625,-8.41741847991943,13.126953125,0.743553519248962,2.68293619155884,-0.759754538536072,128.321166992188,0.0394118055701256,0.037104208022356,0.0528142414987087,-8.47997951507568,13.5679750442505,-1.03849807459668e-15,3.52999997138977,0.449999988079071,126,1,0,0,0,0,0
19.6247272491455,35.0747337341309,49.1257934570312,-8.4040584564209,13.1640539169312,0.493475466966629,2.34015226364136,-0.690369486808777,126.534530639648,0.0622911006212234,-0.0391198098659515,0.054927684366703,-8.47997951507568,13.5679750442505,-1.03849807459668e-15,3.75999999046326,0.729999959468842,126,1,0,0,0,0,0
23.0991878509521,32.9156837463379,49.056526184082,-8.42417240142822,13.1768712997437,0.336401551961899,2.34015226364136,-0.690369486808777,126.534530639648,0.0622911006212234,-0.0391198098659515,0.054927684366703,-8.47997951507568,13.5679750442505,-1.03849807459668e-15,3.59999990463257,0.680000007152557,126,1,0,0,0,0,0
26.0452518463135,31.1114692687988,49.0071334838867,-8.29779720306396,13.2639322280884,0.150528833270073,4.6427059173584,0.134105324745178,125.099533081055,0.013439716771245,0.00943266600370408,0.0427617840468884,-8.47997951507568,13.5679750442505,-1.03849807459668e-15,4.23999977111816,0.959999978542328,126,1,0,0,0,0,0
29.8091049194336,28.869478225708,49.0288810729981,-8.21024894714355,13.2999210357666,-0.212305933237076,2.54528856277466,0.104409471154213,126.641075134277,-0.0727637633681297,0.00397606566548346,-0.147531479597092,-8.47997951507568,13.5679750442505,-1.03849807459668e-15,5.1399998664856,0.589999973773956,126,1,0,0,0,0,0
32.7943534851074,27.111873626709,49.1106300354004,-8.18001174926758,13.2752733230591,-0.372148156166077,3.08106279373169,0.430236607789993,128.88720703125,-0.0727637633681297,0.00397606566548346,-0.147531479597092,-8.47997951507568,13.5679750442505,-1.03849807459668e-15,5.40000009536743,0.329999983310699,126,1,0,0,0,0,0
36.290210723877,25.038667678833,49.2448425292969,-8.16255569458008,13.2018537521362,-0.446779489517212,3.08106279373169,0.430236607789993,128.88720703125,0.0470820143818855,-0.0331236086785793,-0.0536859594285488,-8.47997951507568,13.5679750442505,-1.03849807459668e-15,5.34999990463257,0.0599999986588955,127,1,0,0,0,0,0
39.4919700622559,23.1131706237793,49.3698883056641,-8.10581874847412,13.1308660507202,-0.345178663730621,4.1058292388916,0.791952013969421,128.493179321289,0.0484109669923782,-0.00613404065370559,0.0688960701227188,-8.47997951507568,13.5679750442505,-1.03849807459668e-15,5.42000007629395,-0.189999997615814,127,1,0,0,0,0,0
43.1932220458984,20.8985118865967,49.4788055419922,-8.02698707580566,13.0841913223267,-0.334069460630417,4.30549669265747,0.992671847343445,127.558403015137,-0.0352744348347187,-0.000228358432650569,-0.0203458201140165,-8.47997951507568,13.5679750442505,-1.03849807459668e-15,5.82999992370605,-0.389999985694885,127,1,0,0,0,0,0
46.0992965698242,19.174015045166,49.5691947937012,-7.9579930305481,13.0377254486084,-0.445568680763245,4.30549669265747,0.992671847343445,127.558403015137,-0.0352744348347187,-0.000228358432650569,-0.0203458201140165,-8.47997951507568,13.5679750442505,-1.03849807459668e-15,6.10999965667725,-0.649999976158142,127,1,0,0,0,0,0
49.7821083068848,17.0144519805908,49.7052574157715,-7.88469362258911,12.9768915176392,-0.432620376348495,1.84929609298706,0.774441540241241,128.381530761719,-0.027809401974082,0.0122502446174622,-0.0253112465143204,-8.47997951507568,13.5679750442505,-1.03849807459668e-15,6.50999975204468,-0.959999978542328,127,1,0,0,0,0,0
52.9347457885742,15.177472114563,49.8451652526856,-7.79397058486938,12.9636259078979,-0.732337474822998,2.02662396430969,0.892313718795776,126.753273010254,-0.027809401974082,0.0122502446174622,-0.0253112465143204,-8.47997951507568,13.5679750442505,-1.03849807459668e-15,6.81999969482422,-1.37000000476837,127,1,0,0,0,0,0
56.3734397888184,13.1867780685425,50.0744400024414,-7.71303081512451,12.9701442718506,-0.70131641626358,2.02662396430969,0.892313718795776,126.753273010254,0.0501626208424568,0.0116063728928566,0.0797200947999954,-8.47997951507568,13.5679750442505,-1.03849807459668e-15,7.53999996185303,-2.0699999332428,127,1,0,0,0,0,0
59.2475814819336,11.5362749099731,50.2433013916016,-7.70346927642822,12.9495439529419,-0.335247308015823,5.19085454940796,-0.361169308423996,126.252876281738,0.0848606675863266,0.0924594923853874,-0.0310907941311598,-8.47997951507568,13.5679750442505,-1.03849807459668e-15,7.76999998092651,-2.16999983787537,128,1,0,0,0,0,0
62.6516990661621,9.57673168182372,50.3403854370117,-7.70839834213257,12.9651184082031,-0.171813905239105,5.19085454940796,-0.361169308423996,126.252876281738,0.0848606675863266,0.0924594923853874,-0.0310907941311598,-8.47997951507568,13.5679750442505,-1.03849807459668e-15,8.05999946594238,-2.28999996185303,128,1,0,0,0,0,0
65.5293579101562,7.91836404800414,50.3712463378906,-7.78256464004517,12.9569158554077,0.124590799212456,5.22433042526245,-1.8271735906601,127.300971984863,-0.00319886393845081,0.0704620182514191,-0.0948473513126373,-8.47997951507568,13.5679750442505,-1.03849807459668e-15,8.05000019073486,-2.1800000667572,128,1,0,0,0,0,0
68.6687622070312,6.0815930366516,50.3478622436524,-7.96812105178833,12.8850383758545,0.440675973892212,5.22433042526245,-1.8271735906601,127.300971984863,-0.00319886393845081,0.0704620182514191,-0.0948473513126373,-8.47997951507568,13.5679750442505,-1.03849807459668e-15,7.15999984741211,-1.83999991416931,128,1,0,0,0,0,0
72.2969055175781,3.86558294296263,50.2188453674316,-8.20944976806641,12.7704792022705,0.846489667892456,9.40551376342773,-2.99400472640991,128.903381347656,0.246423840522766,0.0257654562592506,0.00281188497319817,-8.47997951507568,13.5679750442505,-1.03849807459668e-15,6.1399998664856,-1.37999999523163,128,1,0,0,0,0,0
74.8804550170898,2.22636389732359,50.0569877624512,-8.46982955932617,12.6795139312744,0.861686944961548,10.0799579620361,-2.72810220718384,128.822387695312,-0.0663606226444244,-0.0324889309704304,-0.0203377977013588,-8.47902965545654,13.5685682296753,-1.03838171344555e-15,4.51999998092651,-0.719999969005585,128,1,0,0,0,0,0
78.6977310180664,-0.290538966655749,49.8211059570313,-8.67467403411865,12.6210060119629,0.736100375652313,10.0799579620361,-2.72810220718384,128.822387695312,-0.0663606226444244,-0.0324889309704304,-0.0203377977013588,-8.47902965545654,13.5685682296753,-1.03838171344555e-15,3.30999994277954,-0.439999997615814,128,1,0,0,0,0,0
81.2496871948242,-2.03437113761904,49.6898384094238,-8.89795303344727,12.5855503082275,0.700220048427582,9.20934867858887,-2.29251408576965,129.882507324219,0.0463757440447807,-0.0133579792454839,-0.0497193410992622,-8.43073558807373,13.5986280441284,-1.03246730589134e-15,1.75999999046326,-0.00999999977648258,127,1,0,0,0,0,0
84.7996063232422,-4.49648952484133,49.5209655761719,-8.99106597900391,12.6083326339722,0.745197474956512,6.50991535186768,-2.33840179443359,131.296401977539,-0.135365873575211,0.00631162337958812,-0.0945951789617538,-8.43073558807373,13.5986280441284,-1.03246730589134e-15,1.0699999332428,0.310000002384186,127,1,0,0,0,0,0
87.8847122192383,-6.64128112792971,49.3562850952149,-9.08057498931885,12.6428289413452,0.913105547428131,4.7999415397644,-2.20697808265686,132.905029296875,-0.135365873575211,0.00631162337958812,-0.0945951789617538,-8.22400379180908,13.7246408462524,-1.0071500204935e-15,-0.439999997615814,1,126,1,0,0,0,0,0
91.4518585205078,-9.13522911071779,49.1012649536133,-9.17166709899902,12.6825618743896,0.980614304542542,4.23188209533691,-1.56099355220795,133.413177490234,-0.0265547558665276,-0.0255879759788513,-0.0273148883134127,-7.51947116851807,14.1229438781738,-9.20869656299405e-16,-3.25,1.5699999332428,124,1,0,0,0,0,0
94.2837982177734,-11.12002658844,48.8878746032715,-9.1856689453125,12.7627067565918,0.637516617774963,4.23188209533691,-1.56099355220795,133.413177490234,-0.0915888324379921,-0.0639143139123917,0.00594105105847121,-6.57239723205566,14.5877895355225,-8.04886493623058e-16,-5.19000005722046,2.03999996185303,123,1,0,0,0,0,0
97.6408309936523,-13.4543981552124,48.7294692993164,-9.1086311340332,12.8691244125366,0.368792682886124,0.296878665685654,0.00947539322078228,132.347427368164,-0.0915888324379921,-0.0639143139123917,0.00594105105847121,-6.57239723205566,14.5877895355225,-8.04886493623058e-16,-7.60999965667725,2.15999984741211,118,1,0,0,0,0,0
100.49870300293,-15.3847198486328,48.6774291992188,-8.87140846252441,13.0819311141968,0.0658692121505737,0.296878665685654,0.00947539322078228,132.347427368164,-0.227321773767471,-0.0597585663199425,0.0273921638727188,-4.21162414550781,15.4357452392578,-5.1577519636297e-16,-11.6300001144409,2.14999985694885,117,1,0,0,0,0,0
103.160598754883,-17.1061019897461,48.6761093139649,-8.52003860473633,13.332537651062,-0.288184106349945,-5.2297043800354,1.24802982807159,131.469802856445,-0.227321773767471,-0.0597585663199425,0.0273921638727188,-3.11051297187805,15.6947355270386,-3.80927974676559e-16,-17.3500003814697,1.92999994754791,111,1,0,0,0,0,0
106.654914855957,-19.2345676422119,48.7415924072266,-7.95686769485474,13.7080917358398,-0.00670633185654879,-9.84865093231201,1.96701633930206,129.343490600586,-0.214288488030434,-0.0724796429276466,0.0571166351437569,-1.42941606044769,15.9360208511353,-1.75052977251706e-16,-21.189998626709,2.05999994277954,106,1,0,0,0,0,0
109.969299316406,-21.0917549133301,48.7645988464356,-7.36931610107422,14.0912790298462,0.0114452727138996,-9.84865093231201,1.96701633930206,129.343490600586,-0.218040108680725,-0.0278251692652702,0.103428557515144,-0.298557996749878,15.9972143173218,-3.65628091342199e-17,-23.4099998474121,2.15999984741211,102,1,0,0,0,0,0
113.377044677734,-22.8023738861084,48.7551918029785,-6.58853673934937,14.5614929199219,-0.148694306612015,-15.1735792160034,2.36166429519653,126.995971679688,-0.40023672580719,-0.0581235289573669,0.119610905647278,1.39875996112823,15.9387407302856,1.71298702236349e-16,-26.0399990081787,2.1399998664856,96,1,0,0,0,0,0
117.186721801758,-24.4468307495117,48.7841453552246,-5.84466075897217,14.9747047424316,-0.159591645002365,-20.5153846740723,2.37702918052673,121.410713195801,-0.40023672580719,-0.0581235289573669,0.119610905647278,2.52272605895996,15.7998685836792,3.08944838417843e-16,-27.4599990844727,2.08999991416931,92,1,0,0,0,0,0
121.442001342773,-25.9292259216309,48.8441390991211,-4.48963022232056,15.6561908721924,-0.159512966871262,-20.5153846740723,2.37702918052673,121.410713195801,-0.186743065714836,-0.0686022117733955,0.27959206700325,4.18323278427124,15.4434633255005,5.12298284933169e-16,-25.6800003051758,2.03999996185303,86,1,0,0,0,0,0
124.562652587891,-26.761438369751,48.8814392089844,-3.28825187683105,16.1655521392822,0.129222333431244,-26.5655117034912,1.72038662433624,114.42049407959,-0.186743065714836,-0.0686022117733955,0.27959206700325,5.79660797119141,14.9130592346191,7.09879731308549e-16,-31.4899997711182,2.24000000953674,80,1,0,0,0,0,0
128.797317504883,-27.5659008026123,48.8626213073731,-2.18309211730957,16.558708190918,0.189079493284225,-27.2266330718994,1.5704345703125,106.20240020752,-0.115365587174892,-0.10570852458477,0.251819878816605,7.84314203262329,13.9457921981812,9.60507939494709e-16,-34.4899978637695,2.54999995231628,72,1,0,0,0,0,0
132.796844482422,-28.0153503417969,48.8064231872559,-0.419055700302124,17.0190296173096,0.116816252470016,-27.2266330718994,1.5704345703125,106.20240020752,0.0950698256492615,-0.166589722037315,0.352311283349991,8.80998802185059,13.3560514450073,1.07891234585078e-15,-35.4500007629395,2.71000003814697,68,1,0,0,0,0,0
