212.316329956055,-85.1558685302735,51.7198371887207,9.47993564605713,19.3399181365967,-1.65441715717316,-27.2237586975098,0.776162087917328,73.451904296875,0.258555144071579,-0.250048875808716,0.41001632809639,16,-3.5527136788005e-15,1.95943496413627e-15,-1.55999994277954,3.70999979972839,-112,1,0,0,0,0,0
217.659423828125,-82.4247055053711,52.2286109924317,11.1738185882568,18.4418144226074,-1.54770755767822,-26.4441146850586,0.976576089859009,63.7801208496094,-0.419432401657104,-0.0496856942772865,0.076024167239666,16,-3.5527136788005e-15,1.95943496413627e-15,-44.9899978637695,-3.03999996185303,-44,1,0,0,0,0,0
221.670272827148,-79.9595413208008,52.5308647155762,11.8740186691284,17.8705253601074,-0.310167998075485,-26.4441146850586,0.976576089859009,63.7801208496094,-0.419432401657104,-0.0496856942772865,0.076024167239666,16,-3.5527136788005e-15,1.95943496413627e-15,-44.9899978637695,-4.04999971389771,-44,1,0,0,0,0,0
226.59651184082,-76.5655059814454,52.5532684326172,13.0424356460571,16.8584403991699,0.499478816986084,-37.0539436340332,-0.752875626087189,59.7030868530273,-0.127515599131584,-0.122721493244171,0.288088858127594,16,-3.5527136788005e-15,1.95943496413627e-15,-44.9899978637695,-6.53999996185303,-44,1,0,0,0,0,0
230.233535766602,-73.6512603759766,52.4648361206055,14.2421951293945,15.800594329834,0.799959659576416,-37.0539436340332,-0.752875626087189,59.7030868530273,-0.127515599131584,-0.122721493244171,0.288088858127594,16,-3.5527136788005e-15,1.95943496413627e-15,-44.9799995422363,-6.89999961853027,-44,1,0,0,0,0,0
233.926239013672,-70.1861419677735,52.3388633728028,15.4997062683105,14.5181074142456,1.20827651023865,-40.4811363220215,-1.71181654930115,53.3433837890625,-0.0829177275300026,-0.144946530461311,0.193948060274124,16,-3.5527136788005e-15,1.95943496413627e-15,-44.9599990844727,-7.80999994277954,-44,1,0,0,0,0,0
237.34602355957,-66.4616622924805,52.1741905212403,16.5195465087891,13.4049549102783,1.30782163143158,-36.4699211120605,-3.62446546554565,44.6489372253418,-0.0829177275300026,-0.144946530461311,0.193948060274124,16,-3.5527136788005e-15,1.95943496413627e-15,-44.9099998474121,-7.27999973297119,-44,1,0,0,0,0,0
240.733688354492,-62.1446914672852,51.9386901855469,17.5688629150391,12.0499105453491,1.69699287414551,-36.4699211120605,-3.62446546554565,44.6489372253418,-0.0366841331124306,-0.184162333607674,0.411835014820099,16,-3.5527136788005e-15,1.95943496413627e-15,-44.8499984741211,-6.21000003814697,-44,1,0,0,0,0,0
243.315460205078,-58.2750091552735,51.684513092041,18.5966110229492,10.5445003509521,1.92748093605042,-37.7869338989258,-4.90568161010742,37.9052124023438,-0.255640238523483,-0.171903029084206,0.221714317798615,16,-3.5527136788005e-15,1.95943496413627e-15,-44.8499984741211,-5.42000007629395,-44,1,0,0,0,0,0
245.994750976562,-53.452262878418,51.3296203613282,19.5413188934326,8.89421367645264,2.12056398391724,-38.4522590637207,-4.86011075973511,29.514196395874,-0.255640238523483,-0.171903029084206,0.221714317798615,16,-3.5527136788005e-15,1.95943496413627e-15,-44.8499984741211,-4.19999980926514,-44,1,0,0,0,0,0
247.927383422852,-49.1838417053223,50.9725914001465,20.0650596618652,7.61510467529297,2.51099824905396,-38.4522590637207,-4.86011075973511,29.514196395874,-0.0391955077648163,-0.233724534511566,0.325638890266419,16,-3.5527136788005e-15,1.95943496413627e-15,-38.379997253418,-3.12999987602234,-44,1,0,0,0,0,0
249.965118408203,-43.5961685180665,50.3953971862793,20.7690944671631,5.51385831832886,2.4312915802002,-38.2340126037598,-4.45135641098022,23.3063297271729,-0.061971303075552,-0.266060203313827,0.250082612037659,16,-3.5527136788005e-15,1.95943496413627e-15,-44.8899993896484,-1.44999992847443,-44,1,0,0,0,0,0
251.189056396484,-39.064380645752,49.9422416687012,21.1271476745605,3.91135406494141,2.10320329666138,-36.0375442504883,-4.10612678527832,14.1859369277954,0.116653382778168,-0.302732110023498,0.364793002605438,16,-3.5527136788005e-15,1.95943496413627e-15,-44.8999977111816,-0.610000014305115,-44,1,0,0,0,0,0
252.228149414062,-32.2976341247559,49.425464630127,21.3927955627441,1.68043529987335,1.53675377368927,-36.0375442504883,-4.10612678527832,14.1859369277954,0.116653382778168,-0.302732110023498,0.364793002605438,16,-3.5527136788005e-15,1.95943496413627e-15,-44.9199981689453,0.0199999995529652,-44,1,0,0,0,0,0
252.321090698242,-27.151502609253,49.1659774780274,21.3373832702637,-1.17673492431641,1.10109233856201,-39.1215782165527,-2.73133182525635,1.78813982009888,-0.170609146356583,-0.313756167888641,0.190925031900406,16,-3.5527136788005e-15,1.95943496413627e-15,-44.9899978637695,0.639999985694885,-44,1,0,0,0,0,0
252.03955078125,-23.3210697174073,49.0295944213867,21.0509376525879,-3.08113050460815,0.498880684375763,-37.0913925170898,0.384444653987885,-7.14013910293579,-0.170609146356583,-0.313756167888641,0.190925031900406,16,-3.5527136788005e-15,1.95943496413627e-15,-44.9899978637695,0.75,-44,1,0,0,0,0,0
251.006607055664,-17.4812545776368,48.9759635925293,20.3281173706055,-5.49924564361572,0.133143991231918,-37.0913925170898,0.384444653987885,-7.14013910293579,-0.0689894706010818,-0.35216897726059,0.302597403526306,16,-3.5527136788005e-15,1.95943496413627e-15,-44.9799995422363,0.680000007152557,-44,1,0,0,0,0,0
249.86116027832,-13.4479122161866,48.97509765625,19.475341796875,-7.32432460784912,0.565898656845093,-39.4938583374023,1.12626838684082,-16.0545883178711,-0.0417661629617214,-0.299877345561981,0.26757949590683,16,-3.5527136788005e-15,1.95943496413627e-15,-41.3699989318848,1.12999999523163,-44,1,0,0,0,0,0
247.99853515625,-8.38779830932623,48.8836708068848,18.476806640625,-9.10867595672607,0.53277713060379,-39.4938583374023,1.12626838684082,-16.0545883178711,-0.0417661629617214,-0.299877345561981,0.26757949590683,16,-3.5527136788005e-15,1.95943496413627e-15,-36.2999992370605,1.5699999332428,-44,1,0,0,0,0,0
245.875564575195,-3.94102334976202,48.7597618103028,17.0243110656738,-11.1753816604614,0.230376213788986,-40.9873008728027,3.2473361492157,-27.2490196228027,0.0811548084020615,-0.313979208469391,0.327421844005585,16,-3.5527136788005e-15,1.95943496413627e-15,-25.8299999237061,1.75999999046326,-44,1,0,0,0,0,0
243.323684692383,0.216212868690437,48.7060928344727,15.7032623291016,-12.634651184082,0.0266617313027382,-40.9873008728027,3.2473361492157,-27.2490196228027,0.0811548084020615,-0.313979208469391,0.327421844005585,16,-3.5527136788005e-15,1.95943496413627e-15,-17.5299987792969,1.70999991893768,-44,1,0,0,0,0,0
240.384872436523,4.04279947280878,48.7270736694336,14.3048133850098,-13.8380794525146,-0.0205871425569057,-37.6881408691406,2.86726307868958,-39.3609275817871,0.247259199619293,-0.247453108429909,0.29408872127533,16,-3.5527136788005e-15,1.95943496413627e-15,-5.67000007629395,1.5699999332428,-44,1,0,0,0,0,0
236.891799926758,7.81268024444575,48.7703323364258,13.3834600448608,-14.3877487182617,0.0133453672751784,-26.720308303833,3.86030220985413,-45.3059616088867,0.247259199619293,-0.247453108429909,0.29408872127533,16,-3.5527136788005e-15,1.95943496413627e-15,-0.610000014305115,1.54999995231628,-44,1,0,0,0,0,0
233.798202514648,10.820122718811,48.7945098876953,12.5654144287109,-14.6961116790771,-0.207252502441406,-13.2625970840454,3.80573487281799,-51.3169937133789,0.787017226219177,-0.1270692050457,0.201523780822754,16,-3.5527136788005e-15,1.95943496413627e-15,4.82999992370605,1.3199999332428,-44,1,0,0,0,0,0
230.088790893555,14.2155981063842,48.9041748046875,12.0705366134644,-14.7600727081299,-0.431260079145432,-13.2625970840454,3.80573487281799,-51.3169937133789,0.482855141162872,-0.0603094585239887,0.209890186786652,16,-3.5527136788005e-15,1.95943496413627e-15,6.94000005722046,0.959999978542328,-44,1,0,0,0,0,0
226.940155029297,16.9712162017822,49.0507965087891,11.724081993103,-14.7165384292603,-0.602308094501495,-7.16955757141113,3.83602237701416,-53.7442665100098,0.356464833021164,-0.0157455168664455,0.0944125577807426,16,-3.5527136788005e-15,1.95943496413627e-15,8.27999973297119,0.550000011920929,-44,1,0,0,0,0,0
223.229827880859,20.1285037994384,49.2722854614258,11.6086359024048,-14.4727382659912,-0.36393791437149,-1.65832889080048,3.79019951820374,-54.2196388244629,0.423524022102356,0.0468939170241356,-0.028434980660677,16,-3.5527136788005e-15,1.95943496413627e-15,8.32999992370605,-0.0499999970197678,-44,1,0,0,0,0,0
219.834289550781,23.0237617492675,49.4425506591797,11.8099241256714,-14.1718530654907,-0.427118718624115,7.83797740936279,2.59739279747009,-54.4030456542969,0.423524022102356,0.0468939170241356,-0.028434980660677,16,-3.5527136788005e-15,1.95943496413627e-15,6.62999963760376,-0.28999999165535,-44,1,0,0,0,0,0
216.230346679688,26.2294120788574,49.5959968566895,12.0357875823975,-13.8276252746582,-0.540798842906952,7.83797740936279,2.59739279747009,-54.4030456542969,0.183305457234383,0.0349169075489044,0.128212049603462,16,-3.5527136788005e-15,1.95943496413627e-15,4.25,-0.819999992847443,-44,1,0,0,0,0,0
212.98454284668,29.2449588775634,49.7715530395508,12.1311206817627,-13.6379022598267,-0.294720441102982,8.00075435638428,1.70665860176086,-57.1562423706055,0.183305457234383,0.0349169075489044,0.128212049603462,16,-3.5527136788005e-15,1.95943496413627e-15,3.77999997138977,-0.939999997615814,-44,1,0,0,0,0,0
206.602523803711,35.3099746704101,49.8702964782715,12.2941980361938,-13.4500608444214,0.350748687982559,8.00075435638428,1.70665860176086,-57.1562423706055,-0.111001811921597,0.0894627571105957,-0.0421285107731819,16,-3.5527136788005e-15,1.95943496413627e-15,2.52999997138977,-0.689999997615814,-44,1,0,0,0,0,0
206.602523803711,35.3099746704101,49.8702964782715,12.4797410964966,-13.3148813247681,0.726466357707977,8.0489330291748,-0.775332272052765,-54.3394470214844,-0.111001811921597,0.0894627571105957,-0.0421285107731819,16,-3.5527136788005e-15,1.95943496413627e-15,1.46999990940094,-0.209999993443489,-44,1,0,0,0,0,0
202.406051635742,39.4163475036621,49.6402397155762,12.7708082199097,-13.1505117416382,0.871956467628479,8.0489330291748,-0.775332272052765,-54.3394470214844,0.000508582219481468,0.0539339669048786,-0.0752525255084038,16,-3.5527136788005e-15,1.95943496413627e-15,-0.25,0.610000014305115,-44,1,0,0,0,0,0
199.548522949219,42.2864341735839,49.4435729980469,12.9026851654053,-13.1026906967163,0.792202949523926,6.40506410598755,-0.849254667758942,-54.6917266845703,0.000508582219481468,0.0539339669048786,-0.0752525255084038,16,-3.5527136788005e-15,1.95943496413627e-15,-1.43999993801117,1.18999993801117,-44,1,0,0,0,0,0
196.713928222656,45.1753005981445,49.272445678711,12.9868698120117,-13.125340461731,0.7968390583992,3.38126540184021,-1.1547075510025,-54.2896614074707,-0.129152253270149,0.00732097355648876,0.0537379533052444,16,-3.5527136788005e-15,1.95943496413627e-15,-1.64999997615814,1.5699999332428,-44,1,0,0,0,0,0
190.461990356445,51.5318374633789,48.8922805786133,13.0028266906738,-13.2078952789307,0.795839190483093,3.38126540184021,-1.1547075510025,-54.2896614074707,-0.169864520430565,0.02532809227705,-0.0646330341696739,16,-3.5527136788005e-15,1.95943496413627e-15,-1.5,2.23000001907349,-44,1,0,0,0,0,0
186.762969970703,55.2174797058105,48.6625289916992,12.9504060745239,-13.3211421966553,0.70983874797821,-0.724601149559021,-0.960291385650635,-53.0023574829102,-0.171870574355125,-0.0273759216070175,-0.0240068025887012,16,0.00132499996107072,1.95943496413627e-15,-1.0900000333786,2.67999982833862,-44,1,0,0,0,0,0
183.554641723633,58.349609375,48.5197486877442,12.8731021881104,-13.4444789886475,0.468903690576553,-0.724601149559021,-0.960291385650635,-53.0023574829102,-0.171870574355125,-0.0273759216070175,-0.0240068025887012,15.9998846054077,0.0606970004737377,1.9594207763344e-15,0.140000000596046,3.11999988555908,-44,1,0,0,0,0,0
180.049560546875,61.7165069580078,48.4429931640625,12.8106002807617,-13.5172443389893,0.108157202601433,0.201834917068481,0.284097015857697,-53.8085632324219,-0.171870574355125,-0.0273759216070175,-0.0240068025887012,15.9995803833008,0.115838997066021,1.95938350688472e-15,0.899999976158142,3.24000000953674,-44,1,0,0,0,0,0
180.049560546875,61.7165069580078,48.4429931640625,12.7789649963379,-13.525276184082,-0.137140229344368,0.201834917068481,0.284097015857697,-53.8085632324219,0.0417051874101162,-0.0574489049613476,0.0521034896373749,15.9935731887817,0.45346400141716,1.95864785877003e-15,3.27999997138977,3.15999984741211,-43,1,0,0,0,0,0
173.830947875977,67.6234512329101,48.458366394043,12.6275396347046,-13.5389308929443,-0.177528366446495,0.82553631067276,1.47179079055786,-55.3920059204102,-0.0580097511410713,-0.0227686800062656,0.0712105259299278,15.9873285293579,0.636663019657135,1.95788298801866e-15,4.73999977111816,3.25,-42,1,0,0,0,0,0
170.852172851563,70.4082870483398,48.4867515563965,12.5223073959351,-13.5107803344727,-0.312316447496414,2.14583945274353,2.32810068130493,-55.4160995483398,0.104760065674782,-0.0369940511882305,-0.0242185201495886,15.9354248046875,1.43604695796967,1.95152664102423e-15,9.84000015258789,3.16999983787537,-39,1,0,0,0,0,0
167.343933105469,73.6820678710937,48.5523452758789,12.509162902832,-13.4143581390381,-0.528024733066559,2.14583945274353,2.32810068130493,-55.4160995483398,0.104760065674782,-0.0369940511882305,-0.0242185201495886,15.8996734619141,1.78896105289459,1.94714832771987e-15,11.5299997329712,2.91999983787537,-38,1,0,0,0,0,0
163.875793457031,76.9618606567382,48.6711463928223,12.5520143508911,-13.2764577865601,-0.59346741437912,4.95124959945679,3.19881916046143,-54.9901084899902,0.169376969337463,-0.0192049648612738,-0.00406139902770519,15.8502540588379,2.18390512466431,1.94109627731174e-15,13.0999994277954,2.73000001907349,-37,1,0,0,0,0,0
160.735565185547,80.0091323852539,48.8240966796875,12.6778802871704,-13.036717414856,-0.850725471973419,4.95124959945679,3.19881916046143,-54.9901084899902,0.169376969337463,-0.0192049648612738,-0.00406139902770519,15.5927820205688,3.58680200576782,1.90956505233372e-15,19.5799999237061,2.3899998664856,-32,1,0,0,0,0,0
157.636032104492,83.1012649536133,49.0174255371094,12.7999505996704,-12.7906665802002,-0.83947765827179,8.37508869171143,3.60072207450867,-54.9543571472168,0.139857590198517,0.00668529793620109,-0.0140173360705376,15.3115215301514,4.64298391342163,1.87512066929187e-15,23.4300003051758,1.83999991416931,-28,1,0,0,0,0,0
154.595993041992,86.2238845825195,49.1634254455567,12.9951944351196,-12.5062437057495,-0.41291218996048,8.37508869171143,3.60072207450867,-54.9543571472168,0.139857590198517,0.00668529793620109,-0.0140173360705376,14.7335548400879,6.23877954483032,1.80434005512045e-15,29.6999988555908,1.78999996185303,-22,1,0,0,0,0,0
151.635437011719,89.4071502685547,49.1985626220703,13.547905921936,-11.9595212936401,-0.0400611273944378,17.4595546722412,2.36027860641479,-51.7136344909668,0.606582045555115,0.0191801823675632,-0.203435629606247,-6.48629188537598,14.626277923584,-7.9434167458357e-16,42.7999992370605,2.09999990463257,158,1,0,0,0,0,0
148.80859375,92.7321090698242,49.148494720459,14.1992015838623,-11.361533164978,0.469548940658569,17.4595546722412,2.36027860641479,-51.7136344909668,0.606582045555115,0.0191801823675632,-0.203435629606247,-6.48629188537598,14.626277923584,-7.9434167458357e-16,42.8099975585938,2.50999999046326,158,1,0,0,0,0,0
146.144577026367,96.2384338378906,48.9695510864258,14.8252048492432,-10.802414894104,0.979492723941803,33.9825820922852,0.685386538505554,-46.0973625183105,0.476466774940491,-0.0736918151378632,-0.23714853823185,-6.48629188537598,14.626277923584,-7.9434167458357e-16,42.8099975585938,3.24000000953674,158,1,0,0,0,0,0
143.267013549805,100.581474304199,48.6015090942383,15.8693723678589,-9.82855987548828,1.31652164459229,33.9825820922852,0.685386538505554,-46.0973625183105,0.476466774940491,-0.0736918151378632,-0.23714853823185,-6.48629188537598,14.626277923584,-7.9434167458357e-16,42.7999992370605,4.52999973297119,158,1,0,0,0,0,0
141.241638183594,104.234268188477,48.2540435791016,17.2891502380371,-8.29434108734131,1.53603494167328,38.4336242675781,-1.75028502941132,-36.6292343139648,0.166941270232201,-0.208252727985382,-0.407974690198898,-6.48629188537598,14.626277923584,-7.9434167458357e-16,42.7900009155273,5.96000003814697,158,1,0,0,0,0,0
139.197601318359,108.87508392334,47.7877731323242,18.4483757019043,-6.71416759490967,1.54247546195984,42.3014335632324,-2.13766860961914,-26.7906494140625,0.0635857656598091,-0.321230441331863,-0.271321147680283,-6.48629188537598,14.626277923584,-7.9434167458357e-16,42.7999992370605,6.94999980926514,158,1,0,0,0,0,0
137.77392578125,113.387962341309,47.3596000671387,19.52516746521,-4.75587129592896,1.17213344573975,42.3014335632324,-2.13766860961914,-26.7906494140625,0.0635857656598091,-0.321230441331863,-0.271321147680283,-6.48629188537598,14.626277923584,-7.9434167458357e-16,42.8099975585938,8.22999954223633,158,1,0,0,0,0,0
136.630828857422,119.816566467285,46.9106216430664,20.407886505127,-2.53800654411316,0.79553085565567,43.457389831543,0.268497079610825,-16.6407356262207,-0.0769211649894714,-0.396521240472794,-0.278079241514206,-6.48629188537598,14.626277923584,-7.9434167458357e-16,42.7999992370605,9.10999965667725,158,1,0,0,0,0,0
136.403198242188,123.124885559082,46.7314872741699,20.8154220581055,-0.990380764007568,0.635575711727142,43.6004524230957,1.32667899131775,-5.13007545471191,-0.0769211649894714,-0.396521240472794,-0.278079241514206,-6.48629188537598,14.626277923584,-7.9434167458357e-16,42.7900009155273,9.44999980926514,158,1,0,0,0,0,0
136.506011962891,128.608871459961,46.4826316833496,21.1541385650635,1.99716901779175,0.183333501219749,43.6004524230957,1.32667899131775,-5.13007545471191,0.174640208482742,-0.382279604673386,-0.33639732003212,-6.48629188537598,14.626277923584,-7.9434167458357e-16,42.75,10.2699995040894,158,1,0,0,0,0,0
137.320266723633,134.116149902344,46.3756408691406,21.0614624023438,4.59079647064209,-0.434400171041489,45.6117744445801,3.38155794143677,6.97093057632446,0.0345609746873379,-0.434257179498673,-0.250532507896423,-6.48629188537598,14.626277923584,-7.9434167458357e-16,42.6800003051758,10.3099994659424,158,1,0,0,0,0,0
138.562286376953,138.71125793457,46.39208984375,20.5964336395264,7.12577056884766,-0.759806454181671,46.9833145141602,4.24624967575073,14.7565727233887,-0.0260914657264948,-0.390231132507324,-0.3586246073246,-6.48629188537598,14.626277923584,-7.9434167458357e-16,42.6699981689453,10.3199996948242,158,1,0,0,0,0,0
140.451110839844,143.576354980469,46.495849609375,19.628870010376,9.75694942474365,-1.30905699729919,45.7059936523438,4.83222150802612,27.0726070404053,-0.0260914657264948,-0.390231132507324,-0.3586246073246,-6.48629188537598,14.626277923584,-7.9434167458357e-16,42.629997253418,9.77999973297119,158,1,0,0,0,0,0
142.893539428711,148.196701049805,46.7195014953613,18.6035957336426,11.4900760650635,-1.61313581466675,45.7059936523438,4.83222150802612,27.0726070404053,0.0723526775836945,-0.427525997161865,-0.332490831613541,-6.48629188537598,14.626277923584,-7.9434167458357e-16,42.5799980163574,9.28999996185303,158,1,0,0,0,0,0
145.813552856445,152.498153686523,47.0321502685547,16.6651592254639,13.9007415771484,-1.84415149688721,47.2902679443359,5.75408983230591,39.5054397583008,0.0723526775836945,-0.427525997161865,-0.332490831613541,-6.48629188537598,14.626277923584,-7.9434167458357e-16,42.5299987792969,8.34000015258789,158,1,0,0,0,0,0
149.171920776367,156.401473999023,47.404842376709,14.9096412658691,15.4583568572998,-1.99192595481873,47.2902679443359,5.75408983230591,39.5054397583008,0.0181618668138981,-0.452661126852036,-0.357967734336853,-6.48629188537598,14.626277923584,-7.9434167458357e-16,42.3899993896484,7.69999980926514,158,1,0,0,0,0,0
153.244720458984,160.099044799805,47.8615226745606,12.291407585144,17.1348285675049,-2.59438800811768,49.154598236084,7.7774920463562,51.3644485473633,0.111268728971481,-0.480913788080216,-0.227221384644508,-6.48629188537598,14.626277923584,-7.9434167458357e-16,42.189998626709,6.02999973297119,158,1,0,0,0,0,0
157.725448608398,163.115188598633,48.4725952148438,10.0414619445801,18.1949405670166,-2.71587324142456,49.1531600952148,8.7390308380127,64.6894836425781,0.111268728971481,-0.480913788080216,-0.227221384644508,-6.48629188537598,14.626277923584,-7.9434167458357e-16,42.2700004577637,4.77999973297119,158,1,0,0,0,0,0
161.730560302734,165.174362182617,49.0192489624024,7.97072124481201,18.8535270690918,-2.50616908073425,49.1531600952148,8.7390308380127,64.6894836425781,-0.146392300724983,-0.340933948755264,-0.364373445510864,-6.48629188537598,14.626277923584,-7.9434167458357e-16,42.2799987792969,3.24000000953674,158,1,0,0,0,0,0
165.876983642578,166.828430175781,49.5199241638184,5.78932952880859,19.2079639434814,-2.2685809135437,47.834659576416,8.50427341461182,75.9006652832031,-0.146392300724983,-0.340933948755264,-0.364373445510864,-6.48629188537598,14.626277923584,-7.9434167458357e-16,42.3099975585938,2.3199999332428,158,1,0,0,0,0,0
170.810791015625,168.275634765625,50.0484352111817,3.50223326683044,19.2978763580322,-2.03722810745239,47.834659576416,8.50427341461182,75.9006652832031,-0.145653262734413,-0.298035353422165,-0.305242836475372,-6.48629188537598,14.626277923584,-7.9434167458357e-16,42.439998626709,1,158,1,0,0,0,0,0
175.782730102539,169.209243774414,50.5380516052246,1.83927190303802,19.1627578735352,-1.64303493499756,45.4292221069336,7.11300086975098,85.5809097290039,-0.207054644823074,-0.194675073027611,-0.371239513158798,-6.48629188537598,14.626277923584,-7.9434167458357e-16,42.5999984741211,0.28999999165535,158,1,0,0,0,0,0
181.478637695313,169.719711303711,51.0099792480469,0.115038514137268,18.8919105529785,-1.240478515625,45.4292221069336,7.11300086975098,85.5809097290039,-0.207054644823074,-0.194675073027611,-0.371239513158798,-6.48629188537598,14.626277923584,-7.9434167458357e-16,42.6800003051758,-0.449999988079071,158,1,0,0,0,0,0
184.479049682617,169.743469238281,51.2013740539551,-1.73599398136139,18.4501686096191,-0.907981097698212,44.8182640075684,3.66400933265686,99.4338836669922,-0.207054644823074,-0.194675073027611,-0.371239513158798,-6.48629188537598,14.626277923584,-7.9434167458357e-16,42.7399978637695,-0.870000004768372,158,1,0,0,0,0,0
188.906204223633,169.436004638672,51.4349822998047,-3.44019031524658,17.8870506286621,-0.437477946281433,44.8182640075684,3.66400933265686,99.4338836669922,-0.05853670835495,-0.221178859472275,-0.320424407720566,-6.48629188537598,14.626277923584,-7.9434167458357e-16,42.7799987792969,-1.17999994754791,158,1,0,0,0,0,0
193.576461791992,168.651718139648,51.5866394042969,-5.01866054534912,17.2272357940674,-0.00795638468116522,45.4789848327637,1.91840291023254,109.049690246582,-0.031735934317112,-0.216660529375076,-0.346449792385101,-6.48629188537598,14.626277923584,-7.9434167458357e-16,42.8099975585938,-1.12999999523163,158,1,0,0,0,0,0
201.721710205078,166.028594970703,51.5714111328125,-6.8832836151123,16.2326202392578,0.212336212396622,45.1658935546875,0.201056972146034,119.438194274902,-0.108239606022835,-0.303425669670105,-0.357194393873215,-6.48629188537598,14.626277923584,-7.9434167458357e-16,42.8099975585938,-0.939999997615814,158,1,0,0,0,0,0
205.123382568359,164.265243530273,51.526351928711,-8.64267730712891,14.9989900588989,0.113325536251068,45.1658935546875,0.201056972146034,119.438194274902,-0.108239606022835,-0.303425669670105,-0.357194393873215,-6.48629188537598,14.626277923584,-7.9434167458357e-16,42.8099975585938,-0.959999978542328,158,1,0,0,0,0,0
208.508422851563,161.958572387695,51.5100135803223,-10.1631746292114,13.6728029251099,-0.00323134893551469,43.4380874633789,0.696137070655823,129.538055419922,-0.117528423666954,-0.333702206611633,-0.306319981813431,-5.62698411941528,14.9778852462769,-6.89106830612288e-16,35.5999984741211,-1.12000000476837,155,1,0,0,0,0,0
211.841354370117,159.038101196289,51.5260162353516,-11.480185508728,12.2429399490356,-0.108742751181126,40.4878616333008,1.17099785804749,140.257202148438,-0.23302249610424,-0.296223104000092,-0.319361746311188,-4.08989000320435,15.4684448242188,-5.00867098853939e-16,24.1000003814697,-1.28999996185303,149,1,0,0,0,0,0
214.769271850586,155.795333862305,51.5706291198731,-12.5746870040894,10.7104692459106,-0.241490617394447,40.4878616333008,1.17099785804749,140.257202148438,-0.23302249610424,-0.296223104000092,-0.319361746311188,-1.86660194396973,15.8907461166382,-2.28592804882017e-16,2.3199999332428,-1.68999993801117,141,1,0,0,0,0,0
217.143402099609,152.619079589844,51.6860084533692,-13.2813997268677,9.36096668243408,-0.775274872779846,27.8662567138672,2.10313129425049,148.850616455078,-0.979260504245758,-0.181652516126633,-0.200825303792953,5.10347127914429,-15.1642532348633,6.24994959774169e-16,42.7799987792969,-2.6399998664856,-100,1,0,0,0,0,0
219.320846557617,149.337036132812,51.9046211242676,-13.5761442184448,8.54438018798828,-0.88117927312851,27.8662567138672,2.10313129425049,148.850616455078,-0.979260504245758,-0.181652516126633,-0.200825303792953,5.10347127914429,-15.1642532348633,6.24994959774169e-16,42.7999992370605,-3.24000000953674,-97,1,0,0,0,0,0
221.310348510742,145.981872558594,52.1320991516114,-13.940957069397,7.51652574539185,-0.70054018497467,28.5278759002686,0.749275684356689,155.641708374023,0.549006819725037,-0.0462481081485749,-0.275767952203751,5.10347127914429,-15.1642532348633,6.24994959774169e-16,42.8099975585938,-3.64999985694885,-95,1,0,0,0,0,0
223.174057006836,142.244537353516,52.3009071350098,-14.3088302612305,6.32784080505371,-0.233320832252502,28.5278759002686,0.749275684356689,155.641708374023,0.549006819725037,-0.0462481081485749,-0.275767952203751,5.10347127914429,-15.1642532348633,6.24994959774169e-16,42.8099975585938,-3.95999979972839,-91,1,0,0,0,0,0
224.485565185547,139.003067016602,52.3281898498535,-14.6639528274536,4.97525835037231,0.0698210000991821,36.8260765075684,-0.0758670717477798,161.274673461914,0.281426429748535,-0.133222281932831,-0.220343232154846,5.10347127914429,-15.1642532348633,6.24994959774169e-16,42.8099975585938,-3.8899998664856,-89,1,0,0,0,0,0
224.485565185547,139.003067016602,52.3281898498535,-15.0592136383057,3.20129084587097,0.355913788080215,41.8033752441406,-0.962928295135498,168.817230224609,0.281426429748535,-0.133222281932831,-0.220343232154846,5.10347127914429,-15.1642532348633,6.24994959774169e-16,42.7999992370605,-3.69999980926514,-86,1,0,0,0,0,0
226.322052001953,131.344161987305,52.151351928711,-15.3033695220947,1.6763471364975,0.687404572963715,41.8033752441406,-0.962928295135498,168.817230224609,0.085838295519352,-0.18676070868969,-0.350969523191452,5.10347127914429,-15.1642532348633,6.24994959774169e-16,42.7700004577637,-3.34999990463257,-84,1,0,0,0,0,0
226.571762084961,128.199737548828,51.969955444336,-15.4698276519775,-0.37298047542572,1.05720555782318,44.3483734130859,-3.15654110908508,178.812515258789,0.0350129418075085,-0.267446309328079,-0.342390060424805,5.10347127914429,-15.1642532348633,6.24994959774169e-16,42.75,-2.52999997138977,-80,1,0,0,0,0,0
226.406707763672,123.768745422363,51.6356048583985,-15.4520483016968,-1.77998030185699,1.14021790027618,43.527400970459,-3.38845038414001,-174.199432373047,-0.110399223864079,-0.310819655656815,-0.335111290216446,5.10347127914429,-15.1642532348633,6.24994959774169e-16,42.75,-1.70999991893768,-77,1,0,0,0,0,0
225.839263916016,120.299659729004,51.3580665588379,-15.2752838134766,-3.54323244094849,1.13131618499756,43.527400970459,-3.38845038414001,-174.199432373047,-0.110399223864079,-0.310819655656815,-0.335111290216446,5.10347127914429,-15.1642532348633,6.24994959774169e-16,42.7599983215332,-1.42999994754791,-76,1,0,0,0,0,0
224.848892211914,116.871231079102,51.0712242126465,-14.7330121994019,-5.96458768844604,1.1259434223175,43.5356979370117,-3.12401580810547,-162.196060180664,0.0171857941895723,-0.341665893793106,-0.317668676376343,5.10347127914429,-15.1642532348633,6.24994959774169e-16,42.7700004577637,-0.599999964237213,-72,1,0,0,0,0,0
223.333038330078,113.279777526855,50.7557640075684,-13.9868936538696,-7.9546685218811,1.13452172279358,43.8955612182617,-2.49738812446594,-151.61360168457,0.0171857941895723,-0.341665893793106,-0.317668676376343,5.10347127914429,-15.1642532348633,6.24994959774169e-16,42.7799987792969,0.299999982118607,-69,1,0,0,0,0,0
221.363876342773,109.841232299805,50.420394897461,-13.1102857589722,-9.6290922164917,1.24840891361237,43.8955612182617,-2.49738812446594,-151.61360168457,0.0313607715070248,-0.338344544172287,-0.329055458307266,5.10347127914429,-15.1642532348633,6.24994959774169e-16,42.7900009155273,1.00999999046326,-66,1,0,0,0,0,0
219.206100463867,106.893173217773,50.0879707336426,-11.7437477111816,-11.5343065261841,1.22828459739685,42.8798065185547,-2.05102252960205,-140.989410400391,0.0313607715070248,-0.338344544172287,-0.329055458307266,5.10347127914429,-15.1642532348633,6.24994959774169e-16,42.8099975585938,2.10999989509583,-63,1,0,0,0,0,0
215.976455688477,103.479118347168,49.6704025268555,-10.051905632019,-13.2901906967163,0.76231837272644,42.429630279541,0.387761473655701,-131.712936401367,-0.0350401289761066,-0.371906459331513,-0.306250274181366,5.10347127914429,-15.1642532348633,6.24994959774169e-16,42.8099975585938,2.78999996185303,-59,1,0,0,0,0,0
212.780487060547,100.958274841309,49.4152565002442,-8.26709365844727,-14.6856470108032,0.1889628469944,42.429630279541,0.387761473655701,-131.712936401367,-0.0905434936285019,-0.407329559326172,-0.227075919508934,5.10347127914429,-15.1642532348633,6.24994959774169e-16,42.7700004577637,2.76999998092651,-57,1,0,0,0,0,0
209.215057373047,98.8893432617187,49.3143920898438,-6.57909440994263,-15.6471424102783,-0.213989272713661,40.7947311401367,2.68327260017395,-120.930030822754,-0.0905434936285019,-0.407329559326172,-0.227075919508934,5.10347127914429,-15.1642532348633,6.24994959774169e-16,42.7399978637695,2.66999983787537,-54,1,0,0,0,0,0
202.097640991211,96.2904586791992,49.413013458252,-4.2803807258606,-16.626974105835,-0.649662554264069,41.5496101379395,4.60794830322266,-112.710952758789,0.0304152183234692,-0.329237699508667,-0.184990376234055,5.10347127914429,-15.1642532348633,6.24994959774169e-16,42.6399993896484,2.22000002861023,-51,1,0,0,0,0,0
197.988693237305,95.517463684082,49.5735702514649,-2.5031111240387,-17.1290988922119,-0.87504118680954,41.5496101379395,4.60794830322266,-112.710952758789,0.0304152183234692,-0.329237699508667,-0.184990376234055,5.10347127914429,-15.1642532348633,6.24994959774169e-16,42.6399993896484,1.78999996185303,-49,1,0,0,0,0,0
197.988693237305,95.517463684082,49.5735702514649,-0.683492064476013,-17.4930400848389,-0.716964244842529,41.8364028930664,4.56154203414917,-105.742309570312,0.0304152183234692,-0.329237699508667,-0.184990376234055,5.10347127914429,-15.1642532348633,6.24994959774169e-16,42.7199974060059,1.36000001430511,-45,1,0,0,0,0,0
193.087585449219,95.1245422363281,49.756519317627,0.593035280704498,-17.6616744995117,-0.444523602724075,42.3649063110352,2.66547870635986,-96.2966613769531,0.0334182754158974,-0.206237405538559,-0.383632212877274,5.10347127914429,-15.1642532348633,6.24994959774169e-16,42.7700004577637,1.36000001430511,-42,1,0,0,0,0,0
184.521606445313,95.6197967529296,49.7874031066895,2.56778240203857,-17.7708320617676,-0.0778006091713905,42.3649063110352,2.66547870635986,-96.2966613769531,-0.125578552484512,-0.209831312298775,-0.342145770788193,5.10347127914429,-15.1642532348633,6.24994959774169e-16,42.8099975585938,1.57999992370605,-39,1,0,0,0,0,0
180.597442626953,96.3922576904296,49.7258033752442,4.45088195800781,-17.6890335083008,-0.00788783840835094,43.3920936584473,0.582411170005798,-86.231086730957,-0.00227456726133823,-0.286780387163162,-0.368420332670212,5.10347127914429,-15.1642532348633,6.24994959774169e-16,42.8099975585938,1.75999999046326,-39,1,0,0,0,0,0
176.340301513672,97.6943054199218,49.6347694396973,6.36502933502197,-17.3984622955322,0.0797258168458939,43.3920936584473,0.582411170005798,-86.231086730957,-0.00227456726133823,-0.286780387163162,-0.368420332670212,5.10347127914429,-15.1642532348633,6.24994959774169e-16,38.8699989318848,2.10999989509583,-39,1,0,0,0,0,0
176.340301513672,97.6943054199218,49.6347694396973,8.2068395614624,-16.9114971160889,0.00823747925460339,44.4486656188965,0.64409077167511,-75.7456283569336,-0.00227456726133823,-0.286780387163162,-0.368420332670212,5.10347127914429,-15.1642532348633,6.24994959774169e-16,33.8299980163574,2.30999994277954,-40,1,0,0,0,0,0
167.538757324219,102.205307006836,49.4290962219238,10.5988616943359,-15.9363126754761,-0.199001684784889,42.5619010925293,1.57842755317688,-65.506477355957,-0.187621846795082,-0.34328156709671,-0.273732423782349,5.10347127914429,-15.1642532348633,6.24994959774169e-16,23.189998626709,2.49000000953674,-42,1,0,0,0,0,0
163.780853271484,105.011512756348,49.4142036437988,12.0537042617798,-15.088773727417,-0.522107303142548,42.5619010925293,1.57842755317688,-65.506477355957,-0.187621846795082,-0.34328156709671,-0.273732423782349,5.10347127914429,-15.1642532348633,6.24994959774169e-16,14.1399993896484,2.33999991416931,-43,1,0,0,0,0,0
160.25569152832,108.154235839844,49.5181655883789,13.3750867843628,-14.0566158294678,-1.10054087638855,31.0856323242188,3.21031022071838,-53.596061706543,-0.592459976673126,-0.194608733057976,-0.313417464494705,5.10347127914429,-15.1642532348633,6.24994959774169e-16,-0.0299999993294477,1.6599999666214,-45,1,0,0,0,0,0
156.675796508789,111.799613952637,49.7910957336426,14.0986394882202,-13.2473697662354,-1.50782239437103,31.0856323242188,3.21031022071838,-53.596061706543,-0.592459976673126,-0.194608733057976,-0.313417464494705,5.10347127914429,-15.1642532348633,6.24994959774169e-16,-8.22999954223633,0.899999976158142,-47,1,0,0,0,0,0
153.272171020508,115.561027526855,50.1444549560547,14.4095096588135,-12.6247978210449,-1.59931182861328,19.3683853149414,3.77660536766052,-46.4977531433105,-0.617327332496643,-0.117121517658234,-0.204537600278854,5.10347127914429,-15.1642532348633,6.24994959774169e-16,-16.8500003814697,-0.239999994635582,-50,1,0,0,0,0,0
150.207916259766,119.045448303223,50.4837379455567,14.3728160858154,-12.3770112991333,-1.5820951461792,8.17945766448975,4.23938465118408,-43.6831741333008,-0.743009269237518,-0.0585567206144333,-0.110344924032688,2.91240406036377,-15.7327013015747,3.56666621726591e-16,-29.6299991607666,-0.979999959468842,-58,1,0,0,0,0,0
147.168884277344,122.468368530273,50.7953453063965,14.0296258926392,-12.398265838623,-1.35630857944489,8.17945766448975,4.23938465118408,-43.6831741333008,-0.743009269237518,-0.0585567206144333,-0.110344924032688,0.0968590006232262,-15.9997072219849,1.18618063799574e-17,-41.2099990844727,-1.79999995231628,-69,1,0,0,0,0,0
144.342544555664,125.475494384766,51.0424423217774,13.2339391708374,-12.8611326217651,-1.28916871547699,-14.0700616836548,4.30874681472778,-44.2802200317383,-0.947526395320892,-0.017167579382658,0.129974901676178,-2.72171306610107,-15.766809463501,-3.33313711612553e-16,-44.8699989318848,-2.24000000953674,-80,1,0,0,0,0,0
141.128723144531,128.536544799805,51.3066329956055,12.0725059509277,-13.6666870117188,-0.920521318912506,-31.4957294464111,3.08050322532654,-48.6094398498535,-0.947526395320892,-0.017167579382658,0.129974901676178,-3.83018898963928,-15.5347881317139,-4.69062864569112e-16,-44.9300003051758,-2.84999990463257,-87,1,0,0,0,0,0
137.184051513672,131.754867553711,51.4970016479492,11.1768846511841,-14.2751750946045,-0.382914036512375,-31.4957294464111,3.08050322532654,-48.6094398498535,-0.456778079271317,-0.0549838133156299,0.271109610795975,-5.86795806884766,-14.8851289749146,-7.18617617313306e-16,-44.9699974060059,-2.8899998664856,-96,1,0,0,0,0,0
133.921127319336,134.020050048828,51.5028800964356,9.77122402191162,-15.1748132705688,0.270101398229599,-38.3903503417969,1.35045695304871,-54.5592079162598,-0.340665340423584,-0.149699509143829,0.285661965608597,-7.59366416931152,-14.0831909179688,-9.29955672845483e-16,-44.9899978637695,-2.46000003814697,-105,1,0,0,0,0,0
133.921127319336,134.020050048828,51.5028800964356,8.12167835235596,-16.0844383239746,0.817903697490692,-42.5244560241699,0.480926960706711,-60.0109367370605,-0.340665340423584,-0.149699509143829,0.285661965608597,-7.81357002258301,-13.9623823165894,-9.56886344249605e-16,-44.9899978637695,-1.89999997615814,-109,1,0,0,0,0,0
125.624481201172,138.160369873047,51.0984306335449,6.06409454345703,-17.0084171295166,1.07167041301727,-42.5244560241699,0.480926960706711,-60.0109367370605,-0.256399095058441,-0.228376090526581,0.319339245557785,-8.34038162231445,-13.6542310714722,-1.021402196864e-15,-44.9899978637695,-1.03999996185303,-114,1,0,0,0,0,0
120.800117492676,139.521850585937,50.7629127502442,4.03103685379028,-17.6591548919678,1.2808256149292,-44.4251670837402,-1.06205105781555,-73.509147644043,-0.0654202327132225,-0.354805141687393,0.448485404253006,-8.44081592559814,-13.5923738479614,-1.03370185641197e-15,-44.9799995422363,-0.409999996423721,-119,1,0,0,0,0,0
117.632194519043,140.024429321289,50.5117454528809,1.53587257862091,-18.0777359008789,1.52031660079956,-45.7187042236328,-2.20015716552734,-84.2516479492188,-0.114544123411179,-0.409986466169357,0.451565831899643,-8.47960472106934,-13.568208694458,-1.03845212305929e-15,-44.9699974060059,0.719999969005585,-121,1,0,0,0,0,0
113.041007995605,140.152008056641,50.0876083374024,-0.678432941436768,-18.1391296386719,1.66223526000977,-45.7187042236328,-2.20015716552734,-84.2516479492188,-0.114544123411179,-0.409986466169357,0.451565831899643,-8.47998332977295,-13.5679731369019,-1.03849839223403e-15,-44.3299980163574,1.59999990463257,-123,1,0,0,0,0,0
109.214874267578,139.641784667969,49.7041358947754,-3.40693163871765,-17.8656024932861,1.74957001209259,-49.0497055053711,-1.42979025840759,-101.682579040527,-0.114544123411179,-0.409986466169357,0.451565831899643,-8.47998332977295,-13.5679731369019,-1.03849839223403e-15,-39.5299987792969,2.5,-124,1,0,0,0,0,0
104.880226135254,138.293609619141,49.2411079406738,-7.40661191940308,-16.640796661377,1.45238363742828,-49.0497055053711,-1.42979025840759,-101.682579040527,-0.0384203642606735,-0.490888833999634,0.329693853855133,-8.47998332977295,-13.5679731369019,-1.03849839223403e-15,-22.9799995422363,4.00999975204468,-126,1,0,0,0,0,0
101.816818237305,136.676742553711,48.9310569763184,-9.64103603363037,-15.421911239624,1.08152282238007,-46.7436599731445,-0.502049088478088,-115.870445251465,0.399075299501419,-0.542770385742188,0.434767246246338,-8.47998332977295,-13.5679731369019,-1.03849839223403e-15,-10.75,4.40999984741211,-126,1,0,0,0,0,0
98.8173904418946,134.414932250977,48.6733360290527,-11.7380361557007,-13.6684398651123,0.404069513082504,-46.7436599731445,-0.502049088478088,-115.870445251465,0.399075299501419,-0.542770385742188,0.434767246246338,-8.47998332977295,-13.5679731369019,-1.03849839223403e-15,1.83999991416931,4.53999996185303,-126,1,0,0,0,0,0
95.9655990600586,131.493423461914,48.5696563720703,-13.080041885376,-11.8785552978516,-0.659896552562714,-33.4183578491211,2.47522592544556,-132.729125976562,0.837632119655609,-0.414960354566574,0.348701775074005,-8.47998332977295,-13.5679731369019,-1.03849839223403e-15,17.5799999237061,3.64999985694885,-124,1,0,0,0,0,0
92.9752273559571,127.541091918945,48.8246002197266,-13.5147476196289,-10.2951917648315,-1.74868953227997,-19.2196502685547,4.91306591033936,-140.48583984375,0.899365901947021,-0.218331977725029,0.247904911637306,-8.47998332977295,-13.5679731369019,-1.03849839223403e-15,23.4899997711182,2.50999999046326,-122,1,0,0,0,0,0
91.0071487426758,124.638877868652,49.2536163330078,-13.1677217483521,-9.75713539123535,-2.21229791641235,4.29175090789795,7.08476161956787,-144.557022094727,0.899365901947021,-0.218331977725029,0.247904911637306,-8.47998332977295,-13.5679731369019,-1.03849839223403e-15,26.8099994659424,0.509999990463257,-121,1,0,0,0,0,0
88.8800430297852,121.607315063477,49.8425788879395,-12.7120141983032,-9.62129688262939,-2.34161758422852,4.29175090789795,7.08476161956787,-144.557022094727,0.684572100639343,0.00996579416096211,0.0546027459204197,-8.47998332977295,-13.5679731369019,-1.03849839223403e-15,27.1800003051758,-0.810000002384186,-120,1,0,0,0,0,0
86.674560546875,118.720397949219,50.4594764709473,-12.2254257202148,-9.78217124938965,-1.75807535648346,16.1310997009277,5.43419361114502,-142.98860168457,0.684572100639343,0.00996579416096211,0.0546027459204197,-8.47998332977295,-13.5679731369019,-1.03849839223403e-15,27.1399993896484,-2.3199999332428,-118,1,0,0,0,0,0
84.5565948486328,116.159629821777,50.9277954101563,-11.7294731140137,-10.1444854736328,-0.89080673456192,16.1310997009277,5.43419361114502,-142.98860168457,0.418847382068634,0.120109550654888,-0.258350551128387,-8.47998332977295,-13.5679731369019,-1.03849839223403e-15,26.3599987030029,-2.66999983787537,-117,1,0,0,0,0,0
81.8990707397461,113.240242004395,51.2440719604492,-11.1417818069458,-10.6733341217041,-0.220319852232933,24.6892261505127,1.68016576766968,-138.698196411133,0.418847382068634,0.120109550654888,-0.258350551128387,-8.47998332977295,-13.5679731369019,-1.03849839223403e-15,24.3500003814697,-2.64999985694885,-116,1,0,0,0,0,0
79.0804977416992,110.446868896484,51.3456993103027,-10.795581817627,-11.0389547348022,0.241012141108513,24.6892261505127,1.68016576766968,-138.698196411133,-0.0289337262511253,0.0320485383272171,-0.162876471877098,-8.47998332977295,-13.5679731369019,-1.03849839223403e-15,23.0399990081787,-2.50999999046326,-115,1,0,0,0,0,0
73.9711608886719,105.972137451172,51.2179069519043,-10.2182378768921,-11.7317991256714,0.601049780845642,21.8476734161377,-1.47624886035919,-134.570434570312,0.114781834185123,0.0362255834043026,-0.284559667110443,-8.47998332977295,-13.5679731369019,-1.03849839223403e-15,20.439998626709,-1.99000000953674,-114,1,0,0,0,0,0
71.0056838989258,103.718063354492,51.0482902526856,-9.58338356018066,-12.4315214157104,0.774681210517883,24.532693862915,-3.5447781085968,-129.601135253906,0.0545028671622276,-0.0429126396775246,-0.226319044828415,-8.47998332977295,-13.5679731369019,-1.03849839223403e-15,16.0799999237061,-1.41999995708466,-114,1,0,0,0,0,0
68.3915939331055,101.952751159668,50.8824996948242,-9.03117179870605,-12.9651727676392,1.01923072338104,23.9073295593262,-3.18889880180359,-126.608016967773,-0.203000098466873,-0.108367525041103,-0.0877363532781601,-8.47998332977295,-13.5679731369019,-1.03849839223403e-15,14.3599996566772,-1.24000000953674,-114,1,0,0,0,0,0
64.5347137451172,99.634536743164,50.62109375,-8.23166942596436,-13.6928005218506,0.755648612976074,21.1059551239014,-1.91848278045654,-125.003768920898,-0.212659478187561,-0.14583720266819,-0.107540883123875,-8.47998332977295,-13.5679731369019,-1.03849839223403e-15,9.03999996185303,-0.620000004768372,-114,1,0,0,0,0,0
61.6734466552735,98.1042098999023,50.4889373779297,-7.66556072235107,-14.1446352005005,0.50802755355835,21.1059551239014,-1.91848278045654,-125.003768920898,-0.212659478187561,-0.14583720266819,-0.107540883123875,-8.47998332977295,-13.5679731369019,-1.03849839223403e-15,3.52999997138977,-0.439999997615814,-114,1,0,0,0,0,0
57.8397560119629,96.2134475708008,50.4019622802734,-7.12166690826416,-14.521632194519,0.0277724713087082,14.8566484451294,-0.500283777713776,-121.415107727051,-0.349105060100555,-0.0663466453552246,-0.165912657976151,-8.47998332977295,-13.5679731369019,-1.03849839223403e-15,-0.829999983310699,-0.649999976158142,-115,1,0,0,0,0,0
54.547248840332,94.6800384521484,50.3999404907227,-6.8656120300293,-14.6661281585693,-0.225496679544449,9.17508602142334,0.221894487738609,-118.608993530273,-0.349105060100555,-0.0663466453552246,-0.165912657976151,-8.47998332977295,-13.5679731369019,-1.03849839223403e-15,-2.86999988555908,-0.85999995470047,-115,1,0,0,0,0,0
50.3382949829102,92.7800979614258,50.4658927917481,-6.61366176605225,-14.7625188827515,-0.5772665143013,9.17508602142334,0.221894487738609,-118.608993530273,-0.12531116604805,-0.0505573526024819,-0.106731459498405,-8.47998332977295,-13.5679731369019,-1.03849839223403e-15,-4.59999990463257,-1.13999998569489,-116,1,0,0,0,0,0
46.4247283935547,91.0701446533203,50.6636619567871,-6.44283580780029,-14.7734823226929,-1.19367218017578,5.67693901062012,1.13373744487762,-116.655891418457,-0.237110033631325,-0.0894224792718887,-0.022642932832241,-8.47998332977295,-13.5679731369019,-1.03849839223403e-15,-7.07999992370605,-2.21000003814697,-116,1,0,0,0,0,0
42.8377990722656,89.5022888183594,50.9739532470703,-6.56732034683228,-14.5670757293701,-1.39592599868774,-4.15339517593384,1.83613073825836,-119.661666870117,-0.237110033631325,-0.0894224792718887,-0.022642932832241,-8.47998332977295,-13.5679731369019,-1.03849839223403e-15,-7.48000001907349,-3.07999992370605,-117,1,0,0,0,0,0
38.7494926452637,87.5807876586914,51.3185615539551,-6.88812398910522,-14.2389736175537,-0.845575392246246,-4.15339517593384,1.83613073825836,-119.661666870117,-0.247071102261543,0.0102946925908327,0.16622194647789,-8.47998332977295,-13.5679731369019,-1.03849839223403e-15,-5.92000007629395,-3.77999997138977,-118,1,0,0,0,0,0
35.6189117431641,85.9875946044922,51.4391555786133,-7.16373538970947,-13.9303598403931,-0.304816067218781,-7.31814622879028,-0.352239578962326,-120.076354980469,-0.247071102261543,0.0102946925908327,0.16622194647789,-8.47998332977295,-13.5679731369019,-1.03849839223403e-15,-4.6399998664856,-3.74000000953674,-118,1,0,0,0,0,0
32.2817878723145,84.1796493530273,51.4790725708008,-7.39719820022583,-13.6600589752197,-0.22552552819252,-7.31814622879028,-0.352239578962326,-120.076354980469,0.0465182848274708,0.0441451258957386,-0.0424279198050499,-8.47998332977295,-13.5679731369019,-1.03849839223403e-15,-2.5699999332428,-3.86999988555908,-118,1,0,0,0,0,0
28.4683094024658,82.0142440795898,51.4472122192383,-7.62743043899536,-13.340428352356,0.0841478556394577,-5.61643266677856,-1.17143154144287,-120.229141235352,0.135245233774185,0.0170626752078533,0.081193745136261,-8.47998332977295,-13.5679731369019,-1.03849839223403e-15,-1.61000001430511,-3.6399998664856,-118,1,0,0,0,0,0
25.2561416625977,80.1261596679688,51.3783874511719,-7.7127890586853,-13.2036037445068,0.29823899269104,-5.61643266677856,-1.17143154144287,-120.229141235352,0.135245233774185,0.0170626752078533,0.081193745136261,-8.47998332977295,-13.5679731369019,-1.03849839223403e-15,-0.25,-3.37999987602234,-118,1,0,0,0,0,0
21.5659618377686,77.8854217529297,51.254222869873,-7.86840867996216,-13.0313587188721,0.386626839637756,-3.11339783668518,-1.02505302429199,-122.297538757324,-0.0951454564929008,-0.0289150923490524,0.092771977186203,-8.47998332977295,-13.5679731369019,-1.03849839223403e-15,0.709999978542328,-3.16999983787537,-118,1,0,0,0,0,0
18.957576751709,76.2421875,51.1352844238281,-8.14967441558838,-12.7457399368286,0.685895919799805,-4.70183753967285,-1.82244598865509,-124.238098144531,-0.0951454564929008,-0.0289150923490524,0.092771977186203,-8.47998332977295,-13.5679731369019,-1.03849839223403e-15,2.44000005722046,-2.65999984741211,-118,1,0,0,0,0,0
15.6342086791992,74.071418762207,50.928539276123,-8.28572654724121,-12.6270732879639,1.1663019657135,-4.70183753967285,-1.82244598865509,-124.238098144531,-0.308187365531921,0.0305449236184359,0.0131992474198341,-8.47998332977295,-13.5679731369019,-1.03849839223403e-15,3.58999991416931,-2.14999985694885,-118,1,0,0,0,0,0
12.3323478698731,71.8565216064453,50.6031341552734,-8.39795207977295,-12.5609722137451,1.31097388267517,-7.02742195129395,-2.14557552337646,-124.499320983887,0.136527329683304,0.00405129790306093,0.105181731283665,-8.47998332977295,-13.5679731369019,-1.03849839223403e-15,4.63000011444092,-1.04999995231628,-118,1,0,0,0,0,0
9.79940700531007,70.1454315185547,50.3423500061035,-8.46759033203125,-12.5251665115356,1.26314640045166,0.784192144870758,-1.88012886047363,-128.320205688477,0.341336637735367,-0.0353210754692554,0.262144774198532,-8.47998332977295,-13.5679731369019,-1.03849839223403e-15,5.15000009536743,-0.509999990463257,-118,1,0,0,0,0,0
6.27037239074708,67.7334289550781,49.9855728149414,-8.5802640914917,-12.4343280792236,1.16259670257568,2.25812482833862,-1.58689117431641,-131.105911254883,-0.0523146316409111,0.00780338095501067,0.103422574698925,-8.47998332977295,-13.5679731369019,-1.03849839223403e-15,5.92000007629395,0.109999999403954,-118,1,0,0,0,0,0
3.5266981124878,65.7992401123047,49.7873420715332,-8.69542217254639,-12.3465433120728,0.593365788459778,2.25812482833862,-1.58689117431641,-131.105911254883,-0.0523146316409111,0.00780338095501067,0.103422574698925,-8.47998332977295,-13.5679731369019,-1.03849839223403e-15,7.46999979019165,0.469999998807907,-118,1,0,0,0,0,0
0.552353262901314,63.6789855957031,49.6427192687988,-8.64312553405762,-12.356388092041,0.702350556850433,2.93502020835876,-1.40682673454285,-129.016754150391,0.123710669577122,-0.0274669174104929,-0.149399042129517,-8.47998332977295,-13.5679731369019,-1.03849839223403e-15,7.51999998092651,0.669999957084656,-117,1,0,0,0,0,0
-2.69057202339172,61.4070243835449,49.4672241210938,-8.38718414306641,-12.5044193267822,0.493203788995743,5.29331922531128,-0.528913915157318,-127.906303405762,0.208749353885651,-0.0867710113525391,0.0216916389763355,-8.47998332977295,-13.5679731369019,-1.03849839223403e-15,7.03999996185303,1.10000002384186,-117,1,0,0,0,0,0
-5.21183967590331,59.7066917419434,49.360237121582,-8.1875638961792,-12.5663471221924,0.0465104579925537,6.17466688156128,1.21248507499695,-129.472671508789,0.208749353885651,-0.0867710113525391,0.0216916389763355,-8.47998332977295,-13.5679731369019,-1.03849839223403e-15,5.58999967575073,1.25,-117,1,0,0,0,0,0
-8.76073169708251,57.3925857543945,49.3296279907227,-8.05615520477295,-12.5071229934692,-0.435565829277039,6.17466688156128,1.21248507499695,-129.472671508789,-0.00858724303543568,-0.111983612179756,0.182322651147842,-8.47998332977295,-13.5679731369019,-1.03849839223403e-15,5.25999975204468,0.759999990463257,-117,1,0,0,0,0,0
-11.5122289657593,55.61279296875,49.4095458984375,-7.90286445617676,-12.4927349090576,-0.463949084281921,5.64869070053101,1.69901418685913,-130.063110351562,-0.00858724303543568,-0.111983612179756,0.182322651147842,-8.47998332977295,-13.5679731369019,-1.03849839223403e-15,4.80999994277954,0.629999995231628,-117,1,0,0,0,0,0
-14.8026905059814,53.5073585510254,49.5275001525879,-7.76412534713745,-12.4810791015625,-0.708919882774353,5.64869070053101,1.69901418685913,-130.063110351562,0.0660705268383026,0.0174133144319057,-0.0800291523337364,-8.47998332977295,-13.5679731369019,-1.03849839223403e-15,4.33999967575073,0.170000001788139,-117,1,0,0,0,0,0
-17.8123245239258,51.6058158874512,49.686595916748,-7.72323417663574,-12.4445447921753,-0.552686214447021,4.29697799682617,1.57796609401703,-129.072113037109,-0.0951613932847977,0.0298301987349987,-0.0230267196893692,-8.47998332977295,-13.5679731369019,-1.03849839223403e-15,4.07999992370605,-0.0700000002980232,-117,1,0,0,0,0,0
-20.3254928588867,50.0233383178711,49.7918739318848,-7.67247152328491,-12.4214782714844,-0.29513293504715,3.43682074546814,0.993450880050659,-128.39892578125,-0.0951613932847977,0.0298301987349987,-0.0230267196893692,-8.47998332977295,-13.5679731369019,-1.03849839223403e-15,3.98000001907349,-0.25,-117,1,0,0,0,0,0
-26.0849227905273,46.3977394104004,49.8938789367676,-7.6635422706604,-12.3914928436279,-0.271177381277084,3.43682074546814,0.993450880050659,-128.39892578125,0.021397365257144,0.0316649749875069,-0.0251927673816681,-8.47998332977295,-13.5679731369019,-1.03849839223403e-15,3.94999980926514,-0.25,-117,1,0,0,0,0,0
-29.0808525085449,44.5049209594727,49.8928298950195,-7.65501356124878,-12.3497924804688,0.0984868481755257,2.50510716438293,0.451050102710724,-128.6171875,-0.079475425183773,0.0166977867484093,-0.00460767652839422,-8.47998332977295,-13.5679731369019,-1.03849839223403e-15,4,-0.199999988079071,-117,1,0,0,0,0,0
-32.0685920715332,42.6130905151367,49.8036346435547,-7.67812967300415,-12.2992534637451,0.331643760204315,2.19680047035217,0.255052387714386,-128.765625,0.0905378982424736,0.00303118769079447,0.0261968076229095,-8.47998332977295,-13.5679731369019,-1.03849839223403e-15,4.17999982833862,0.140000000596046,-116,1,0,0,0,0,0
-34.7899208068848,40.879020690918,49.6937866210937,-7.76023101806641,-12.2128629684448,0.375321716070175,2.19680047035217,0.255052387714386,-128.765625,0.0905378982424736,0.00303118769079447,0.0261968076229095,-8.47998332977295,-13.5679731369019,-1.03849839223403e-15,4.77999973297119,0.599999964237213,-116,1,0,0,0,0,0
-37.7534828186035,38.9884033203125,49.6073532104492,-7.63656425476074,-12.3249635696411,-0.0138710122555494,3.46948742866516,-0.224537879228592,-127.966110229492,0.291502237319946,0.00577283417806028,-0.0926567018032074,-8.47998332977295,-13.5679731369019,-1.03849839223403e-15,4.26999998092651,0.659999966621399,-116,1,0,0,0,0,0
-40.7612762451172,37.151668548584,49.6716613769531,-7.3905291557312,-12.503438949585,-0.593686163425446,8.77036666870117,0.481887459754944,-128.95817565918,0.204325869679451,-0.0214292928576469,0.147799432277679,-8.47998332977295,-13.5679731369019,-1.03849839223403e-15,3.07999992370605,0.25,-116,1,0,0,0,0,0
-43.5472373962402,35.5230102539063,49.8296775817871,-7.22768497467041,-12.5939865112305,-0.836425006389618,8.77036666870117,0.481887459754944,-128.95817565918,0.204325869679451,-0.0214292928576469,0.147799432277679,-8.47998332977295,-13.5679731369019,-1.03849839223403e-15,1.6599999666214,-0.479999989271164,-117,1,0,0,0,0,0
-46.3416137695312,33.9180870056152,50.0216293334961,-7.09781265258789,-12.693470954895,-0.71540242433548,9.711106300354,0.124887131154537,-128.052108764648,0.220004796981812,0.0465747900307178,-0.175933659076691,-8.47998332977295,-13.5679731369019,-1.03849839223403e-15,0.85999995470047,-0.889999985694885,-117,1,0,0,0,0,0
-49.9351425170898,31.9229888916016,50.2047882080078,-6.85634899139404,-12.8810796737671,-0.215195775032043,8.70581436157227,-1.16144907474518,-124.160301208496,0.220004796981812,0.0465747900307178,-0.175933659076691,-8.47998332977295,-13.5679731369019,-1.03849839223403e-15,-1.27999997138977,-0.979999959468842,-117,1,0,0,0,0,0
-53.0576667785645,30.2715759277344,50.2400283813476,-6.72621536254883,-13.0102300643921,0.209509924054146,8.70581436157227,-1.16144907474518,-124.160301208496,-0.263975024223328,0.00121617969125509,-0.0301196053624153,-8.47998332977295,-13.5679731369019,-1.03849839223403e-15,-2.6399998664856,-0.810000002384186,-117,1,0,0,0,0,0
-56.1910667419434,28.6532154083252,50.1755905151367,-6.81114387512207,-12.9827899932861,0.312913835048676,2.20963478088379,-1.14151835441589,-125.421890258789,-0.263975024223328,0.00121617969125509,-0.0301196053624153,-8.47998332977295,-13.5679731369019,-1.03849839223403e-15,-3.21000003814697,-0.409999996423721,-118,1,0,0,0,0,0
-59.3256988525391,27.0079784393311,50.105525970459,-6.92704200744629,-12.9319181442261,0.125369966030121,2.20963478088379,-1.14151835441589,-125.421890258789,-0.345385581254959,0.00373376067727804,-0.00791497621685266,-8.47998332977295,-13.5679731369019,-1.03849839223403e-15,-3.01999998092651,-0.439999997615814,-118,1,0,0,0,0,0
-62.9326972961426,25.0395679473877,50.0834426879883,-7.00339412689209,-12.8883762359619,0.35400179028511,-1.33711326122284,-1.25838804244995,-124.242858886719,0.011008326895535,-0.00861456990242005,-0.0421257168054581,-8.47998332977295,-13.5679731369019,-1.03849839223403e-15,-2.70000004768372,-0.299999982118607,-118,1,0,0,0,0,0
-66.2706069946289,23.1820583343506,49.9954566955566,-7.14812564849854,-12.8139400482178,0.504158496856689,-1.33711326122284,-1.25838804244995,-124.242858886719,0.011008326895535,-0.00861456990242005,-0.0421257168054581,-8.47998332977295,-13.5679731369019,-1.03849839223403e-15,-2.41999983787537,0,-119,1,0,0,0,0,0
-68.3285675048828,22.0128517150879,49.9172859191894,-7.35796880722046,-12.6811962127686,0.556719362735748,-2.66470384597778,-1.0701812505722,-126.4755859375,-0.0799818783998489,-0.0316473320126533,0.139624997973442,-8.47998332977295,-13.5679731369019,-1.03849839223403e-15,-1.29999995231628,0.419999986886978,-119,1,0,0,0,0,0
-71.5986480712891,20.0943336486817,49.7843894958496,-7.50711727142334,-12.5928030014038,0.468992531299591,-2.89398050308228,-0.953993678092957,-128.569488525391,-0.0136824678629637,-0.0185083970427513,0.125951394438744,-8.47998332977295,-13.5679731369019,-1.03849839223403e-15,0.409999996423721,0.709999978542328,-119,1,0,0,0,0,0
-74.8318099975586,18.1008625030518,49.6716651916504,-7.80127668380737,-12.3963956832886,0.519835293292999,-2.89398050308228,-0.953993678092957,-128.569488525391,-0.0136824678629637,-0.0185083970427513,0.125951394438744,-8.47998332977295,-13.5679731369019,-1.03849839223403e-15,1.01999998092651,0.839999973773956,-119,1,0,0,0,0,0
-77.5323486328125,16.3610534667969,49.5821838378906,-8.02230644226074,-12.2634658813477,0.577392637729645,-2.71479487419128,-0.826262354850769,-130.484268188477,0.100370220839977,-0.0148971611633897,0.0431867465376854,-8.47998332977295,-13.5679731369019,-1.03849839223403e-15,2.72000002861023,1.20999991893768,-119,1,0,0,0,0,0
-82.9059524536133,12.7860736846924,49.3508148193359,-8.15273094177246,-12.1929712295532,0.665680170059204,0.143953114748001,-0.482582688331604,-130.946868896484,0.139786183834076,0.00663638394325972,0.0236996710300446,-8.47998332977295,-13.5679731369019,-1.03849839223403e-15,3.83999991416931,1.71999990940094,-119,1,0,0,0,0,0
-82.9059524536133,12.7860736846924,49.3508148193359,-8.23485946655273,-12.1735877990723,0.63444709777832,1.15336287021637,-0.199430644512177,-131.048202514648,0.139786183834076,0.00663638394325972,0.0236996710300446,-8.47998332977295,-13.5679731369019,-1.03849839223403e-15,4.48000001907349,2.00999999046326,-118,1,0,0,0,0,0
-88.9658126831055,8.66786384582521,49.0633773803711,-8.29121494293213,-12.1660089492798,0.56928414106369,2.35477876663208,0.158714175224304,-131.146057128906,0.0700903311371803,-0.0315470062196255,0.0154657354578376,-8.47998332977295,-13.5679731369019,-1.03849839223403e-15,5.10999965667725,2.45000004768372,-118,1,0,0,0,0,0
-88.9658126831055,8.66786384582521,49.0633773803711,-8.31888580322266,-12.1639862060547,0.416493654251099,2.35477876663208,0.158714175224304,-131.146057128906,0.0700903311371803,-0.0315470062196255,0.0154657354578376,-8.47998332977295,-13.5679731369019,-1.03849839223403e-15,5.53999996185303,2.74000000953674,-118,1,0,0,0,0,0
-95.2938613891602,4.3495092391968,48.8689079284668,-8.33685111999512,-12.1470832824707,0.289756059646606,3.63168883323669,1.05664551258087,-131.311233520508,0.0653977990150452,-0.0438053496181965,0.00748147675767541,-8.47998332977295,-13.5679731369019,-1.03849839223403e-15,5.86999988555908,2.89999985694885,-118,1,0,0,0,0,0
-95.2938613891602,4.3495092391968,48.8689079284668,-8.28342628479004,-12.1644468307495,-0.222086429595947,4.43902969360352,1.65351891517639,-130.46647644043,0.0653977990150452,-0.0438053496181965,0.00748147675767541,-8.47998332977295,-13.5679731369019,-1.03849839223403e-15,5.96999979019165,2.83999991416931,-118,1,0,0,0,0,0
-98.4764404296875,2.18395042419436,48.8793869018555,-8.23701000213623,-12.1559782028198,-0.277462989091873,4.43902969360352,1.65351891517639,-130.46647644043,-0.00732088461518288,-0.0477916114032269,-0.0784308314323425,-8.47998332977295,-13.5679731369019,-1.03849839223403e-15,5.85999965667725,2.45000004768372,-118,1,0,0,0,0,0
-101.416786193848,0.193272113800071,48.9804611206055,-8.15719509124756,-12.1796531677246,0.0164471194148064,4.70651817321777,2.38908743858337,-129.195770263672,-0.00732088461518288,-0.0477916114032269,-0.0784308314323425,-8.47998332977295,-13.5679731369019,-1.03849839223403e-15,5.80999994277954,2.44000005722046,-117,1,0,0,0,0,0
-107.569679260254,-3.91663885116575,49.0086631774902,-8.03458499908447,-12.2824068069458,0.0338174477219582,4.70651817321777,2.38908743858337,-129.195770263672,0.108293116092682,0.0152437631040811,-0.0487574264407158,-8.47998332977295,-13.5679731369019,-1.03849839223403e-15,5.23000001907349,2.67999982833862,-117,1,0,0,0,0,0
-110.303924560547,-5.6845049858093,48.9745216369629,-7.97242116928101,-12.3464365005493,0.341110825538635,7.15516757965088,1.85661447048187,-128.715209960938,-0.0821143239736557,0.0192937515676022,0.0280998274683952,-8.47998332977295,-13.5679731369019,-1.03849839223403e-15,4.76999998092651,2.82999992370605,-117,1,0,0,0,0,0
-113.299781799316,-7.60105371475217,48.8824577331543,-7.92331838607788,-12.4114818572998,0.347795307636261,6.54655027389526,1.54207217693329,-128.40299987793,0.0463746264576912,-0.0175158418715,-0.0598617754876614,-8.47870063781738,-13.5687742233276,-1.03834137350143e-15,4.42999982833862,3.25999999046326,-117,1,0,0,0,0,0
-116.561149597168,-9.66368865966794,48.8397331237793,-7.89480447769165,-12.4562740325928,-0.123039521276951,5.05083227157593,1.93429851531982,-127.587028503418,-0.213760823011398,-0.0419580526649952,-0.0575050599873066,-8.47224807739258,-13.5728044509888,-1.03755119764076e-15,4.19000005722046,3.22000002861023,-117,1,0,0,0,0,0
-119.82007598877,-11.7309455871582,48.9554634094238,-7.91889190673828,-12.4214468002319,-0.680209517478943,5.05083227157593,1.93429851531982,-127.587028503418,-0.213760823011398,-0.0419580526649952,-0.0575050599873066,-8.42646503448486,-13.6012754440308,-1.03194436892553e-15,4.44999980926514,2.67999982833862,-117,1,0,0,0,0,0
-122.806594848633,-13.6473178863525,49.1471366882324,-7.92068862915039,-12.3602647781372,-0.647943198680878,3.32057666778564,2.29942107200623,-125.676712036133,0.00180154107511044,-0.00199940614402295,-0.0960448011755943,-8.21142387390137,-13.7321710586548,-1.00560937344157e-15,5.27999973297119,2.28999996185303,-116,1,0,0,0,0,0
-125.748046875,-15.5498418807983,49.3135681152344,-7.90476131439209,-12.293399810791,-0.623720228672028,2.45996475219727,2.29193234443665,-123.971755981445,-0.10584519803524,0.00275169219821691,-0.0820622742176056,-7.92403364181519,-13.8999891281128,-9.70414307450203e-16,6.51999998092651,1.87999999523163,-116,1,0,0,0,0,0
-128.700592041016,-17.4482936859131,49.4497718811035,-7.82138442993164,-12.2705774307251,-0.496086448431015,2.45996475219727,2.29193234443665,-123.971755981445,-0.10584519803524,0.00275169219821691,-0.0820622742176056,-7.49021196365356,-14.1384840011597,-9.17286389295164e-16,7.69000005722046,1.62000000476837,-114,1,0,0,0,0,0
-131.640609741211,-19.3049297332763,49.5499954223633,-7.69496202468872,-12.2495393753052,-0.341183573007584,4.8411283493042,2.55643486976624,-122.942916870117,0.0127858556807041,-0.0177975781261921,0.00112027674913407,-6.8918251991272,-14.4396238327026,-8.44005175044781e-16,9.17999935150146,1.54999995231628,-113,1,0,0,0,0,0
-134.586761474609,-21.1396808624267,49.606876373291,-7.54389476776123,-12.2422475814819,-0.239001199603081,4.8411283493042,2.55643486976624,-122.942916870117,0.0127858556807041,-0.0177975781261921,0.00112027674913407,-5.67779588699341,-14.9586973190308,-6.95329452280174e-16,12.1999998092651,1.52999997138977,-110,1,0,0,0,0,0
-137.525329589844,-22.9206638336181,49.6769142150879,-7.28895950317383,-12.2914113998413,-0.204526379704475,7.88692808151245,2.67992424964905,-122.954170227051,0.299217104911804,-0.00118653569370508,0.016948226839304,-4.68436288833618,-15.2989130020142,-5.73668998335295e-16,14.2599992752075,1.35000002384186,-107,1,0,0,0,0,0
-140.736602783203,-24.7781524658203,49.7360496520996,-6.95244169235229,-12.4186992645264,-0.0710894614458084,12.3451747894287,2.5724515914917,-122.922164916992,0.280019730329514,0.00629045534878969,-0.0338470861315727,-3.04663896560669,-15.7072591781616,-3.73105678348225e-16,17.1099987030029,1.32999992370605,-104,1,0,0,0,0,0
-143.490798950195,-26.2636241912841,49.7411270141601,-6.49744653701782,-12.6309680938721,0.232412040233612,16.4561004638672,2.14191007614136,-121.681129455566,0.280019730329514,0.00629045534878969,-0.0338470861315727,-2.48883390426636,-15.8052425384521,-3.04794271097179e-16,17.6000003814697,1.52999997138977,-101,1,0,0,0,0,0
-146.282318115234,-27.6665630340576,49.688289642334,-6.07830429077148,-12.8687601089478,0.428396731615067,17.6983776092529,1.59479415416718,-119.595222473145,0.219385087490082,0.0128439096733928,-0.109443455934525,-0.233476012945175,-15.9982967376709,-2.85925632815244e-17,19.3400001525879,1.82999992370605,-98,1,0,0,0,0,0
-149.643646240234,-29.2147636413574,49.561466217041,-5.66971397399902,-13.1043128967285,0.725535154342651,17.6983776092529,1.59479415416718,-119.595222473145,0.0700383931398392,-0.00925128534436228,-0.178927406668663,-0.233476012945175,-15.9982967376709,-2.85925632815244e-17,20.8099994659424,2.48000001907349,-94,1,0,0,0,0,0
-152.827621459961,-30.5378284454345,49.3784561157226,-5.09092998504639,-13.4431438446045,0.942011892795563,20.7560157775879,0.848202645778656,-116.246162414551,0.183001264929771,-0.0342206172645092,-0.17792883515358,2.58698105812073,-15.789475440979,3.16813800967615e-16,22.6499996185303,2.99000000953674,-90,1,0,0,0,0,0
-156.065353393555,-31.7265071868896,49.1434822082519,-4.51065969467163,-13.7505006790161,1.14190411567688,20.7560157775879,0.848202645778656,-116.246162414551,0.183001264929771,-0.0342206172645092,-0.17792883515358,3.14416599273682,-15.6880283355713,3.85049292890764e-16,25.4099998474121,3.98000001907349,-84,1,0,0,0,0,0
-159.411041259766,-32.7370796203613,48.864990234375,-3.42275047302246,-14.2083778381348,1.22171688079834,25.9857215881348,1.50689709186554,-107.817207336426,0.183001264929771,-0.0342206172645092,-0.17792883515358,4.2460241317749,-15.4263181686401,5.19987967665699e-16,24.1299991607666,4.67000007629395,-80,1,0,0,0,0,0
-162.847930908203,-33.5282287597656,48.5844192504883,-2.63814520835876,-14.4523582458496,0.775402903556824,25.9857215881348,1.50689709186554,-107.817207336426,0.124152764678001,-0.173596531152725,-0.0539162904024124,4.2460241317749,-15.4263181686401,5.19987967665699e-16,24.8400001525879,5.19000005722046,-79,1,0,0,0,0,0
-166.362808227539,-34.0836181640625,48.4402465820312,-1.54891765117645,-14.7435455322266,0.269839942455292,25.3437519073486,3.17955327033997,-103.157272338867,-0.176179841160774,-0.120472028851509,-0.316636234521866,6.89579391479492,-14.4377288818359,8.44491213137827e-16,25.7899990081787,5.21000003814697,-73,1,0,0,0,0,0
-169.939361572266,-34.4228477478027,48.4095306396484,-0.250950664281845,-14.9657802581787,-0.464727461338043,24.1301288604736,3.00652766227722,-95.0297164916992,-0.176179841160774,-0.120472028851509,-0.316636234521866,7.89981079101562,-13.9137697219849,9.67447786310682e-16,27.8599987030029,4.92000007629395,-67,1,0,0,0,0,0
-173.530685424805,-34.5297622680664,48.5030746459961,0.938972413539886,-15.0544567108154,-0.906395494937897,24.1301288604736,3.00652766227722,-95.0297164916992,0.0698057189583778,-0.149887233972549,-0.326744854450226,8.86424922943115,-13.3201007843018,1.08555742520111e-15,27.8799991607666,4.40999984741211,-63,1,0,0,0,0,0
-176.854461669922,-34.3611640930175,48.6970291137695,2.12138414382935,-15.019079208374,-0.906294643878937,30.2181339263916,4.51495838165283,-88.6331100463867,0.0698057189583778,-0.149887233972549,-0.326744854450226,10.2261867523193,-12.3054904937744,1.25234668284496e-15,28.1499996185303,3.66999983787537,-57,1,0,0,0,0,0
-183.77278137207,-33.2650718688964,49.1275444030762,3.29268503189087,-14.8772039413452,-1.01485300064087,29.4549751281738,4.94498348236084,-85.9193344116211,0.038610965013504,-0.13374350965023,-0.193528011441231,10.6552839279175,-11.9358673095703,1.3048959716179e-15,27.6399993896484,3.30999994277954,-54,1,0,0,0,0,0
-183.77278137207,-33.2650718688964,49.1275444030762,4.52985811233521,-14.6259126663208,-0.972068548202515,30.7807598114014,5.41914367675781,-82.1272277832031,0.038610965013504,-0.13374350965023,-0.193528011441231,11.4729080200195,-11.1522369384766,1.40502595977432e-15,27.2099990844727,2.69000005722046,-50,1,0,0,0,0,0
-187.606369018555,-32.2197341918945,49.3686561584472,5.2944278717041,-14.4361877441406,-0.961500227451324,29.8219337463379,4.9234676361084,-76.9988784790039,-0.0217791888862848,-0.109430283308029,-0.185118928551674,12.5903654098511,-9.87333297729492,1.54187503795245e-15,28.8799991607666,2.30999994277954,-45,1,0,0,0,0,0
-191.655303955078,-30.7869319915771,49.6061897277832,6.42719078063965,-14.1430606842041,-0.93479061126709,29.8219337463379,4.9234676361084,-76.9988784790039,-0.159428656101227,-0.0916187763214112,-0.267637073993683,13.2572422027588,-8.95798683166504,1.62354394302346e-15,29.5799999237061,1.62000000476837,-40,1,0,0,0,0,0
-195.060012817383,-29.3276176452636,49.8257217407226,7.24928569793701,-13.9051284790039,-0.666246652603149,27.3894634246826,2.97802686691284,-70.8098526000977,-0.159428656101227,-0.0916187763214112,-0.267637073993683,13.8576993942261,-7.99775981903076,1.69707879070198e-15,31.1700000762939,1.35000002384186,-36,1,0,0,0,0,0
-198.407638549805,-27.6759529113769,50.0184364318847,8.17790222167969,-13.5765171051025,-0.502397060394287,27.3894634246826,2.97802686691284,-70.8098526000977,0.0183394532650709,-0.0338956825435162,-0.312838613986969,14.6273622512817,-6.48384809494019,1.79133513476479e-15,33.439998626709,1.10000002384186,-29,1,0,0,0,0,0
-201.960098266602,-25.6493511199951,50.1524391174316,9.08556747436523,-13.1898756027222,-0.351859122514725,30.0751800537109,0.350778341293335,-62.1797866821289,0.0183394532650709,-0.0338956825435162,-0.312838613986969,15.0490303039551,-5.43384695053101,1.84297471015238e-15,34.7799987792969,0.930000007152557,-24,1,0,0,0,0,0
-205.154968261719,-23.5646133422851,50.2331924438476,9.8756628036499,-12.8013696670532,-0.402799338102341,31.1826782226562,-1.26722455024719,-54.6553688049316,0.014932188205421,-0.0669370740652085,-0.328844845294952,15.3894138336182,-4.37789106369019,1.88465974258561e-15,35.7099990844727,0.740000009536743,-20,1,0,0,0,0,0
-208.482147216797,-21.0315227508544,50.3246574401855,11.0268211364746,-12.0457458496094,-0.0930709093809128,31.1826782226562,-1.26722455024719,-54.6553688049316,0.151145473122597,-0.1694415807724,-0.395345985889435,15.7381896972656,-2.88259887695312,1.92737243774209e-15,36.4099998474121,0.849999964237213,-14,1,0,0,0,0,0
-213.814544677734,-15.7456064224243,50.3418197631836,12.6371641159058,-10.6760272979736,-0.226796522736549,36.122688293457,-0.359195053577423,-47.2479629516602,0.151145473122597,-0.1694415807724,-0.395345985889435,15.8732318878174,-2.01010513305664,1.94391012076252e-15,35.8800010681152,0.919999957084656,-10,1,0,0,0,0,0
-213.814544677734,-15.7456064224243,50.3418197631836,13.699146270752,-9.51341533660889,-0.626965165138245,34.1669998168945,3.84398555755615,-42.981388092041,0.2117038667202,-0.276845812797546,-0.14006906747818,15.9701519012451,-0.976850032806396,1.95577959345239e-15,34.8899993896484,0.359999984502792,-6,1,0,0,0,0,0
-218.457305908203,-8.80485248565669,50.635269165039,14.506537437439,-8.42249584197998,-0.727574825286865,33.0369300842285,3.64978337287903,-38.6991004943848,-0.119819991290569,-0.0851075425744057,-0.34558954834938,15.9921579360962,-0.500890970230103,1.95847442877408e-15,33.4799995422363,-0.239999994635582,-2,1,0,0,0,0,0
-218.457305908203,-8.80485248565669,50.635269165039,15.0260143280029,-7.63783359527588,-0.67391711473465,33.0369300842285,3.64978337287903,-38.6991004943848,-0.119819991290569,-0.0851075425744057,-0.34558954834938,15.9996604919434,-0.104213997721672,1.95939324776362e-15,32.5400009155273,-0.629999995231628,0,1,0,0,0,0,0
-221.907562255859,-1.44489157199855,50.9583320617675,15.8535623550415,-6.26649236679077,-0.457159757614136,34.5512199401855,1.12670004367828,-29.0832939147949,-0.194764897227287,-0.134758397936821,-0.29754364490509,15.9999942779541,-0.0133910002186894,1.95943411710332e-15,29.8999996185303,-1.01999998092651,1,1,0,0,0,0,0
-223.356307983398,2.81942796707158,51.0780601501465,16.419095993042,-5.20943355560303,-0.447597444057465,29.1587905883789,0.841026067733765,-23.9578914642334,-0.10605800896883,-0.134316831827164,-0.237483069300652,16,-6.00000021222513e-06,1.95943496413627e-15,27.8999996185303,-1.28999996185303,2,1,0,0,0,0,0
-224.442199707031,6.87561368942266,51.2142791748047,16.9556484222412,-3.95228838920593,-0.636816740036011,29.1587905883789,0.841026067733765,-23.9578914642334,-0.10605800896883,-0.134316831827164,-0.237483069300652,16,-6.00000021222513e-06,1.95943496413627e-15,24.5299987792969,-1.87999999523163,4,1,0,0,0,0,0
-225.289443969727,11.0303468704224,51.3932418823242,17.2094135284424,-3.20865535736084,-0.751630246639252,26.8686218261719,1.00597977638245,-19.235424041748,-0.0881837457418442,-0.10117220133543,-0.225117102265358,16,-6.00000021222513e-06,1.95943496413627e-15,22.0599994659424,-2.3899998664856,5,1,0,0,0,0,0
-226.022018432617,16.3334407806397,51.6373825073242,17.5297260284424,-2.09479641914368,-0.791370570659637,26.2376708984375,0.388503074645996,-14.7648849487305,-0.0500858575105667,-0.0673472955822945,-0.257979512214661,16,-6.00000021222513e-06,1.95943496413627e-15,17.9300003051758,-3.12999987602234,5,1,0,0,0,0,0
-226.299987792969,19.5602035522461,51.7798118591308,17.7605876922607,-1.19191873073578,-0.620479464530945,23.5650215148926,-0.269033998250961,-10.2930383682251,-0.17988558113575,-0.0782418623566628,-0.169074460864067,16,-6.00000021222513e-06,1.95943496413627e-15,15.0899991989136,-3.5699999332428,6,1,0,0,0,0,0
-226.536804199219,24.6288681030274,51.9325447082519,17.8765182495117,-0.638556361198425,-0.358141034841537,21.8077583312988,-0.424551695585251,-8.1594934463501,-0.0876007378101349,-0.0354846827685833,-0.144704073667526,16,-6.00000021222513e-06,1.95943496413627e-15,11.289999961853,-3.89999985694885,6,1,0,0,0,0,0
-226.569351196289,28.9938926696778,51.9819412231445,18.0096378326416,0.232330694794655,0.021286066621542,21.8077583312988,-0.424551695585251,-8.1594934463501,-0.0876007378101349,-0.0354846827685833,-0.144704073667526,16,-6.00000021222513e-06,1.95943496413627e-15,8.55999946594238,-4,6,1,0,0,0,0,0
-226.479675292969,33.0097160339356,51.9439964294433,18.058464050293,0.574259459972382,0.320489794015884,19.5941143035889,-1.57877027988434,-4.11444664001465,-0.33094847202301,0.0143808620050549,-0.140411227941513,16,-6.00000021222513e-06,1.95943496413627e-15,6.09999990463257,-3.85999989509583,6,1,0,0,0,0,0
-226.289154052734,37.38720703125,51.8033905029297,18.1653690338135,1.01229918003082,0.961875081062317,19.5941143035889,-1.57877027988434,-4.11444664001465,-0.33094847202301,0.0143808620050549,-0.140411227941513,16,-6.00000021222513e-06,1.95943496413627e-15,3.19999980926514,-3.3199999332428,6,1,0,0,0,0,0
-226.084777832031,41.0531311035157,51.5966491699218,18.3278141021729,1.42731618881226,1.0126326084137,13.1463174819946,-3.52337145805359,-0.310140281915665,-0.165160268545151,0.0481609925627708,-0.249367028474808,16,-6.00000021222513e-06,1.95943496413627e-15,0.560000002384186,-2.45000004768372,5,1,0,0,0,0,0
-225.761047363281,45.4813385009766,51.3512573242187,18.4760551452637,1.70250833034515,0.815576910972595,13.1463174819946,-3.52337145805359,-0.310140281915665,-0.165160268545151,0.0481609925627708,-0.249367028474808,16,-6.00000021222513e-06,1.95943496413627e-15,-1.29999995231628,-2.15999984741211,5,1,0,0,0,0,0
-225.25715637207,51.0506286621094,51.1294364929199,18.5806484222412,1.82561659812927,0.642332255840302,5.81038093566895,-2.94947409629822,3.35327696800232,-0.312182307243347,-0.0800348520278931,-0.00709176715463399,16,-6.00000021222513e-06,1.95943496413627e-15,-3.25999999046326,-1.95999991893768,4,1,0,0,0,0,0
-224.89794921875,54.7657546997071,51.0165634155273,18.6076316833496,1.76609694957733,0.648143529891968,5.81038093566895,-2.94947409629822,3.35327696800232,-0.312182307243347,-0.0800348520278931,-0.00709176715463399,16,0.000699999975040555,1.95943496413627e-15,-3.64999985694885,-1.76999998092651,4,1,0,0,0,0,0
-224.487380981445,59.2219123840333,50.8868637084961,18.6371021270752,1.61547350883484,0.660415530204773,-0.991279423236847,-0.882486343383789,2.68894696235657,-0.158719569444656,-0.026804756373167,-0.0105375302955508,15.9999170303345,0.051401000469923,1.9594247997409e-15,-3.73000001907349,-1.45999991893768,4,1,0,0,0,0,0
-224.069671630859,64.0636978149415,50.7260437011718,18.659351348877,1.46554791927338,0.686019837856293,-0.991279423236847,-0.882486343383789,2.68894696235657,-0.0219376739114523,-0.0123927909880877,0.0274390690028667,15.9945468902588,0.417709976434708,1.95876707865736e-15,-3.47000002861023,-1.05999994277954,3,1,0,0,0,0,0
-223.770874023437,67.7851257324219,50.5873069763183,18.669153213501,1.29984986782074,0.516586661338806,-0.498453289270401,0.0555900558829308,1.82071352005005,-0.0219376739114523,-0.0123927909880877,0.0274390690028667,15.9890375137329,0.592191994190216,1.95809241691487e-15,-1.76999998092651,-0.919999957084656,4,1,0,0,0,0,0
-223.369125366211,73.362174987793,50.4122505187988,18.6695861816406,1.17910206317902,0.984191238880157,-0.498453289270401,0.0555900558829308,1.82071352005005,-0.0866497978568077,-0.0196869857609272,0.0276670157909393,15.9087686538696,1.70618498325348,1.94826238780375e-15,3.77999997138977,-0.0299999993294477,7,1,0,0,0,0,0
-223.142791748047,76.7039642333985,50.243423461914,18.6772480010986,1.14946627616882,1.20744490623474,0.965399444103241,-0.0930268540978432,3.01090335845947,-0.0866497978568077,-0.0196869857609272,0.0276670157909393,15.8006725311279,2.51768708229065,1.93502432162935e-15,7.11999988555908,0.709999978542328,9,1,0,0,0,0,0
-222.843231201172,81.1221160888672,49.9417648315429,18.6947708129883,1.04610931873322,1.11731207370758,0.965399444103241,-0.0930268540978432,3.01090335845947,-0.0906166136264801,0.00604102481156588,-0.00876091327518225,15.4945468902588,3.98986482620239,1.89753464338387e-15,13.2799997329712,1.25999999046326,12,1,0,0,0,0,0
-222.525497436523,85.9742889404297,49.6161727905273,18.6830081939697,0.981955826282501,0.762158513069153,0.613682150840759,0.489196300506592,2.16973161697388,0.217216923832893,-0.00889265537261963,0.0351996049284935,14.9899559020996,5.59474897384644,1.83574020174988e-15,20.689998626709,1.93999993801117,17,1,0,0,0,0,0
-222.244781494141,90.4431533813477,49.3769035339355,18.6437911987305,1.03904414176941,0.484061777591705,7.5999231338501,1.05180740356445,3.02241992950439,0.217216923832893,-0.00889265537261963,0.0351996049284935,14.5566453933716,6.64108896255493,1.78267506991206e-15,25.4099998474121,2.16999983787537,21,1,0,0,0,0,0
-221.934478759766,95.2694778442383,49.2119102478027,18.6033496856689,1.52868735790253,0.169544026255608,7.5999231338501,1.05180740356445,3.02241992950439,0.363730102777481,-0.0044864993542433,-0.198924720287323,13.7707147598267,8.14661884307861,1.68642618671996e-15,30.6499996185303,2.36999988555908,26,1,0,0,0,0,0
-221.594711303711,99.3271560668946,49.1339378356933,18.5129070281982,2.18661665916443,-0.351751804351807,19.1498470306396,1.80354475975037,7.74997043609619,0.363730102777481,-0.0044864993542433,-0.198924720287323,12.8296327590942,9.56036281585693,1.57117687221329e-15,34.2199974060059,2.02999997138977,32,1,0,0,0,0,0
-220.277923583984,108.160392761231,49.2543106079101,18.2656307220459,3.3636999130249,-0.511205732822418,27.680212020874,0.884841501712799,13.7144403457642,0.754810035228729,-0.081559419631958,-0.22728930413723,11.3520708084106,11.2752161026001,1.39022765891108e-15,37.8600006103516,1.84999990463257,39,1,0,0,0,0,0
-220.277923583984,108.160392761231,49.2543106079101,17.9240570068359,4.82263612747192,-0.623444378376007,27.680212020874,0.884841501712799,13.7144403457642,0.754810035228729,-0.081559419631958,-0.22728930413723,10.9459180831909,11.6699132919312,1.34048840194065e-15,36.8699989318848,1.59999990463257,43,1,0,0,0,0,0
-218.975250244141,113.216796875,49.3800010681152,17.653923034668,5.83747720718384,-0.521048188209534,35.7970352172852,0.896580457687378,19.7808322906494,0.754810035228729,-0.081559419631958,-0.22728930413723,9.18950653076172,13.0978231430054,1.12538989069957e-15,36.0499992370605,1.53999996185303,44,1,0,0,0,0,0
-217.491806030273,117.47575378418,49.4593124389648,17.1145477294922,7.50942802429199,-0.0678512752056122,35.7970352172852,0.896580457687378,19.7808322906494,0.0472194030880928,-0.110861413180828,-0.275424480438232,8.23997592926025,13.7150573730469,1.00910603132695e-15,40.1399993896484,1.8199999332428,55,1,0,0,0,0,0
-215.541641235352,121.992538452148,49.4459686279297,16.7376708984375,8.47141456604004,0.192838981747627,36.0024681091309,-0.470890998840332,27.6108932495117,0.0472194030880928,-0.110861413180828,-0.275424480438232,6.73982000350952,14.5111970901489,8.25389879023414e-16,41.9699974060059,2.25999999046326,61,1,0,0,0,0,0
-211.018737792969,129.965682983398,49.1805610656738,15.9331712722778,10.1925954818726,0.34873628616333,36.0024681091309,-0.470890998840332,27.6108932495117,0.0200076196342707,-0.176375225186348,-0.303073853254318,5.16372680664062,15.1438407897949,6.32374151991971e-16,42.8099975585938,2.64999985694885,68,1,0,0,0,0,0
-208.530227661133,133.40364074707,49.0246276855468,15.0934648513794,11.5766763687134,0.327952593564987,36.4260559082031,0.0481139868497849,36.0665092468262,-0.119061872363091,-0.198409751057625,-0.216310083866119,4.0795521736145,15.4711751937866,4.9960104929559e-16,42.7999992370605,3.24000000953674,73,1,0,0,0,0,0
-205.280059814453,137.258636474609,48.9074440002441,14.2021589279175,12.7672491073608,0.141489878296852,35.1289024353027,1.14456737041473,43.4593505859375,0.0572625622153282,-0.21243654191494,-0.340684682130814,2.41669201850891,15.8164348602295,2.95959399819961e-16,42.7999992370605,3.41999983787537,79,1,0,0,0,0,0
-202.00358581543,140.582443237305,48.817138671875,13.2376337051392,13.8298044204712,0.345686614513397,35.1289024353027,1.14456737041473,43.4593505859375,0.0572625622153282,-0.21243654191494,-0.340684682130814,0.726602971553802,15.9834928512573,8.89832066241182e-17,42.8099975585938,3.86999988555908,86,1,0,0,0,0,0
-198.482894897461,143.648727416992,48.6843681335449,11.7468090057373,15.117280960083,0.321632027626038,39.20751953125,1.4216433763504,54.3761825561523,0.183048531413078,-0.283679246902466,-0.210438773036003,-0.405851989984512,15.99485206604,-4.97025334599553e-17,42.7900009155273,4.32999992370605,92,1,0,0,0,0,0
-194.387329101562,146.562622070313,48.5721130371094,10.1494035720825,16.2115230560303,0.0178087130188942,39.20751953125,1.4216433763504,54.3761825561523,0.183048531413078,-0.283679246902466,-0.210438773036003,-2.09895205497742,15.8617277145386,-2.57047473846707e-16,42.7399978637695,4.56999969482422,97,1,0,0,0,0,0
-190.674407958984,148.653457641602,48.5556564331054,8.31972885131836,17.1897144317627,-0.318455964326859,41.1258888244629,3.12608790397644,61.3172988891602,-0.147625476121902,-0.304788947105408,-0.27021986246109,-3.21531391143799,15.6736001968384,-3.93762403181814e-16,42.7299995422363,4.48999977111816,103,1,0,0,0,0,0
-186.071594238281,150.672149658203,48.5846290588379,6.4468240737915,17.9976234436035,-0.312893390655518,42.810302734375,2.20661807060242,72.0165710449219,-0.0350958108901978,-0.266958564519882,-0.450597941875458,-4.815505027771,15.2581424713135,-5.89729272410829e-16,42.7900009155273,4.42000007629395,109,1,0,0,0,0,0
-182.400253295898,151.896240234375,48.596996307373,4.53845739364624,18.5878410339355,-0.259539574384689,42.810302734375,2.20661807060242,72.0165710449219,-0.0350958108901978,-0.266958564519882,-0.450597941875458,-6.60470008850098,14.5731925964355,-8.0884250806365e-16,42.7799987792969,4.56999969482422,114,1,0,0,0,0,0
-177.871963500977,152.942169189453,48.5947608947754,2.64683985710144,18.98486328125,-0.120545499026775,45.2183647155762,2.03783345222473,81.4771347045898,0.114337846636772,-0.330000907182694,-0.250385403633118,-7.28556728363037,14.2450170516968,-8.92224590210041e-16,42.75,4.75,118,1,0,0,0,0,0
-172.874954223633,153.548629760742,48.5552062988281,0.76888781785965,19.1728534698486,-0.0479033105075359,45.7426261901855,2.78790903091431,91.9585494995117,0.114337846636772,-0.330000907182694,-0.250385403633118,-8.00314617156982,13.8545894622803,-9.80102670300898e-16,42.75,4.96000003814697,121,1,0,0,0,0,0
-168.211563110352,153.630661010742,48.5027122497558,-1.4166841506958,19.1371440887451,0.0459972433745861,45.7426261901855,2.78790903091431,91.9585494995117,-0.0955716222524643,-0.292061626911163,-0.320983320474625,-8.28459930419922,13.6881484985352,-1.01457077026528e-15,41.7099990844727,5.21999979019165,126,1,0,0,0,0,0
-163.953720092773,153.319061279297,48.4317855834961,-3.12825083732605,18.8628349304199,0.256660580635071,43.8946342468262,1.30201709270477,101.70433807373,-0.0960787981748581,-0.305499255657196,-0.412892937660217,-8.46318531036377,13.5784568786621,-1.03644126684251e-15,39.1699981689453,5.82999992370605,129,1,0,0,0,0,0
-159.763381958008,152.665634155273,48.3142852783203,-5.12344217300415,18.2157821655273,0.142382055521011,43.8946342468262,1.30201709270477,101.70433807373,-0.0960787981748581,-0.305499255657196,-0.412892937660217,-8.47997093200684,13.5679798126221,-1.03849690992637e-15,35.5,6.12999963760376,130,1,0,0,0,0,0
-155.703796386719,151.622055053711,48.2053070068359,-6.95906496047974,17.2899112701416,-0.166601493954659,43.1747894287109,2.14634943008423,115.774795532227,-0.138577550649643,-0.420928120613098,-0.269084006547928,-8.47997951507568,13.5679750442505,-1.03849807459668e-15,30.7099990844727,6.21999979019165,131,1,0,0,0,0,0
-150.821701049805,149.719665527344,48.1643714904785,-8.49930763244629,16.1525096893311,-0.466459661722183,38.5222320556641,4.92600107192993,124.529350280762,-0.138577550649643,-0.420928120613098,-0.269084006547928,-8.47997951507568,13.5679750442505,-1.03849807459668e-15,22.8400001525879,6.10999965667725,132,1,0,0,0,0,0
-146.942153930664,147.707855224609,48.202220916748,-9.83400249481201,14.8390235900879,-1.16033446788788,38.5222320556641,4.92600107192993,124.529350280762,-0.338873744010925,-0.333338409662247,-0.270810455083847,-8.47997951507568,13.5679750442505,-1.03849807459668e-15,16.1299991607666,5.67000007629395,133,1,0,0,0,0,0
-142.513046264648,144.707427978516,48.4922637939453,-10.777232170105,13.5566549301147,-1.81817770004272,33.2789268493652,8.46695709228516,135.73112487793,-0.529644787311554,-0.258677899837494,-0.200332194566727,-8.47997951507568,13.5679750442505,-1.03849807459668e-15,8.75,4.76999998092651,133,1,0,0,0,0,0
-139.864364624023,142.495620727539,48.8646697998047,-11.3879480361938,12.1321125030518,-2.5279974937439,33.2789268493652,8.46695709228516,135.73112487793,-0.529644787311554,-0.258677899837494,-0.200332194566727,-8.47997951507568,13.5679750442505,-1.03849807459668e-15,-0.489999979734421,2.83999991416931,133,1,0,0,0,0,0
-136.480453491211,139.293518066406,49.5519027709961,-11.4035739898682,11.5004377365112,-2.87216520309448,19.8501834869385,9.36310482025146,141.65754699707,-0.72841489315033,-0.0496930181980133,-0.176718086004257,-8.47997951507568,13.5679750442505,-1.03849807459668e-15,-5.48000001907349,0.569999992847443,132,1,0,0,0,0,0
-133.962310791016,136.77375793457,50.1791152954101,-11.2194175720215,10.9616527557373,-3.12975335121155,6.68305730819702,7.82058382034302,146.378570556641,-0.72841489315033,-0.0496930181980133,-0.176718086004257,-8.47997951507568,13.5679750442505,-1.03849807459668e-15,-7.50999975204468,-1.12000000476837,131,1,0,0,0,0,0
-131.532760620117,134.301864624023,50.8704795837402,-10.8341751098633,10.7466526031494,-2.90097117424011,1.11356139183044,7.13824510574341,146.954650878906,-0.45997342467308,0.0324011258780956,-0.141829147934914,-8.47997951507568,13.5679750442505,-1.03849807459668e-15,-8.48999977111816,-3.43999981880188,130,1,0,0,0,0,0
-128.925735473633,131.661239624023,51.619888305664,-10.5506105422974,10.708046913147,-2.48641777038574,1.11356139183044,7.13824510574341,146.954650878906,-0.367950081825256,0.0578839406371117,-0.00282116979360581,-8.47997951507568,13.5679750442505,-1.03849807459668e-15,-8.64999961853027,-4.71999979019165,130,1,0,0,0,0,0
-126.125335693359,128.889862060547,52.3264083862305,-10.2516078948975,10.762770652771,-1.79019153118134,-6.51102685928345,3.55055737495422,145.685165405273,-0.367950081825256,0.0578839406371117,-0.00282116979360581,-8.47997951507568,13.5679750442505,-1.03849807459668e-15,-8.48999977111816,-6.00999975204468,129,1,0,0,0,0,0
-121.148292541504,124.208488464355,53.1608772277832,-9.88454818725586,10.9226589202881,-1.22871005535126,-6.51102685928345,3.55055737495422,145.685165405273,-0.18125507235527,0.129985779523849,0.111943267285824,-8.47997951507568,13.5679750442505,-1.03849807459668e-15,-7.80999994277954,-6.62999963760376,128,1,0,0,0,0,0
-121.148292541504,124.208488464355,53.1608772277832,-9.44870853424072,11.2665987014771,-0.787732303142548,-9.02952671051025,0.563517391681671,143.514511108398,-0.18125507235527,0.129985779523849,0.111943267285824,-8.47997951507568,13.5679750442505,-1.03849807459668e-15,-6.23999977111816,-7.32999992370605,127,1,0,0,0,0,0
-118.269927978516,121.699066162109,53.4474983215332,-9.17640686035156,11.4611778259277,-0.0644940361380577,-9.64102649688721,-2.67080211639404,142.475891113281,-0.0858260542154312,0.0930705145001412,0.135200619697571,-8.47997951507568,13.5679750442505,-1.03849807459668e-15,-4.92000007629395,-7.59999990463257,127,1,0,0,0,0,0
-112.792175292969,117.308219909668,53.5610008239746,-8.90901851654053,11.6923704147339,0.560987174510956,-9.64102649688721,-2.67080211639404,142.475891113281,0.12450934946537,0.128949359059334,0.00735725788399576,-8.47997951507568,13.5679750442505,-1.03849807459668e-15,-3.64999985694885,-7.31999969482422,126,1,0,0,0,0,0
-110.018905639648,115.181015014648,53.4083137512207,-8.79105854034424,11.779013633728,1.09332430362701,-5.53456783294678,-4.0884256362915,142.549514770508,0.118349008262157,0.0594644397497177,-0.00167335476726294,-8.47997951507568,13.5679750442505,-1.03849807459668e-15,-3.15999984741211,-6.94000005722046,126,1,0,0,0,0,0
-107.008163452148,112.894500732422,53.0954971313476,-8.73892688751221,11.8380641937256,1.54183077812195,-5.53456783294678,-4.0884256362915,142.549514770508,0.118349008262157,0.0594644397497177,-0.00167335476726294,-8.47997951507568,13.5679750442505,-1.03849807459668e-15,-3.17999982833862,-6,125,1,0,0,0,0,0
-104.229774475098,110.786697387695,52.7593803405762,-8.78807544708252,11.9644346237183,1.53324937820435,-1.31701219081879,-5.32790279388428,140.800216674805,0.0956220626831055,0.0181490555405617,0.152413561940193,-8.47997951507568,13.5679750442505,-1.03849807459668e-15,-3.62999987602234,-5.17000007629395,125,1,0,0,0,0,0
-101.635749816895,108.823165893555,52.5571899414062,-8.89994430541992,12.1995344161987,0.71147209405899,-1.31701219081879,-5.32790279388428,140.800216674805,0.0956220626831055,0.0181490555405617,0.152413561940193,-8.47997951507568,13.5679750442505,-1.03849807459668e-15,-3.85999989509583,-5.19000005722046,125,1,0,0,0,0,0
-98.47412109375,106.482955932617,52.5857582092285,-8.88351345062256,12.507285118103,0.0687948763370514,0.972705721855164,-4.84809064865112,136.927154541016,-0.130510091781616,0.00617430871352555,0.145428583025932,-8.47997951507568,13.5679750442505,-1.03849807459668e-15,-3.41999983787537,-6.1399998664856,124,1,0,0,0,0,0
-95.7432556152343,104.525726318359,52.6251678466797,-8.85633182525635,12.5983409881592,0.596504271030426,-2.57385897636414,-5.97403764724731,137.202270507812,-0.130510091781616,0.00617430871352555,0.145428583025932,-8.47997951507568,13.5679750442505,-1.03849807459668e-15,-3.54999995231628,-6.10999965667725,124,1,0,0,0,0,0
-92.5112152099609,102.228439331055,52.4796180725098,-8.75940227508545,12.6977872848511,1.12783932685852,-2.57385897636414,-5.97403764724731,137.202270507812,0.0219411887228489,0.0306232552975416,0.0667349919676781,-8.47997951507568,13.5679750442505,-1.03849807459668e-15,-3.43999981880188,-5.65000009536743,123,1,0,0,0,0,0
-90.0100555419922,100.482215881348,52.2694816589355,-8.60201072692871,12.8955535888672,1.26893258094788,-2.97299432754517,-5.76123285293579,135.412796020508,-0.124642759561539,-0.0172488391399384,0.0343432016670704,-8.47997951507568,13.5679750442505,-1.03849807459668e-15,-2.55999994277954,-4.90999984741211,123,1,0,0,0,0,0
-86.4472198486328,98.0872421264649,51.9362602233887,-8.44158172607422,13.0952167510986,1.33647215366364,-4.32307815551758,-5.43024778366089,135.387466430664,-0.0842069685459137,-0.0208646506071091,-0.035914208739996,-8.47997951507568,13.5679750442505,-1.03849807459668e-15,-1.6599999666214,-4.40000009536743,123,1,0,0,0,0,0
-83.3377075195312,96.0859832763672,51.6275215148926,-8.31240844726562,13.2590208053589,1.27323937416077,-4.32307815551758,-5.43024778366089,135.387466430664,-0.0842069685459137,-0.0208646506071091,-0.035914208739996,-8.47997951507568,13.5679750442505,-1.03849807459668e-15,-0.439999997615814,-3.57999992370605,123,1,0,0,0,0,0
-80.4491729736328,94.2722396850586,51.3685111999512,-8.25740051269531,13.3467473983765,0.999621629714966,-2.42942762374878,-4.42709589004517,135.525726318359,0.17134727537632,-0.0585547462105751,0.0387851111590862,-8.47997951507568,13.5679750442505,-1.03849807459668e-15,0.0599999986588955,-3.25999999046326,123,1,0,0,0,0,0
-77.2796020507812,92.3074493408203,51.1510009765625,-8.18038749694824,13.4058609008789,0.819790542125702,-0.52867865562439,-3.42660737037659,133.432922363281,0.111510902643204,-0.0630393102765083,0.164220184087753,-8.47997951507568,13.5679750442505,-1.03849807459668e-15,0.419999986886978,-3.01999998092651,123,1,0,0,0,0,0
-74.0954132080078,90.3577423095703,50.9764404296875,-8.00392913818359,13.500373840332,0.644938588142395,0.720927834510803,-2.25023579597473,130.711624145508,0.111510902643204,-0.0630393102765083,0.164220184087753,-8.47997951507568,13.5679750442505,-1.03849807459668e-15,1.8199999332428,-2.62999987602234,123,1,0,0,0,0,0
-71.4294662475586,88.7655715942383,50.8544769287109,-7.92262029647827,13.5244188308716,0.631473362445831,0.720927834510803,-2.25023579597473,130.711624145508,0.0832128971815109,-0.0317401736974716,0.0017227646894753,-8.47997951507568,13.5679750442505,-1.03849807459668e-15,2.1800000667572,-2.50999999046326,123,1,0,0,0,0,0
-67.7087020874023,86.5937652587891,50.6776962280273,-7.83989334106445,13.5145425796509,0.686058759689331,1.07372224330902,-1.74239146709442,131.800506591797,0.0832128971815109,-0.0317401736974716,0.0017227646894753,-8.47997951507568,13.5679750442505,-1.03849807459668e-15,2.99000000953674,-1.9099999666214,123,1,0,0,0,0,0
-65.2885284423828,85.1937255859375,50.5481376647949,-7.83469295501709,13.4652614593506,0.462020009756088,1.07372224330902,-1.74239146709442,131.800506591797,0.0500209778547287,-0.0290745422244072,-0.059637863188982,-8.47997951507568,13.5679750442505,-1.03849807459668e-15,3.05999994277954,-1.77999997138977,123,1,0,0,0,0,0
-61.8246765136719,83.1793823242188,50.4124984741211,-7.75872755050659,13.4487209320068,0.387067049741745,2.37549376487732,-0.926687598228455,131.243438720703,0.0144702326506376,-0.0251911282539368,0.0890172868967056,-8.47997951507568,13.5679750442505,-1.03849807459668e-15,3.32999992370605,-1.6599999666214,124,1,0,0,0,0,0
-55.4024276733398,79.4936981201172,50.2298927307129,-7.6734356880188,13.4778337478638,0.326393634080887,1.56961035728455,-0.976186335086823,129.893127441406,0.0740266814827919,0.00808202009648084,-0.00947880744934082,-8.47997951507568,13.5679750442505,-1.03849807459668e-15,4.15999984741211,-1.42999994754791,124,1,0,0,0,0,0
-55.4024276733398,79.4936981201172,50.2298927307129,-7.63873624801636,13.4872159957886,0.331953257322311,1.56961035728455,-0.976186335086823,129.893127441406,0.0740266814827919,0.00808202009648084,-0.00947880744934082,-8.47997951507568,13.5679750442505,-1.03849807459668e-15,4.55999994277954,-1.36000001430511,124,1,0,0,0,0,0
-48.6705093383789,75.7124786376953,50.0486259460449,-7.62071561813354,13.4928255081177,0.468784600496292,2.87614154815674,-1.56309533119202,130.064300537109,0.02435602247715,0.0047970823943615,-0.00243589468300343,-8.47997951507568,13.5679750442505,-1.03849807459668e-15,5.02999973297119,-1.01999998092651,124,1,0,0,0,0,0
-45.4299926757812,73.8902893066406,49.899227142334,-7.64067125320435,13.5017004013062,0.643868923187256,2.87614154815674,-1.56309533119202,130.064300537109,0.02435602247715,0.0047970823943615,-0.00243589468300343,-8.47997951507568,13.5679750442505,-1.03849807459668e-15,5.35999965667725,-0.449999988079071,124,1,0,0,0,0,0
-42.1813697814941,72.0536651611328,49.7272872924805,-7.69642782211304,13.5068054199219,0.663400709629059,4.19858121871948,-1.48927533626556,130.47721862793,0.0442736856639385,-0.022510688751936,-0.0120355198159814,-8.47997951507568,13.5679750442505,-1.03849807459668e-15,5.42000007629395,-0.0899999961256981,125,1,0,0,0,0,0
-38.9270095825195,70.2065505981445,49.5591888427734,-7.74301528930664,13.5109920501709,0.70257031917572,4.19858121871948,-1.48927533626556,130.47721862793,0.0442736856639385,-0.022510688751936,-0.0120355198159814,-8.47997951507568,13.5679750442505,-1.03849807459668e-15,5.42000007629395,0.269999980926514,125,1,0,0,0,0,0
-35.9490966796875,68.5041961669922,49.4014663696289,-7.79432487487793,13.5166931152344,0.648983836174011,3.96589255332947,-1.17938423156738,130.340484619141,-0.0250077564269304,-0.018912086263299,0.00268620066344738,-8.47997951507568,13.5679750442505,-1.03849807459668e-15,5.48999977111816,0.849999964237213,125,1,0,0,0,0,0
