240.624877929688,131.007141113281,64.8437805175782,-1.90287840366364,-17.5214214324951,0.163218483328819,16.0665798187256,-0.472388863563538,-93.1274261474609,-1.05613052845001,-0.0465226247906685,0.0501267239451408,-3.00000010611257e-06,-16,-3.67394031065145e-22,-33.0499992370605,-5.94000005722046,-120,1,0,0,0,0,0
236.787719726563,130.718292236328,64.8662643432617,-1.83391571044922,-17.8606433868408,0.0922080278396606,-5.07297563552856,-2.27001690864563,-93.6686782836914,-1.05613052845001,-0.0465226247906685,0.0501267239451408,-3.00000010611257e-06,-16,-3.67394031065145e-22,-34.8099975585938,-12.2299995422363,-121,1,0,0,0,0,0
232.131088256836,130.285491943359,64.8267059326172,-2.31413865089417,-18.0353908538818,0.41936120390892,-5.07297563552856,-2.27001690864563,-93.6686782836914,-0.914347350597382,0.200876757502556,0.000431870575994229,-3.00000010611257e-06,-16,-3.67394031065145e-22,-34.4799995422363,-10.3199996948242,-121,1,0,0,0,0,0
227.762115478516,129.696624755859,64.6253662109375,-2.91987204551697,-18.0752563476562,1.04001247882843,-18.5281047821045,-5.2150239944458,-93.0230407714844,-0.458997786045074,0.0857608988881111,-0.00731940846890212,-3.00000010611257e-06,-16,-3.67394031065145e-22,-32.75,-6.35999965667725,-121,1,0,0,0,0,0
223.41325378418,128.922119140625,64.2887725830078,-3.52009177207947,-17.9843654632568,1.36134374141693,-18.5281047821045,-5.2150239944458,-93.0230407714844,-0.458997786045074,0.0857608988881111,-0.00731940846890212,-3.00000010611257e-06,-16,-3.67394031065145e-22,-30.9699993133545,-7.84999990463257,-121,1,0,0,0,0,0
219.165771484375,127.965950012207,63.9110298156739,-4.5255126953125,-17.7219390869141,1.59783446788788,-21.2624759674072,-5.75887298583984,-95.9053955078125,-0.0107562839984894,-0.0340715125203132,0.237903371453285,-3.00000010611257e-06,-16,-3.67394031065145e-22,-27.4899997711182,-9.90999984741211,-122,1,0,0,0,0,0
214.234069824219,126.573089599609,63.453311920166,-5.30278873443604,-17.4723682403564,1.9078311920166,-21.2624759674072,-5.75887298583984,-95.9053955078125,-0.0107562839984894,-0.0340715125203132,0.237903371453285,-3.00000010611257e-06,-16,-3.67394031065145e-22,-24.7199993133545,-11.1700000762939,-122,1,0,0,0,0,0
210.105712890625,125.154121398926,63.0294418334961,-6.31360626220703,-17.1526832580566,2.21885538101196,-22.1486797332764,-7.90377187728882,-101.61457824707,-0.0116704721003771,-0.010437298566103,0.20477007329464,-3.00000010611257e-06,-16,-3.67394031065145e-22,-20.0699996948242,-12.7699995040894,-122,1,0,0,0,0,0
206.030746459961,123.530067443848,62.5412254333496,-7.08881235122681,-16.895751953125,2.6217679977417,-22.9166564941406,-9.48891544342041,-104.307510375977,0.024522852152586,0.0263101682066918,0.174155920743942,-3.00000010611257e-06,-16,-3.67394031065145e-22,-17.0799999237061,-13.8099994659424,-122,1,0,0,0,0,0
202.026473999023,121.74072265625,61.9346160888672,-7.63592290878296,-16.6727256774902,3.16861701011658,-22.9166564941406,-9.48891544342041,-104.307510375977,0.024522852152586,0.0263101682066918,0.174155920743942,-3.00000010611257e-06,-16,-3.67394031065145e-22,-13.0299997329712,-15.5099992752075,-122,1,0,0,0,0,0
197.43505859375,119.475891113281,61.068832397461,-8.44154834747314,-16.4177017211914,3.60887694358826,-18.4012203216553,-12.065746307373,-107.93724822998,0.182763427495956,0.0470699369907379,0.130138039588928,-3.00000010611257e-06,-16,-3.67394031065145e-22,-10.3499994277954,-16.1900005340576,-122,1,0,0,0,0,0
194.205764770508,117.755729675293,60.3900375366211,-8.95375919342041,-16.267578125,3.98720645904541,-13.4379291534424,-13.7660913467407,-110.567993164062,0.182763427495956,0.0470699369907379,0.130138039588928,-3.00000010611257e-06,-16,-3.67394031065145e-22,-7.1399998664856,-15.4299993515015,-123,1,0,0,0,0,0
190.016235351563,115.397048950195,59.4095764160156,-9.38995742797852,-16.155179977417,4.3754448890686,-13.4379291534424,-13.7660913467407,-110.567993164062,0.14479960501194,0.0610364563763142,0.146597102284431,-3.00000010611257e-06,-16,-3.67394031065145e-22,-5.32999992370605,-13.4899997711182,-123,1,0,0,0,0,0
185.845138549805,112.932861328125,58.3237113952637,-9.8183422088623,-16.1196517944336,4.57876300811768,-8.31015777587891,-14.817479133606,-113.227394104004,0.14479960501194,0.0610364563763142,0.146597102284431,-3.00000010611257e-06,-16,-3.67394031065145e-22,-3.21000003814697,-10.6199998855591,-123,1,0,0,0,0,0
181.67707824707,110.386795043945,57.1962852478028,-10.2120761871338,-16.1672248840332,4.51620817184448,-8.31015777587891,-14.817479133606,-113.227394104004,0.184308096766472,-0.00266486406326293,0.0676284506917,-3.00000010611257e-06,-16,-3.67394031065145e-22,-2.02999997138977,-8.72000026702881,-123,1,0,0,0,0,0
178.76789855957,108.565544128418,56.4315147399903,-10.5046443939209,-16.2281627655029,4.38496255874634,-5.24577713012695,-14.1244707107544,-114.305374145508,0.179064929485321,-0.0512600839138031,0.0204806588590145,-3.00000010611257e-06,-16,-3.67394031065145e-22,-0.740000009536743,-6.01999998092651,-123,1,0,0,0,0,0
174.87939453125,106.102241516113,55.4470405578613,-10.7051496505737,-16.2762794494629,4.15288162231445,-5.24577713012695,-14.1244707107544,-114.305374145508,0.179064929485321,-0.0512600839138031,0.0204806588590145,-3.00000010611257e-06,-16,-3.67394031065145e-22,-0.0999999940395355,-4.42000007629395,-123,1,0,0,0,0,0
170.649719238281,103.376960754394,54.4469299316406,-10.8642416000366,-16.3748912811279,3.5752329826355,-3.08388233184814,-12.1150712966919,-114.433662414551,0.0899728164076805,-0.113111659884453,-0.0538851842284202,-3.00000010611257e-06,-16,-3.67394031065145e-22,0.529999971389771,-2.49000000953674,-123,1,0,0,0,0,0
167.015045166016,101.020942687988,53.7084121704102,-10.8879947662354,-16.4611892700195,2.84019804000854,-0.375266760587692,-9.29874324798584,-114.090423583984,0.0899728164076805,-0.113111659884453,-0.0538851842284202,-3.00000010611257e-06,-16,-3.67394031065145e-22,0.439999997615814,-1.53999996185303,-123,1,0,0,0,0,0
162.402648925781,98.0428009033203,52.9607467651367,-10.8397922515869,-16.4733772277832,2.26190257072449,-0.375266760587692,-9.29874324798584,-114.090423583984,0.0818703770637512,-0.132413536310196,0.0207717679440975,-3.00000010611257e-06,-16,-3.67394031065145e-22,0.259999990463257,-0.829999983310699,-123,1,0,0,0,0,0
158.826797485352,95.7593917846679,52.5242462158203,-10.7533397674561,-16.3841590881348,1.5533162355423,0.995557069778442,-6.47157907485962,-115.095077514648,-0.0661617070436478,-0.106709443032742,0.0327750407159329,-3.00000010611257e-06,-16,-3.67394031065145e-22,-0.0499999970197678,-0.299999982118607,-123,1,0,0,0,0,0
154.886764526367,93.2471923828125,52.1660575866699,-10.6663637161255,-16.2570114135742,1.18049728870392,0.174346819519997,-4.83295869827271,-115.122589111328,-0.0661617070436478,-0.106709443032742,0.0327750407159329,-3.00000010611257e-06,-16,-3.67394031065145e-22,0,-0.179999992251396,-123,1,0,0,0,0,0
151.635055541992,91.1664581298828,51.9455337524414,-10.5041723251343,-16.0085430145264,0.846398174762726,0.818714499473572,-3.6790783405304,-114.517883300781,-0.00760418968275189,-0.0686805471777916,-0.0154473064467311,-3.00000010611257e-06,-16,-3.67394031065145e-22,0.0499999970197678,-0.349999994039536,-123,1,0,0,0,0,0
143.703918457031,86.0650329589843,51.5544357299805,-10.3121376037598,-15.7872467041016,0.708562791347504,0.818714499473572,-3.6790783405304,-114.517883300781,0.0537304691970348,-0.0484297946095467,-0.0341391786932945,-3.00000010611257e-06,-16,-3.67394031065145e-22,-0.25,-0.680000007152557,-123,1,0,0,0,0,0
143.703918457031,86.0650329589843,51.5544357299805,-10.1663808822632,-15.6182355880737,0.68820583820343,0.818714499473572,-3.6790783405304,-114.517883300781,0.0537304691970348,-0.0484297946095467,-0.0341391786932945,-3.00000010611257e-06,-16,-3.67394031065145e-22,-0.379999995231628,-0.799999952316284,-123,1,0,0,0,0,0
139.361419677734,83.2964172363281,51.3470497131348,-9.92472457885742,-15.4208908081055,0.530590236186981,2.71246218681335,-2.80455756187439,-113.624694824219,0.0214884839951992,-0.0420151427388191,0.000255375169217592,-3.00000010611257e-06,-16,-3.67394031065145e-22,-0.889999985694885,-1.05999994277954,-123,1,0,0,0,0,0
135.992660522461,81.1613311767578,51.2022819519043,-9.83917617797852,-15.2531480789185,0.470401912927628,-0.320396065711975,-2.09390473365784,-113.055740356445,0.0214884839951992,-0.0420151427388191,0.000255375169217592,-3.00000010611257e-06,-16,-3.67394031065145e-22,-0.930000007152557,-1.30999994277954,-123,1,0,0,0,0,0
128.536087036133,76.4177322387695,50.943416595459,-9.82159328460693,-15.0906448364258,0.317950457334518,-0.320396065711975,-2.09390473365784,-113.055740356445,-0.205603986978531,0.0040676724165678,-0.0210479367524385,-3.00000010611257e-06,-16,-3.67394031065145e-22,-0.599999964237213,-1.45999991893768,-123,1,0,0,0,0,0
128.536087036133,76.4177322387695,50.943416595459,-9.75285625457764,-14.987003326416,0.325318425893784,0.749688684940338,-1.81754767894745,-112.967445373535,-0.205603986978531,0.0040676724165678,-0.0210479367524385,-3.00000010611257e-06,-16,-3.67394031065145e-22,-0.539999961853027,-1.51999998092651,-123,1,0,0,0,0,0
124.373847961426,73.7354736328125,50.8316917419434,-9.71622753143311,-14.9161415100098,0.544054627418518,0.749688684940338,-1.81754767894745,-112.967445373535,0.129648789763451,0.0036766417324543,0.0246933996677399,-3.00000010611257e-06,-16,-3.67394031065145e-22,-0.509999990463257,-1.87999999523163,-123,1,0,0,0,0,0
117.968971252441,69.5947036743164,50.5240173339844,-9.68909072875977,-14.8344392776489,0.676753222942352,1.11656367778778,-2.37088108062744,-113.520614624023,-0.0641289204359055,0.0184554774314165,0.00746686523780226,-3.00000010611257e-06,-16,-3.67394031065145e-22,-0.449999988079071,-1.9099999666214,-123,1,0,0,0,0,0
117.968971252441,69.5947036743164,50.5240173339844,-9.68526840209961,-14.807596206665,0.612824201583862,0.307910680770874,-2.55329132080078,-113.345497131348,-0.0641289204359055,0.0184554774314165,0.00746686523780226,-3.00000010611257e-06,-16,-3.67394031065145e-22,-0.329999983310699,-1.54999995231628,-123,1,0,0,0,0,0
111.217475891113,65.2090454101562,50.1681861877442,-9.64391231536865,-14.7972164154053,0.674387812614441,1.57048869132996,-2.49425077438354,-112.904228210449,0.0433046147227287,0.0104162693023682,-0.0128751508891583,-3.00000010611257e-06,-16,-3.67394031065145e-22,-0.469999998807907,-1.02999997138977,-123,1,0,0,0,0,0
107.97900390625,63.1159172058105,49.9858283996582,-9.62381172180176,-14.7923402786255,0.671470820903778,1.14499044418335,-2.29791903495789,-112.825469970703,0.0433046147227287,0.0104162693023682,-0.0128751508891583,-3.00000010611257e-06,-16,-3.67394031065145e-22,-0.599999964237213,-0.419999986886978,-123,1,0,0,0,0,0
104.488975524902,60.8627586364746,49.7909049987793,-9.60851955413818,-14.7822275161743,0.533142149448395,1.14499044418335,-2.29791903495789,-112.825469970703,-0.0419155694544315,-0.0292966607958078,-0.0167867448180914,-3.00000010611257e-06,-16,-3.67394031065145e-22,-0.629999995231628,-0.119999997317791,-123,1,0,0,0,0,0
100.379241943359,58.2016220092773,49.6305198669434,-9.6596736907959,-14.7377710342407,0.253556609153748,0.613097548484802,-1.69285845756531,-112.616073608398,-0.0477291829884052,-0.0373365730047226,0.0110724624246359,-3.00000010611257e-06,-16,-3.67394031065145e-22,-0.379999995231628,0.409999996423721,-123,1,0,0,0,0,0
96.8524780273438,55.8976020812988,49.5453147888184,-9.60461330413818,-14.7040328979492,0.219950005412102,0.359089285135269,-1.24997615814209,-112.555473327637,0.0939715951681137,-0.00645732134580613,-0.0631089806556702,-3.00000010611257e-06,-16,-3.67394031065145e-22,-0.329999983310699,0.539999961853027,-123,1,0,0,0,0,0
93.334701538086,53.6174125671387,49.4653358459473,-9.54170989990234,-14.6719493865967,0.158680036664009,0.359089285135269,-1.24997615814209,-112.555473327637,0.0939715951681137,-0.00645732134580613,-0.0631089806556702,-3.00000010611257e-06,-16,-3.67394031065145e-22,-0.680000007152557,0.379999995231628,-123,1,0,0,0,0,0
89.8706665039063,51.3699951171875,49.432559967041,-9.57114028930664,-14.5874652862549,0.0689704045653343,1.10419118404388,-0.517616987228394,-112.263473510742,-0.184267997741699,-0.0148557052016258,-0.00216453708708286,-3.00000010611257e-06,-16,-3.67394031065145e-22,-0.399999976158142,0.340000003576279,-123,1,0,0,0,0,0
86.4086685180664,49.0931777954101,49.3785247802734,-9.60209560394287,-14.4874467849731,0.208025962114334,-0.747876226902008,-0.239526301622391,-110.765411376953,-0.184267997741699,-0.0148557052016258,-0.00216453708708286,-3.00000010611257e-06,-16,-3.67394031065145e-22,0.0299999993294477,0.179999992251396,-123,1,0,0,0,0,0
82.9693298339844,46.8079719543457,49.326831817627,-9.68900489807129,-14.3960227966309,-0.0906185060739517,-0.747876226902008,-0.239526301622391,-110.765411376953,-0.0535221248865128,-0.0291634369641543,-0.067110501229763,-3.00000010611257e-06,-16,-3.67394031065145e-22,0.469999998807907,0.219999998807907,-123,1,0,0,0,0,0
78.9934844970703,44.1278343200683,49.3281402587891,-9.71448135375977,-14.3223876953125,0.166990712285042,-1.09564983844757,0.313094913959503,-110.362884521484,-0.061159074306488,-0.0126357283443213,-0.0230787843465805,-3.00000010611257e-06,-16,-3.67394031065145e-22,1.0699999332428,-0.329999983310699,-123,1,0,0,0,0,0
76.4582290649414,42.4030876159668,49.2922210693359,-9.72982311248779,-14.2741918563843,0.360992908477783,-2.0092089176178,0.240752637386322,-110.64134979248,-0.061159074306488,-0.0126357283443213,-0.0230787843465805,-3.00000010611257e-06,-16,-3.67394031065145e-22,1.23000001907349,-0.879999995231628,-123,1,0,0,0,0,0
71.6779022216797,39.1463928222656,49.1305694580078,-9.83817386627197,-14.2521543502808,0.463022083044052,-2.0092089176178,0.240752637386322,-110.64134979248,0.167576551437378,0.0121977441012859,0.102661356329918,-3.00000010611257e-06,-16,-3.67394031065145e-22,1.73000001907349,-1.23000001907349,-123,1,0,0,0,0,0
69.1459884643555,37.3995819091797,49.0288162231445,-10.0016946792603,-14.2636871337891,0.288967579603195,-0.964496791362762,-0.174661070108414,-114.313690185547,0.167576551437378,0.0121977441012859,0.102661356329918,-3.00000010611257e-06,-16,-3.67394031065145e-22,2.41999983787537,-0.699999988079071,-123,1,0,0,0,0,0
65.5187683105469,34.8541107177734,48.9312210083008,-10.154185295105,-14.2759141921997,-0.0561270974576473,-0.964496791362762,-0.174661070108414,-114.313690185547,-0.0898527428507805,0.0304484330117702,-0.00172019191086293,-3.00000010611257e-06,-16,-3.67394031065145e-22,3.07999992370605,0.179999992251396,-123,1,0,0,0,0,0
62.1074523925781,32.4336242675781,48.9274787902832,-10.0875930786133,-14.3578786849976,-0.532482147216797,1.69730222225189,0.142107427120209,-113.851791381836,0.374954342842102,0.00248757936060429,0.0129795223474503,-3.00000010611257e-06,-16,-3.67394031065145e-22,3.14999985694885,1.01999998092651,-123,1,0,0,0,0,0
58.662281036377,30.0388011932373,49.0122261047363,-9.97654247283936,-14.3563461303711,-0.190749987959862,1.69730222225189,0.142107427120209,-113.851791381836,0.374954342842102,0.00248757936060429,0.0129795223474503,-3.00000010611257e-06,-16,-3.67394031065145e-22,2.51999998092651,0.639999985694885,-123,1,0,0,0,0,0
54.9387359619141,27.4941520690918,49.0270614624024,-9.85193634033203,-14.3474903106689,0.304914265871048,5.80992937088013,0.468679577112198,-115.797500610352,0.0439922288060188,0.0328865349292755,0.00629385514184832,-3.00000010611257e-06,-16,-3.67394031065145e-22,2.1399998664856,0.560000002384186,-123,1,0,0,0,0,0
51.8088722229004,25.3856334686279,48.92236328125,-9.63055324554443,-14.404239654541,0.7466099858284,6.1732759475708,-0.497487545013428,-113.605590820312,0.0439922288060188,0.0328865349292755,0.00629385514184832,-3.00000010611257e-06,-16,-3.67394031065145e-22,1.12000000476837,0.939999997615814,-123,1,0,0,0,0,0
47.7773818969727,22.7294082641601,48.6839942932129,-9.43726539611816,-14.509485244751,0.681589901447296,6.1732759475708,-0.497487545013428,-113.605590820312,-0.112690798938274,0.0248344410210848,-0.14481221139431,-3.00000010611257e-06,-16,-3.67394031065145e-22,0.129999995231628,1.55999994277954,-123,1,0,0,0,0,0
44.8698234558105,20.8769702911377,48.5097618103027,-9.21900749206543,-14.6174573898315,0.435993075370789,4.53498697280884,0.356659978628159,-111.94800567627,-0.112690798938274,0.0248344410210848,-0.14481221139431,-3.00000010611257e-06,-16,-3.67394031065145e-22,-0.979999959468842,1.99000000953674,-123,1,0,0,0,0,0
40.774112701416,18.359842300415,48.3667488098145,-9.02633476257324,-14.6893548965454,0.0998082980513573,4.53498697280884,0.356659978628159,-111.94800567627,-0.0438657850027084,-0.0759861022233963,0.0671205446124077,-3.00000010611257e-06,-16,-3.67394031065145e-22,-2.44000005722046,2.23000001907349,-123,1,0,0,0,0,0
37.2745819091797,16.2453117370605,48.3408508300781,-8.99868202209473,-14.6473989486694,-0.235277056694031,1.75915002822876,1.6558563709259,-114.408714294434,-0.19267575442791,-0.0670436099171638,0.111815147101879,-3.00000010611257e-06,-16,-3.67394031065145e-22,-2.75999999046326,2.09999990463257,-123,1,0,0,0,0,0
33.4747314453125,13.9311008453369,48.4196968078613,-9.08557319641113,-14.5052423477173,-0.353914737701416,-1.48603737354279,2.47547316551208,-115.80965423584,-0.19267575442791,-0.0670436099171638,0.111815147101879,-3.00000010611257e-06,-16,-3.67394031065145e-22,-2.28999996185303,1.67999994754791,-123,1,0,0,0,0,0
30.2957553863525,11.9485750198364,48.5113410949707,-9.13615703582764,-14.3982791900635,-0.613717079162598,-1.48603737354279,2.47547316551208,-115.80965423584,-0.126508787274361,0.0162977837026119,-0.0153852794319391,-3.00000010611257e-06,-16,-3.67394031065145e-22,-1.79999995231628,1.23000001907349,-123,1,0,0,0,0,0
26.0479736328125,9.24226951599121,48.7075843811035,-9.16977787017822,-14.2465438842773,-0.722375690937042,-1.83732938766479,2.51003336906433,-116.096878051758,0.042910985648632,0.0004968997091055,0.0708634853363037,-3.00000010611257e-06,-16,-3.67394031065145e-22,-1.29999995231628,0.870000004768372,-123,1,0,0,0,0,0
23.5103759765625,7.60269212722778,48.8388404846191,-9.30114459991455,-14.0996580123901,-0.757985413074493,-3.32096004486084,2.73082947731018,-118.756446838379,0.042910985648632,0.0004968997091055,0.0708634853363037,-3.00000010611257e-06,-16,-3.67394031065145e-22,-0.539999961853027,0.479999989271164,-123,1,0,0,0,0,0
19.6254920959473,5.01754188537597,49.0644836425781,-9.50918197631836,-13.8579025268555,-0.977034330368042,-3.32096004486084,2.73082947731018,-118.756446838379,-0.0148175554350019,0.0264252964407206,0.0744410157203674,-3.00000010611257e-06,-16,-3.67394031065145e-22,1.23000001907349,0.269999980926514,-123,1,0,0,0,0,0
16.3090553283691,2.74102973937988,49.3010330200195,-9.55424213409424,-13.7418069839478,-0.863991677761078,-1.79719138145447,2.39237284660339,-118.308326721191,0.0513002164661884,0.0433066934347153,-0.0713513419032097,-3.00000010611257e-06,-16,-3.67394031065145e-22,2.1399998664856,-0.0999999940395355,-123,1,0,0,0,0,0
12.5111503601074,0.0973810255527469,49.5325660705566,-9.51769733428955,-13.671703338623,-0.490123689174652,1.35920739173889,1.84528875350952,-117.299507141113,0.0513002164661884,0.0433066934347153,-0.0713513419032097,-3.00000010611257e-06,-16,-3.67394031065145e-22,2.25999999046326,-0.610000014305115,-123,1,0,0,0,0,0
9.80908393859863,-1.77716827392578,49.6233711242676,-9.44651508331299,-13.6726160049438,-0.148273721337318,4.4243745803833,1.18989849090576,-116.810935974121,0.326251149177551,0.0235007368028164,-0.0180547703057528,-3.00000010611257e-06,-16,-3.67394031065145e-22,2.11999988555908,-1.0699999332428,-123,1,0,0,0,0,0
6.28888082504272,-4.19090509414673,49.6725807189941,-9.41025161743164,-13.7403535842896,0.0928648486733437,4.4243745803833,1.18989849090576,-116.810935974121,-0.016275517642498,0.0896346420049667,-0.0604848340153694,-3.00000010611257e-06,-16,-3.67394031065145e-22,1.83999991416931,-1.35000002384186,-123,1,0,0,0,0,0
3.57902765274047,-6.02688884735108,49.6567497253418,-9.41136074066162,-13.9237060546875,0.407779425382614,2.25819110870361,-0.635898411273956,-114.660652160645,-0.016275517642498,0.0896346420049667,-0.0604848340153694,-3.00000010611257e-06,-16,-3.67394031065145e-22,1.4099999666214,-1.66999995708466,-123,1,0,0,0,0,0
-3.21976947784425,-10.5586175918579,49.4186630249023,-9.49071025848389,-14.121509552002,0.549563467502594,2.25819110870361,-0.635898411273956,-114.660652160645,-0.189232409000397,0.0715851634740829,-0.084945872426033,-3.00000010611257e-06,-16,-3.67394031065145e-22,1.12000000476837,-1.45999991893768,-123,1,0,0,0,0,0
-6.6483931541443,-12.8355836868286,49.2814140319824,-9.64148807525635,-14.3752012252808,0.486692994832993,0.691965639591217,-1.9510383605957,-113.818153381348,-0.0807387381792068,0.0243193451315165,0.00978830084204673,-3.00000010611257e-06,-16,-3.67394031065145e-22,1.13999998569489,-1.04999995231628,-123,1,0,0,0,0,0
-10.1066188812256,-15.1424360275269,49.1624412536621,-9.85779285430908,-14.5558099746704,0.511758148670197,-1.26340532302856,-2.46869015693665,-114.009140014648,-0.162501364946365,0.0235826224088669,-0.0104959029704332,-3.00000010611257e-06,-16,-3.67394031065145e-22,1.46999990940094,-0.639999985694885,-123,1,0,0,0,0,0
-13.5854434967041,-17.5105075836182,49.0139465332031,-10.1352825164795,-14.6669807434082,0.587057828903198,-1.26340532302856,-2.46869015693665,-114.009140014648,-0.162501364946365,0.0235826224088669,-0.0104959029704332,-3.00000010611257e-06,-16,-3.67394031065145e-22,2.51999998092651,-0.0899999961256981,-122,1,0,0,0,0,0
-17.4109477996826,-20.1548671722412,48.8707656860352,-10.2094945907593,-14.8511810302734,0.427557706832886,-2.87504935264587,-2.43276619911194,-113.000923156738,0.0519327446818352,-0.0467955991625786,-0.0937896445393562,-3.00000010611257e-06,-16,-3.67394031065145e-22,4.6100001335144,0.539999961853027,-121,1,0,0,0,0,0
-20.700029373169,-22.3955039978027,48.8014984130859,-10.1764154434204,-15.0339679718018,0.247937649488449,1.46784543991089,-1.49569571018219,-113.147285461426,0.253707647323608,-0.06084243953228,0.119991526007652,-3.00000010611257e-06,-16,-3.67394031065145e-22,9.96999931335449,0.879999995231628,-117,1,0,0,0,0,0
-24.3082733154297,-24.8103218078613,48.7482872009277,-10.0829086303711,-15.1704168319702,0.14334399998188,6.51150131225586,0.241965100169182,-115.602348327637,0.253707647323608,-0.06084243953228,0.119991526007652,-3.00000010611257e-06,-16,-3.67394031065145e-22,12.9399995803833,0.799999952316284,-115,1,0,0,0,0,0
-28.552677154541,-27.5712165832519,48.7696838378906,-9.85877704620361,-15.3750257492065,-0.348125994205475,6.51150131225586,0.241965100169182,-115.602348327637,0.107902266085148,-0.0559483282268047,0.0714723914861679,-3.00000010611257e-06,-16,-3.67394031065145e-22,16.5100002288818,0.979999959468842,-112,1,0,0,0,0,0
-32.2700958251953,-29.8959293365478,48.8998184204101,-9.62975311279297,-15.5218639373779,-0.607296645641327,9.02690887451172,0.99655157327652,-115.106224060059,0.041347898542881,0.0283721052110195,-0.114991255104542,-3.00000010611257e-06,-16,-3.67394031065145e-22,18.4699993133545,1.13999998569489,-110,1,0,0,0,0,0
-36.6655082702637,-32.5207901000976,49.0719413757324,-9.30124092102051,-15.6691265106201,-0.419243007898331,9.02690887451172,0.99655157327652,-115.106224060059,0.041347898542881,0.0283721052110195,-0.114991255104542,-3.00000010611257e-06,-16,-3.67394031065145e-22,20.6599998474121,1.13999998569489,-107,1,0,0,0,0,0
-40.4691886901856,-34.640193939209,49.1594390869141,-8.69690418243408,-15.9338836669922,-0.459605097770691,15.3319597244263,0.0132952835410833,-109.121963500977,0.108563460409641,-0.0696513056755066,-0.192273586988449,-3.00000010611257e-06,-16,-3.67394031065145e-22,21.0699996948242,1.02999997138977,-105,1,0,0,0,0,0
-44.6843376159668,-36.7604522705078,49.2703094482422,-8.08505153656006,-16.1610774993896,-0.348336279392242,15.3319597244263,0.0132952835410833,-109.121963500977,0.108563460409641,-0.0696513056755066,-0.192273586988449,-3.00000010611257e-06,-16,-3.67394031065145e-22,20.4599990844727,0.740000009536743,-103,1,0,0,0,0,0
-48.2890548706055,-38.3967628479004,49.2893104553223,-7.37407779693604,-16.4109649658203,0.140587687492371,18.970666885376,0.0451797805726528,-106.261474609375,0.0283177904784679,0.00026819668710231,-0.0634801238775253,-3.00000010611257e-06,-16,-3.67394031065145e-22,19.8999996185303,0.319999992847443,-101,1,0,0,0,0,0
-52.2685165405274,-40.0574188232422,49.2312355041504,-6.90813541412354,-16.6256484985352,0.443066328763962,17.5459022521973,0.481669217348099,-105.338394165039,-0.0601017139852047,0.0462614744901657,-0.150761321187019,-3.00000010611257e-06,-16,-3.67394031065145e-22,20.0599994659424,0.0799999982118607,-99,1,0,0,0,0,0
-56.9650344848633,-41.8800430297851,49.0556106567383,-6.38456249237061,-16.8975067138672,0.736706793308258,17.5459022521973,0.481669217348099,-105.338394165039,-0.0601017139852047,0.0462614744901657,-0.150761321187019,-3.00000010611257e-06,-16,-3.67394031065145e-22,20.0299987792969,0.699999988079071,-98,1,0,0,0,0,0
-61.1073570251465,-43.3025588989258,48.8335304260254,-5.55842781066895,-17.2099094390869,0.859412848949432,18.9122009277344,-2.04643034934998,-98.6335220336914,0.28441047668457,-0.0353535376489163,-0.332436889410019,-3.00000010611257e-06,-16,-3.67394031065145e-22,18.3299999237061,2.20000004768372,-96,1,0,0,0,0,0
-65.326416015625,-44.5211982727051,48.5984344482422,-4.83509206771851,-17.4159545898438,0.871841251850128,22.1644325256348,-1.32764983177185,-93.1742172241211,-0.103885859251022,-0.158439487218857,-0.18628765642643,-3.00000010611257e-06,-16,-3.67394031065145e-22,16.3400001525879,2.77999997138977,-95,1,0,0,0,0,0
-69.586799621582,-45.5101318359375,48.4130592346191,-3.69823670387268,-17.5900764465332,0.638789772987366,22.1644325256348,-1.32764983177185,-93.1742172241211,-0.103885859251022,-0.158439487218857,-0.18628765642643,-3.00000010611257e-06,-16,-3.67394031065145e-22,12.539999961853,3.35999989509583,-94,1,0,0,0,0,0
-73.1649398803711,-46.1831092834473,48.3124809265137,-3.03976798057556,-17.6297225952148,0.412272781133652,19.135274887085,0.287183105945587,-88.6702499389648,-0.177311033010483,-0.159172877669334,-0.140666037797928,-3.00000010611257e-06,-16,-3.67394031065145e-22,10.1099996566772,3.5,-93,1,0,0,0,0,0
-78.1710968017578,-46.9184799194336,48.2670021057129,-2.15976858139038,-17.5623760223389,-0.0125947659835219,16.125244140625,2.19421315193176,-85.0180435180664,-0.12829701602459,-0.116747662425041,-0.143810227513313,-3.00000010611257e-06,-16,-3.67394031065145e-22,6.79999971389771,3.46000003814697,-93,1,0,0,0,0,0
-82.4332046508789,-47.3757667541504,48.3239326477051,-1.4980616569519,-17.4347076416016,-0.416759669780731,16.125244140625,2.19421315193176,-85.0180435180664,-0.12829701602459,-0.116747662425041,-0.143810227513313,-3.00000010611257e-06,-16,-3.67394031065145e-22,4.46999979019165,3.43999981880188,-92,1,0,0,0,0,0
-86.5851821899414,-47.6870155334472,48.4682807922363,-0.973443210124969,-17.2111968994141,-0.75069260597229,13.0312871932983,3.56611347198486,-81.3617095947266,-0.210907220840454,-0.0591780468821526,-0.0937223434448242,-3.00000010611257e-06,-16,-3.67394031065145e-22,1.68999993801117,3.09999990463257,-92,1,0,0,0,0,0
-91.4675979614258,-47.925064086914,48.7465019226074,-0.604955196380615,-16.9707431793213,-1.07681477069855,13.0312871932983,3.56611347198486,-81.3617095947266,-0.210907220840454,-0.0591780468821526,-0.0937223434448242,-3.00000010611257e-06,-16,-3.67394031065145e-22,0.189999997615814,2.77999997138977,-92,1,0,0,0,0,0
-94.8865280151367,-48.0369453430176,48.9959602355957,-0.37989816069603,-16.7296047210693,-1.26180648803711,8.25595474243164,4.72805023193359,-79.5572204589844,-0.16376206278801,-0.0303098578006029,-0.0225544776767492,-3.00000010611257e-06,-16,-3.67394031065145e-22,-1.1599999666214,2.30999994277954,-92,1,0,0,0,0,0
-99.5795669555664,-48.1535339355469,49.3729591369629,-0.277211129665375,-16.5063438415527,-1.17464435100555,5.93975830078125,4.99190187454224,-79.2216644287109,-0.157817021012306,0.0216079428792,-0.00857466738671065,-3.00000010611257e-06,-16,-3.67394031065145e-22,-1.52999997138977,1.75999999046326,-91,1,0,0,0,0,0
-102.468978881836,-48.2178611755371,49.5911331176758,-0.29176065325737,-16.3023872375488,-1.09171533584595,2.64781355857849,4.42561864852905,-78.519889831543,-0.157817021012306,0.0216079428792,-0.00857466738671065,-3.00000010611257e-06,-16,-3.67394031065145e-22,-1.45999991893768,0.740000009536743,-91,1,0,0,0,0,0
-106.731399536133,-48.3153266906738,49.8909454345703,-0.358463197946548,-16.195484161377,-1.06630969047546,2.64781355857849,4.42561864852905,-78.519889831543,-0.172168955206871,0.0301056168973446,-0.0592176206409931,-3.00000010611257e-06,-16,-3.67394031065145e-22,-1.0699999332428,0,-91,1,0,0,0,0,0
-110.306228637695,-48.4123497009277,50.1271324157715,-0.437973082065582,-16.1138191223145,-0.937388598918915,-0.296768844127655,3.61123275756836,-77.5143585205078,-0.0785096362233162,0.0395039170980453,-0.0294426716864109,-3.00000010611257e-06,-16,-3.67394031065145e-22,-0.299999982118607,-1,-91,1,0,0,0,0,0
-113.829566955566,-48.5229225158691,50.3443412780762,-0.488621890544891,-16.0914039611816,-0.829240322113037,-0.296768844127655,3.61123275756836,-77.5143585205078,-0.0785096362233162,0.0395039170980453,-0.0294426716864109,-3.00000010611257e-06,-16,-3.67394031065145e-22,-0.149999991059303,-1.39999997615814,-91,1,0,0,0,0,0
-118.246673583984,-48.6741600036621,50.5507621765137,-0.566679716110229,-16.1402378082275,-0.0921065285801888,-0.688795387744904,2.15328502655029,-77.6691513061523,-0.0130245741456747,0.0949626043438911,0.034765675663948,-3.00000010611257e-06,-16,-3.67394031065145e-22,0.709999978542328,-2.76999998092651,-91,1,0,0,0,0,0
-122.099708557129,-48.8144035339355,50.6054420471191,-0.598413050174713,-16.258544921875,0.396659165620804,-0.828419923782349,0.151632860302925,-78.4023590087891,-0.0130245741456747,0.0949626043438911,0.034765675663948,-3.00000010611257e-06,-16,-3.67394031065145e-22,1.10000002384186,-2.99000000953674,-91,1,0,0,0,0,0
-125.990051269531,-48.9592933654785,50.5013046264648,-0.631089806556702,-16.447151184082,0.695457458496094,-0.828419923782349,0.151632860302925,-78.4023590087891,0.0976851508021355,0.0857802778482437,0.0445737242698669,-3.00000010611257e-06,-16,-3.67394031065145e-22,1.57999992370605,-2.67999982833862,-91,1,0,0,0,0,0
-129.905609130859,-49.1037330627441,50.3138771057129,-0.644900977611542,-16.6543006896973,0.801208257675171,0.0747692286968231,-1.68072390556335,-79.6192626953125,0.0976851508021355,0.0857802778482437,0.0445737242698669,0.000418000010540709,-16,5.11902369977318e-20,1.83999991416931,-1.87999999523163,-90,1,0,0,0,0,0
-133.504928588867,-49.2389945983886,50.1120223999023,-0.663066148757935,-16.9717273712158,0.78269225358963,0.0747692286968231,-1.68072390556335,-79.6192626953125,0.0471447631716728,0.0519358962774277,0.0299286209046841,0.0182099994271994,-15.9999895095825,2.23008182657511e-18,2.34999990463257,-0.719999969005585,-90,1,0,0,0,0,0
-137.225799560547,-49.3751449584961,49.9164352416992,-0.68524569272995,-17.2150096893311,0.712914347648621,-0.226465538144112,-2.18822264671326,-80.7411117553711,0.0471447631716728,0.0519358962774277,0.0299286209046841,0.163217008113861,-15.9991674423218,1.99883182308927e-17,3.08999991416931,-0.170000001788139,-90,1,0,0,0,0,0
-146.155548095703,-49.7073402404785,49.6096611022949,-0.645175099372864,-17.4555435180664,0.245265603065491,1.21320915222168,-1.49510228633881,-81.6047134399414,0.0186644829809666,-0.038657583296299,0.0760536417365074,0.394843012094498,-15.9951276779175,4.83543217057225e-17,4.1100001335144,0.529999971389771,-89,1,0,0,0,0,0
-146.155548095703,-49.7073402404785,49.6096611022949,-0.664817810058594,-17.555591583252,0.11887750774622,1.21320915222168,-1.49510228633881,-81.6047134399414,0.0186644829809666,-0.038657583296299,0.0760536417365074,1.02194893360138,-15.9673299789429,1.251526516724e-16,6.56999969482422,0.709999978542328,-87,1,0,0,0,0,0
-154.548461914062,-49.9990348815918,49.6247444152832,-0.634040296077728,-17.6387901306152,-0.0579349398612976,2.06109833717346,-0.696425378322601,-82.7402725219727,0.101063244044781,-0.0114747770130634,-0.0315157920122147,2.45148992538452,-15.8110780715942,3.00220954926495e-16,12.0500001907349,1.63999998569489,-84,1,0,0,0,0,0
-154.548461914062,-49.9990348815918,49.6247444152832,-0.495210111141205,-17.5984878540039,-0.110351614654064,4.17049837112427,-0.258658409118652,-81.9071655273438,0.101063244044781,-0.0114747770130634,-0.0315157920122147,3.39721894264221,-15.635181427002,4.16039316755042e-16,15.4799995422363,1.07999992370605,-81,1,0,0,0,0,0
-159.475967407227,-50.1389350891113,49.6722297668457,-0.18374864757061,-17.4876308441162,-0.136318117380142,4.17049837112427,-0.258658409118652,-81.9071655273438,0.196925327181816,-0.0390704683959484,-0.0709777772426605,4.98019599914551,-15.2051849365234,6.09898079797019e-16,20.3599987030029,0.399999976158142,-77,1,0,0,0,0,0
-167.071472167969,-50.1511268615722,49.7619171142578,0.256265640258789,-17.317943572998,-0.20982201397419,10.6032800674438,0.778388977050781,-80.7358245849609,0.298978328704834,-0.0514922142028809,-0.0101638212800026,6.043288230896,-14.8148126602173,7.4008937313061e-16,23.2999992370605,1.12999999523163,-73,1,0,0,0,0,0
-171.189804077148,-49.9920310974121,49.7933006286621,0.854830801486969,-17.0918426513672,0.0248743537813425,15.3338308334351,1.51904225349426,-79.2053680419922,0.233835577964783,-0.0149039123207331,-0.1293685734272,7.57955074310303,-14.0907917022705,9.28227302116611e-16,27.1800003051758,1.13999998569489,-68,1,0,0,0,0,0
-175.243774414062,-49.6928787231445,49.7702331542969,1.55473935604095,-16.8454341888428,0.0751043781638145,15.3338308334351,1.51904225349426,-79.2053680419922,0.233835577964783,-0.0149039123207331,-0.1293685734272,9.94209766387939,-12.5361347198486,1.21755586332767e-15,29.1199989318848,1.33999991416931,-64,1,0,0,0,0,0
-179.191177368164,-49.2192459106445,49.7345428466797,2.35322237014771,-16.5580425262451,0.148817047476768,20.4398174285889,1.75318014621735,-76.355094909668,0.257407397031784,-0.0783471167087555,-0.127100721001625,9.94209766387939,-12.5361347198486,1.21755586332767e-15,31.3400001525879,1.64999997615814,-58,1,0,0,0,0,0
-183.136535644531,-48.5259590148925,49.6891670227051,3.31658411026001,-16.212287902832,0.292528480291367,20.4398174285889,1.75318014621735,-76.355094909668,0.257407397031784,-0.0783471167087555,-0.127100721001625,10.8039693832397,-11.8014507293701,1.32310474476415e-15,32.3099975585938,1.92999994754791,-54,1,0,0,0,0,0
-187.020111083984,-47.5781669616699,49.5923271179199,4.58796787261963,-15.7169399261475,0.417974650859833,27.7352313995361,1.44904780387878,-70.3291702270508,0.233973637223244,-0.105252832174301,-0.207212299108505,12.7130613327026,-9.7148380279541,1.55690097892027e-15,33.2799987792969,2.57999992370605,-48,1,0,0,0,0,0
-191.076019287109,-46.2399063110351,49.4665908813476,5.43617296218872,-15.3510675430298,0.391430467367172,27.7352313995361,1.44904780387878,-70.3291702270508,0.233973637223244,-0.105252832174301,-0.207212299108505,12.7130613327026,-9.7148380279541,1.55690097892027e-15,33.5299987792969,2.93999981880188,-44,1,0,0,0,0,0
-194.659362792969,-44.7528533935546,49.3349876403808,6.41084432601929,-14.8572454452515,0.68188202381134,29.6476173400879,1.6461991071701,-64.3267593383789,0.0496011339128017,-0.109690442681313,-0.248978346586227,13.6711750030518,-8.31258010864258,1.67423600618043e-15,34.4699974060059,3.12999987602234,-38,1,0,0,0,0,0
-197.879547119141,-43.1610031127929,49.1616058349609,7.85421800613403,-14.0387239456177,0.827586710453033,32.5287170410156,0.302382946014404,-54.9659004211426,0.0496011339128017,-0.109690442681313,-0.248978346586227,14.4752569198608,-6.81666612625122,1.77270771558436e-15,34.7099990844727,3.52999997138977,-34,1,0,0,0,0,0
-201.485366821289,-40.9877090454101,48.9322547912597,9.20843410491943,-13.1246576309204,0.728506922721863,32.5287170410156,0.302382946014404,-54.9659004211426,0.127103552222252,-0.182852268218994,-0.348939388990402,15.2888927459717,-4.71696615219116,1.87234938924669e-15,31.769998550415,4.36999988555908,-30,1,0,0,0,0,0
-204.064849853516,-39.0532569885253,48.7850341796875,10.5846128463745,-12.0035238265991,0.53918868303299,35.7146797180176,0.391592353582382,-47.6409721374512,0.00365082733333111,-0.235491693019867,-0.232731655240059,15.4405937194824,-4.19381284713745,1.89092736287881e-15,33.2599983215332,4.78999996185303,-23,1,0,0,0,0,0
-206.658203125,-36.7071151733398,48.6601409912109,11.9967041015625,-10.5149698257446,-0.00644888635724783,35.7146797180176,0.391592353582382,-47.6409721374512,0.00365082733333111,-0.235491693019867,-0.232731655240059,15.7672281265259,-2.7192850112915,1.9309284938129e-15,32.1499977111816,5.52999973297119,-17,1,0,0,0,0,0
-209.235626220703,-33.8425216674804,48.6210861206054,13.0635385513306,-9.04535961151123,-0.52599436044693,33.8181304931641,1.25353765487671,-37.0666389465332,0.00315757095813751,-0.238873407244682,-0.323725998401642,15.8903799057007,-1.86971294879913,1.94601033895524e-15,28.4300003051758,5.83999967575073,-15,1,0,0,0,0,0
-211.654708862305,-30.3946800231933,48.7364311218261,13.818883895874,-7.65058660507202,-0.861474096775055,33.8181304931641,1.25353765487671,-37.0666389465332,0.00315757095813751,-0.238873407244682,-0.323725998401642,15.975790977478,-0.87983101606369,1.95647013706264e-15,26.4200000762939,5.48999977111816,-9,1,0,0,0,0,0
-213.642120361328,-26.769245147705,48.9639816284179,14.2201051712036,-6.49244213104248,-0.837208271026611,30.5372505187988,2.35560297966003,-26.7824783325195,-0.301268756389618,-0.200054198503494,-0.271048665046692,15.9940881729126,-0.434904992580414,1.9587109627246e-15,24.5100002288818,4.65999984741211,-7,1,0,0,0,0,0
-215.160659790039,-23.3617706298828,49.2013511657715,14.5212097167969,-5.16364145278931,-1.08397901058197,27.2408332824707,2.77994585037231,-19.2602958679199,-0.301268756389618,-0.200054198503494,-0.271048665046692,15.9998016357422,-0.0797000005841255,1.95941061193904e-15,20.6800003051758,3.72000002861023,-4,1,0,0,0,0,0
-216.422760009766,-19.9067420959472,49.4898872375488,14.589789390564,-4.64487028121948,-1.07459378242493,27.2408332824707,2.77994585037231,-19.2602958679199,-0.136103138327599,-0.113530904054642,-0.287808448076248,15.9998016357422,-0.0797000005841255,1.95941061193904e-15,18.0599994659424,3.82999992370605,-3,1,0,0,0,0,0
-217.516983032227,-16.1313858032226,49.8189277648925,14.7104425430298,-3.10792946815491,-0.924467444419861,24.6415481567383,1.90106058120728,-11.7003040313721,-0.0789829194545746,-0.114371873438358,-0.309839099645615,16,6.00000021222513e-06,1.95943496413627e-15,13.4899997711182,1.50999999046326,-2,1,0,0,0,0,0
-218.276016235352,-12.6498231887817,50.0717010498047,14.6775884628296,-2.22702312469482,-0.891216158866882,21.3163108825684,2.73849439620972,-7.36878824234009,-0.0789829194545746,-0.114371873438358,-0.309839099645615,16,6.00000021222513e-06,1.95943496413627e-15,10.460000038147,1.33999991416931,-1,1,0,0,0,0,0
-218.825637817383,-9.18361663818355,50.2983589172363,14.5797681808472,-1.49731850624084,-0.771610498428345,21.3163108825684,2.73849439620972,-7.36878824234009,-0.288019090890884,-0.100780457258225,-0.0774243772029877,16,6.00000021222513e-06,1.95943496413627e-15,6.65999984741211,0.310000002384186,-1,1,0,0,0,0,0
-219.206604003906,-5.71685934066768,50.517276763916,14.5052080154419,-0.989697992801666,-0.515815198421478,16.0718536376953,3.5836296081543,-4.65316915512085,-0.288019090890884,-0.100780457258225,-0.0774243772029877,16,6.00000021222513e-06,1.95943496413627e-15,4.80999994277954,-0.449999988079071,0,1,0,0,0,0,0
-219.450881958008,-2.57883739471431,50.6586036682129,14.4269285202026,-0.623488545417786,-0.763246476650238,16.0718536376953,3.5836296081543,-4.65316915512085,-0.323973685503006,0.00104858726263045,-0.123334266245365,16,6.00000021222513e-06,1.95943496413627e-15,3.08999991416931,-0.979999959468842,0,1,0,0,0,0,0
-219.641326904297,1.03148078918462,50.8373832702636,14.3634080886841,-0.45645660161972,-1.04078090190887,7.45867824554443,2.92816996574402,-2.44467759132385,-0.359163284301758,0.0595719441771507,-0.0644019618630409,16,6.00000021222513e-06,1.95943496413627e-15,1.94999992847443,-1.24000000953674,0,1,0,0,0,0,0
-219.775756835938,4.41032028198247,51.0808944702148,14.3299856185913,-0.419734537601471,-1.02804136276245,1.86537396907806,1.74273872375488,-0.965759694576263,-0.359163284301758,0.0595719441771507,-0.0644019618630409,16,6.00000021222513e-06,1.95943496413627e-15,1.88999998569489,-1.95999991893768,0,1,0,0,0,0,0
-219.920288085938,8.09285640716558,51.3689308166504,14.2766046524048,-0.440626412630081,-0.792133152484894,2.20367240905762,0.788416743278503,-0.475119590759277,-0.156892731785774,0.0689701363444328,-0.0560143180191517,16,6.00000021222513e-06,1.95943496413627e-15,2.16999983787537,-2.84999990463257,0,1,0,0,0,0,0
-220.207626342773,15.0687723159791,51.7617607116699,14.2479705810547,-0.402888238430023,-0.369073152542114,2.20367240905762,0.788416743278503,-0.475119590759277,0.00448499945923686,0.0524657554924488,-0.0370867401361466,16,6.00000021222513e-06,1.95943496413627e-15,2.32999992370605,-3.66999983787537,0,1,0,0,0,0,0
-220.207626342773,15.0687723159791,51.7617607116699,14.2629098892212,-0.259971678256989,0.0154065117239952,4.83931970596313,-0.603859961032867,0.659028112888336,0.00448499945923686,0.0524657554924488,-0.0370867401361466,16,6.00000021222513e-06,1.95943496413627e-15,1.86000001430511,-3.92999982833862,0,1,0,0,0,0,0
-220.33251953125,22.0442924499512,51.7087478637695,14.3540067672729,0.0214105118066072,0.21555195748806,6.61951065063477,-1.29948782920837,0.48154091835022,-0.137561440467834,0.060958344489336,0.0531818270683289,16,6.00000021222513e-06,1.95943496413627e-15,0.429999977350235,-4.1100001335144,0,1,0,0,0,0,0
-220.33251953125,22.0442924499512,51.7087478637695,14.4140157699585,0.0750726982951164,0.326232612133026,6.61951065063477,-1.29948782920837,0.48154091835022,-0.137561440467834,0.060958344489336,0.0531818270683289,16,6.00000021222513e-06,1.95943496413627e-15,0.0399999991059303,-3.61999988555908,0,1,0,0,0,0,0
-220.316665649414,29.135856628418,51.4367713928222,14.6222791671753,-0.0835148617625237,0.682006299495697,2.03849291801453,-2.21418642997742,-0.663693428039551,-0.324692815542221,0.0943432822823524,-0.0321582071483135,16,6.00000021222513e-06,1.95943496413627e-15,0.719999969005585,-2.75,0,1,0,0,0,0,0
-220.351684570312,32.6261520385743,51.2472457885742,14.8232412338257,-0.164725288748741,0.564131617546082,-0.968068540096283,-3.81323623657227,2.67958641052246,-0.120651178061962,0.0242067612707615,-0.181968957185745,16,6.00000021222513e-06,1.95943496413627e-15,1.17999994754791,-2.14999985694885,0,1,0,0,0,0,0
-220.351684570312,32.6261520385743,51.2472457885742,14.9548740386963,-0.129406407475471,0.456319868564606,-0.968068540096283,-3.81323623657227,2.67958641052246,-0.120651178061962,0.0242067612707615,-0.181968957185745,16,6.00000021222513e-06,1.95943496413627e-15,1.22000002861023,-1.14999997615814,0,1,0,0,0,0,0
-220.395263671875,36.4600334167481,51.105541229248,14.997670173645,-0.0629771500825882,0.112632088363171,1.32870447635651,-2.76013827323914,3.8260657787323,-0.120651178061962,0.0242067612707615,-0.181968957185745,16,6.00000021222513e-06,1.95943496413627e-15,0.939999997615814,-0.539999961853027,0,1,0,0,0,0,0
-220.405914306641,39.9848442077637,51.0384368896484,14.9604024887085,-0.0267206132411957,-0.445339411497116,1.32870447635651,-2.76013827323914,3.8260657787323,0.0513216219842434,-0.099431499838829,0.0539465546607971,16,6.00000021222513e-06,1.95943496413627e-15,0.659999966621399,0.0399999991059303,0,1,0,0,0,0,0
-220.39778137207,44.0740699768067,51.1377601623535,14.8125219345093,-0.0808827206492424,-0.890971899032593,1.51126050949097,-0.580086052417755,2.06305646896362,-0.0152324298396707,-0.0959827452898025,0.0772006958723068,16,6.00000021222513e-06,1.95943496413627e-15,0.810000002384186,0.229999989271164,0,1,0,0,0,0,0
-220.397918701172,47.296859741211,51.3108901977539,14.6174087524414,-0.0706428438425064,-0.890194296836853,0.666219830513,0.690497875213623,1.93004131317139,-0.0152324298396707,-0.0959827452898025,0.0772006958723068,16,6.00000021222513e-06,1.95943496413627e-15,0.879999995231628,-0.370000004768372,0,1,0,0,0,0,0
-220.382522583008,54.4444656372071,51.7503128051758,14.3761405944824,-0.0353966169059277,-0.596701622009277,1.97048676013947,0.897671818733215,2.70540976524353,-0.147816002368927,0.000810910016298289,-0.0437133833765984,16,6.00000021222513e-06,1.95943496413627e-15,0.759999990463257,-1.48000001907349,0,1,0,0,0,0,0
-220.382522583008,54.4444656372071,51.7503128051758,14.1192808151245,0.0449128076434135,-0.483155250549316,1.97048676013947,0.897671818733215,2.70540976524353,-0.147816002368927,0.000810910016298289,-0.0437133833765984,16,6.00000021222513e-06,1.95943496413627e-15,0.28999999165535,-2.11999988555908,0,1,0,0,0,0,0
-220.340972900391,58.0518074035645,51.8971900939941,13.970890045166,0.146561071276665,-0.275709301233292,2.69220781326294,0.669686496257782,3.49571061134338,-0.147816002368927,0.000810910016298289,-0.0437133833765984,16,6.00000021222513e-06,1.95943496413627e-15,-0.28999999165535,-2.28999996185303,0,1,0,0,0,0,0
-220.274429321289,61.365707397461,51.9734840393066,13.7956705093384,0.206623539328575,-0.239107668399811,1.51819312572479,0.5330850481987,2.95073199272156,0.104396589100361,0.013832432217896,-0.0225302912294865,16,6.00000021222513e-06,1.95943496413627e-15,-0.870000004768372,-2.71000003814697,0,1,0,0,0,0,0
-220.174880981445,65.1658630371094,52.0315933227539,13.6752281188965,0.230715662240982,-0.070340484380722,1.51819312572479,0.5330850481987,2.95073199272156,-0.135671928524971,0.0322508960962296,0.00184306176379323,16,6.00000021222513e-06,1.95943496413627e-15,-1.05999994277954,-3.01999998092651,0,1,0,0,0,0,0
-220.087615966797,68.0506286621094,52.0565643310547,13.6224250793457,0.199785158038139,-0.118722088634968,0.0275982338935137,-0.288999170064926,2.74511861801147,-0.135671928524971,0.0322508960962296,0.00184306176379323,16,6.00000021222513e-06,1.95943496413627e-15,-1.16999995708466,-3.08999991416931,0,1,0,0,0,0,0
-219.98828125,71.5213928222657,52.0776977539062,13.5490617752075,0.141873091459274,0.13972444832325,0.0275982338935137,-0.288999170064926,2.74511861801147,-0.108298368752003,0.0435214936733246,-0.0051692258566618,16,6.00000021222513e-06,1.95943496413627e-15,-0.959999978542328,-3.60999989509583,0,1,0,0,0,0,0
-219.860366821289,77.8725204467774,52.0092239379883,13.5360431671143,0.0782392621040344,0.383439511060715,-1.89549231529236,-1.48991787433624,2.74577856063843,-0.128772243857384,0.0555017367005348,0.0185760855674744,16,6.00000021222513e-06,1.95943496413627e-15,-0.799999952316284,-3.87999987602234,0,1,0,0,0,0,0
-219.821029663086,81.3060989379883,51.8504257202148,13.5544128417969,-0.00552037078887224,0.685503602027893,-1.58662521839142,-2.33247327804565,1.53610503673553,-0.0119720567017794,0.0682004913687706,0.0880286395549774,16,6.00000021222513e-06,1.95943496413627e-15,-0.529999971389771,-4.17000007629395,0,1,0,0,0,0,0
-219.821029663086,81.3060989379883,51.8504257202148,13.6108131408691,-0.0847881212830544,0.977852523326874,-1.58662521839142,-2.33247327804565,1.53610503673553,-0.0119720567017794,0.0682004913687706,0.0880286395549774,16,6.00000021222513e-06,1.95943496413627e-15,0.119999997317791,-4.30999994277954,0,1,0,0,0,0,0
-219.862380981445,87.9500808715821,51.3357238769531,13.7981147766113,-0.380793571472168,0.893084943294525,-3.61846399307251,-3.39428758621216,-0.295919686555862,-0.199259370565414,0.0333155505359173,0.0384553335607052,16,6.00000021222513e-06,1.95943496413627e-15,1.13999998569489,-3.64999985694885,0,1,0,0,0,0,0
-219.862380981445,87.9500808715821,51.3357238769531,13.9176959991455,-0.517663598060608,1.06272995471954,-1.15616965293884,-4.03520011901855,0.484368801116943,-0.199259370565414,0.0333155505359173,0.0384553335607052,16,6.00000021222513e-06,1.95943496413627e-15,2.5699999332428,-2.85999989509583,0,1,0,0,0,0,0
-219.995376586914,91.7049026489258,51.040584564209,14.0819854736328,-0.55572897195816,1.18626725673676,-1.15616965293884,-4.03520011901855,0.484368801116943,0.233613058924675,-0.0166570711880922,-0.0604605376720428,16,6.00000021222513e-06,1.95943496413627e-15,2.87999987602234,-2.59999990463257,0,1,0,0,0,0,0
-220.123062133789,95.0021286010743,50.7419090270996,14.2309856414795,-0.536911368370056,1.1617397069931,1.84186589717865,-3.44695687294006,0.749066591262817,0.233613058924675,-0.0166570711880922,-0.0604605376720428,16,6.00000021222513e-06,1.95943496413627e-15,3.00999999046326,-1.99000000953674,0,1,0,0,0,0,0
-220.251953125,98.6168441772461,50.4192428588867,14.3435573577881,-0.477151542901993,1.11808240413666,1.84186589717865,-3.44695687294006,0.749066591262817,0.0212353877723217,-0.0367832109332085,-0.00405121501535177,16,6.00000021222513e-06,1.95943496413627e-15,2.98000001907349,-1.41999995708466,0,1,0,0,0,0,0
-220.357833862305,101.986228942871,50.1305084228515,14.402214050293,-0.393241882324219,1.09777355194092,3.22277855873108,-2.72630667686462,1.40501725673676,0.0212353877723217,-0.0367832109332085,-0.00405121501535177,16,6.00000021222513e-06,1.95943496413627e-15,2.52999997138977,-0.839999973773956,0,1,0,0,0,0,0
-220.429153442383,105.051216125488,49.8846778869629,14.5106954574585,-0.245220318436623,0.943051815032959,3.75448274612427,-2.14475274085999,1.50897097587585,0.0644950568675995,-0.0230587553232908,-0.0272281840443611,16,6.00000021222513e-06,1.95943496413627e-15,2.03999996185303,-0.299999982118607,0,1,0,0,0,0,0
-220.480178833008,109.314155578613,49.5707130432129,14.5663423538208,-0.158354490995407,0.861218750476837,3.75448274612427,-2.14475274085999,1.50897097587585,-0.00373042188584805,-0.0257700942456722,0.00033239554613829,16,6.00000021222513e-06,1.95943496413627e-15,1.63999998569489,0.0199999995529652,0,1,0,0,0,0,0
-220.492980957031,112.452209472656,49.3697547912597,14.6226749420166,-0.125617399811745,0.679167211055756,2.22548842430115,-1.24158048629761,2.17234468460083,-0.00373042188584805,-0.0257700942456722,0.00033239554613829,15.9999971389771,0.0102869998663664,1.95943454061979e-15,1.38999998569489,0.569999992847443,0,1,0,0,0,0,0
-220.503234863281,116.174354553223,49.1731948852539,14.6662282943726,-0.0333396531641483,0.394972592592239,2.14504861831665,-0.628295063972473,3.50615930557251,-0.0788872390985489,-0.0117284785956144,-0.0712929144501686,15.9998588562012,0.0671949982643127,1.95941759996085e-15,1.12999999523163,1.00999999046326,0,1,0,0,0,0,0
-220.509674072266,119.600646972656,49.0338439941406,14.636492729187,0.0523041859269142,0.116576604545116,2.14504861831665,-0.628295063972473,3.50615930557251,0.113520182669163,-0.0331376567482948,-0.0178536791354418,15.9966650009155,0.326649010181427,1.95902648249746e-15,1.25999999046326,2.01999998092651,1,1,0,0,0,0,0
-220.451095581055,126.772178649902,48.9949264526367,14.5515165328979,0.0611259676516056,-0.207887411117554,2.3960063457489,0.515178322792053,2.75589680671692,-0.0988666787743568,-0.0354401990771294,0.016438577324152,15.9928779602051,0.477333009243011,1.95856273195883e-15,1.50999999046326,1.38999998569489,1,1,0,0,0,0,0
-220.434204101562,129.880401611328,49.0678329467773,14.4442682266235,-0.00545440148562193,-0.379259377717972,-0.199400588870049,1.40567374229431,2.96464037895203,-0.0380957648158073,-0.0537347905337811,-0.0391118973493576,15.9572982788086,1.16817200183868,1.95420538271992e-15,3.5,0.659999966621399,2,1,0,0,0,0,0
-220.436584472656,133.277008056641,49.1829643249511,14.3343820571899,-0.0449184291064739,-0.444371491670609,-0.199400588870049,1.40567374229431,2.96464037895203,-0.0380957648158073,-0.0537347905337811,-0.0391118973493576,15.8934965133667,1.84303498268127,1.94639192729797e-15,5.46000003814697,1.05999994277954,4,1,0,0,0,0,0
-220.442672729492,136.069122314453,49.2859649658203,14.2096481323242,-0.0261679086834192,-0.527202188968658,1.47424173355103,2.00316691398621,3.65174269676208,0.149781227111816,-0.0133283846080303,0.00211030105128884,15.8418836593628,2.24381709098816,1.94007115568732e-15,7.06999969482422,0.479999989271164,5,1,0,0,0,0,0
-220.425384521484,139.42724609375,49.4175491333008,14.0578966140747,0.125800237059593,-0.512837171554565,4.82125425338745,2.26439714431763,3.35122537612915,0.149781227111816,-0.0133283846080303,0.00211030105128884,15.5756816864014,3.66034817695618,1.90747076337164e-15,10.3499994277954,-0.00999999977648258,8,1,0,0,0,0,0
-220.368774414062,142.658752441406,49.5276336669922,13.9202079772949,0.330669671297073,-0.335416287183762,4.82125425338745,2.26439714431763,3.35122537612915,0.134026870131493,-0.0170287825167179,0.0385212823748589,14.9159412384033,5.78918743133545,1.82667610218131e-15,11.6799993515015,-0.429999977350235,13,1,0,0,0,0,0
-220.285736083984,145.389190673828,49.5957565307617,13.8155002593994,0.633163154125214,-0.338054269552231,7.2078423500061,2.15954947471619,3.18109154701233,0.182638898491859,-0.00199909321963787,-0.0257649160921574,14.4690628051758,6.82980394363403,1.77194919758009e-15,17.0599994659424,-0.779999971389771,16,1,0,0,0,0,0
-220.085220336914,149.180877685547,49.6858940124511,13.7464780807495,0.986345171928406,-0.112053893506527,7.2078423500061,2.15954947471619,3.18109154701233,0.182638898491859,-0.00199909321963787,-0.0257649160921574,14.2182846069336,7.3375997543335,1.74123768873678e-15,17.0200004577637,-0.769999980926514,17,1,0,0,0,0,0
-219.804046630859,152.397064208984,49.6914024353027,13.6883487701416,1.36252319812775,0.11222929507494,13.2521047592163,1.55562353134155,4.56202697753906,0.150308519601822,0.0245200283825397,-0.110285133123398,14.2182846069336,7.3375997543335,1.74123768873678e-15,17.7999992370605,-0.759999990463257,19,1,0,0,0,0,0
-219.330184936523,156.152069091797,49.5918350219726,13.653392791748,1.94111621379852,0.623040378093719,14.9167490005493,0.345747262239456,6.90777111053467,0.00856415554881096,0.0654125660657882,-0.177124619483948,13.3604326248169,8.80334186553955,1.6361811452009e-15,20.5499992370605,-0.829999983310699,24,1,0,0,0,0,0
-218.799438476562,159.353515625,49.4070739746093,13.6716194152832,2.37626838684082,0.928550899028778,14.9167490005493,0.345747262239456,6.90777111053467,0.00856415554881096,0.0654125660657882,-0.177124619483948,12.7042369842529,9.72637462615967,1.55582027075869e-15,22.4699993133545,-0.740000009536743,28,1,0,0,0,0,0
-218.138198852539,162.590759277344,49.1286354064941,13.7293548583984,3.16118812561035,1.31166553497314,15.7699947357178,-1.10990512371063,10.4390506744385,0.149369075894356,0.00272115413099525,-0.167238309979439,11.2045021057129,11.4218711853027,1.37215578746493e-15,25.3699989318848,-0.140000000596046,34,1,0,0,0,0,0
-217.396301269531,165.555725097656,48.815502166748,13.7418489456177,3.81206154823303,1.26291418075562,19.0895137786865,-1.30065441131592,13.6704196929932,0.16374297440052,-0.0596446245908737,-0.13631409406662,11.2045021057129,11.4218711853027,1.37215578746493e-15,25.7999992370605,1.02999997138977,37,1,0,0,0,0,0
-216.125473022461,169.562622070313,48.4059219360351,13.6735038757324,4.93535614013672,1.178302526474,23.135326385498,-0.76631087064743,17.7855663299561,0.16374297440052,-0.0596446245908737,-0.13631409406662,9.93071269989014,12.5451564788818,1.21616154121737e-15,28.1199989318848,1.84999990463257,42,1,0,0,0,0,0
-215.192184448242,171.98779296875,48.1680870056152,13.5434522628784,5.75116205215454,1.10056030750275,23.135326385498,-0.76631087064743,17.7855663299561,0.160501688718796,-0.115407213568687,-0.210721507668495,8.54503726959229,13.5270967483521,1.04646516061943e-15,29.3599987030029,2.69000005722046,46,1,0,0,0,0,0
-213.868118286133,174.908050537109,47.9011764526367,13.1240797042847,7.19431257247925,0.920482993125916,25.6338787078857,-0.323606878519058,23.75368309021,0.160501688718796,-0.115407213568687,-0.210721507668495,7.06308507919312,14.3566303253174,8.64978451972626e-16,31.4499988555908,3.70999979972839,53,1,0,0,0,0,0
-212.033737182617,178.255401611328,47.6222763061523,12.7741317749023,7.99557209014893,0.938554167747498,25.6338787078857,-0.323606878519058,23.75368309021,0.0587934739887714,-0.155153706669807,-0.267895609140396,6.02983713150024,14.8202924728394,7.38442052866878e-16,30.2399997711182,4.17000007629395,55,1,0,0,0,0,0
-210.251159667969,180.969848632813,47.3991508483886,11.9639844894409,9.47195911407471,0.626242339611053,29.4753570556641,1.15404427051544,31.46506690979,0.0587934739887714,-0.155153706669807,-0.267895609140396,4.4453010559082,15.370078086853,5.44392363304634e-16,31.9599990844727,4.75,64,1,0,0,0,0,0
-207.777221679687,184.060302734375,47.198429107666,11.0589323043823,10.7669725418091,0.333862125873566,30.7346458435059,3.48067545890808,36.5774002075195,0.0643426403403282,-0.212506219744682,-0.178337529301643,3.92760396003723,15.5104455947876,4.80992741296038e-16,29.689998626709,5,68,1,0,0,0,0,0
-204.955444335937,186.903900146484,47.0883178710937,10.0477180480957,11.9350090026855,-0.00803371146321297,30.7346458435059,3.48067545890808,36.5774002075195,0.0247104000300169,-0.227923765778542,-0.17840912938118,2.06239891052246,15.8665218353271,2.52571037069366e-16,30.5499992370605,5.00999975204468,73,1,0,0,0,0,0
-201.897796630859,189.391540527344,47.0704765319824,9.1009464263916,12.8587999343872,-0.301777064800262,31.1155681610107,4.97588491439819,41.5926208496094,-0.136895090341568,-0.206574752926827,-0.204015389084816,1.67299604415894,15.9122934341431,2.04882923320271e-16,27.5599994659424,4.92999982833862,76,1,0,0,0,0,0
-196.265930175781,192.888305664063,47.2327346801758,7.85767555236816,13.8494348526001,-0.505113244056702,30.1514129638672,5.70237350463867,49.215015411377,-0.107312388718128,-0.143181279301643,-0.265548795461655,0.747944951057434,15.9825086593628,9.15968392794347e-17,27.0499992370605,4.75999975204468,80,1,0,0,0,0,0
-192.799255371094,194.532348632813,47.3938217163086,6.50048303604126,14.7585592269897,-0.596172213554382,30.1514129638672,5.70237350463867,49.215015411377,-0.107312388718128,-0.143181279301643,-0.265548795461655,0.348130017518997,15.9962120056152,4.26336299248119e-17,24.0900001525879,4.38000011444092,83,1,0,0,0,0,0
-188.964233398437,195.996002197266,47.5527648925781,5.54979848861694,15.2787809371948,-0.52170991897583,30.7466602325439,5.55212640762329,55.8005790710449,0.0075007607229054,-0.131544440984726,-0.261536955833435,0.0509679988026619,15.9999189376831,6.24177958446235e-18,22.3699989318848,3.94999980926514,85,1,0,0,0,0,0
-184.933303833008,197.207427978516,47.6964073181152,4.51125717163086,15.8031225204468,-0.486691504716873,28.0394248962402,4.92452001571655,61.5497932434082,-0.268729388713837,-0.0647222325205803,-0.300394684076309,0.00227599986828864,16,2.7872959678983e-19,18.7399997711182,3.6399998664856,86,1,0,0,0,0,0
-181.445709228516,198.048126220703,47.8136367797851,3.7028648853302,16.1594181060791,-0.481663554906845,22.2100524902344,3.50863027572632,67.4150924682617,-0.290112674236298,-0.0289694480597973,-0.29894945025444,3.00000010611257e-06,16,3.67394031065145e-22,16.5699996948242,3.22000002861023,87,1,0,0,0,0,0
-177.288360595703,198.861083984375,47.9373092651367,2.90868973731995,16.4704742431641,-0.460463047027588,22.2100524902344,3.50863027572632,67.4150924682617,-0.290112674236298,-0.0289694480597973,-0.29894945025444,3.00000010611257e-06,16,3.67394031065145e-22,13.5599994659424,2.73000001907349,88,1,0,0,0,0,0
-173.519149780273,199.435577392578,48.0512084960937,2.32614135742188,16.6442337036133,-0.513903558254242,18.7609539031982,3.06650686264038,74.6158218383789,-0.0891335308551788,-0.0924668982625008,-0.145796284079552,3.00000010611257e-06,16,3.67394031065145e-22,11.3800001144409,2.30999994277954,89,1,0,0,0,0,0
-169.600952148437,199.870727539063,48.2076225280762,1.54105520248413,16.8342933654785,-0.701383769512177,18.7609539031982,3.06650686264038,74.6158218383789,-0.0891335308551788,-0.0924668982625008,-0.145796284079552,3.00000010611257e-06,16,3.67394031065145e-22,7.89999961853027,1.99000000953674,89,1,0,0,0,0,0
-164.99609375,200.2021484375,48.4426345825195,1.01063108444214,16.930591583252,-0.858748197555542,15.9330387115479,3.67683672904968,77.2895355224609,-0.169787436723709,-0.0298737790435553,-0.0995751395821571,3.00000010611257e-06,16,3.67394031065145e-22,5.86999988555908,1.84999990463257,90,1,0,0,0,0,0
-161.670425415039,200.343078613281,48.6370124816894,0.458895415067673,16.9571952819824,-1.07746648788452,15.9330387115479,3.67683672904968,77.2895355224609,-0.169787436723709,-0.0298737790435553,-0.0995751395821571,3.00000010611257e-06,16,3.67394031065145e-22,3,1.45999991893768,90,1,0,0,0,0,0
-157.357315063477,200.419281005859,48.928237915039,0.0836919099092484,16.9442653656006,-1.10248959064484,11.962776184082,3.91375684738159,80.8651580810547,-0.20429790019989,0.00165810808539389,-0.135944858193398,3.00000010611257e-06,16,3.67394031065145e-22,1.4099999666214,1.1599999666214,90,1,0,0,0,0,0
-153.68278503418,200.412780761719,49.1831321716308,-0.224822178483009,16.8855438232422,-1.25219988822937,7.39406585693359,3.89274549484253,82.9274520874023,-0.210433274507523,-0.0203893501311541,-0.031221866607666,3.00000010611257e-06,16,3.67394031065145e-22,-0.370000004768372,0.280000001192093,90,1,0,0,0,0,0
-149.358459472656,200.354675292969,49.5195274353027,-0.27874282002449,16.831298828125,-1.26451086997986,7.39406585693359,3.89274549484253,82.9274520874023,-0.210433274507523,-0.0203893501311541,-0.031221866607666,3.00000010611257e-06,16,3.67394031065145e-22,-0.969999969005585,-0.28999999165535,90,1,0,0,0,0,0
-145.417068481445,200.292205810547,49.8391723632812,-0.283349722623825,16.8029441833496,-1.21383368968964,2.36600351333618,3.23459625244141,83.9826812744141,-0.0909416154026985,0.0420394130051136,-0.0734504833817482,3.00000010611257e-06,16,3.67394031065145e-22,-1.1599999666214,-1.0699999332428,90,1,0,0,0,0,0
-141.170043945312,200.227020263672,50.1707534790039,-0.283480912446976,16.779748916626,-1.11722576618195,0.664740443229675,2.16197514533997,85.4060821533203,-0.0909416154026985,0.0420394130051136,-0.0734504833817482,3.00000010611257e-06,16,3.67394031065145e-22,-1.17999994754791,-1.79999995231628,90,1,0,0,0,0,0
-137.201110839844,200.168273925781,50.4336204528808,-0.227202281355858,16.8038120269775,-0.825302243232727,0.664740443229675,2.16197514533997,85.4060821533203,-0.115231387317181,0.0650601908564568,-0.0464735552668572,3.00000010611257e-06,16,3.67394031065145e-22,-1.12999999523163,-2.55999994277954,90,1,0,0,0,0,0
-133.198287963867,200.118255615234,50.6285896301269,-0.190156325697899,16.8632755279541,-0.795257687568665,0.241985574364662,1.06090474128723,85.7852325439453,0.0813227444887161,0.0522914342582226,-0.00177363911643625,3.00000010611257e-06,16,3.67394031065145e-22,-0.969999969005585,-2.89999985694885,90,1,0,0,0,0,0
-128.944183349609,200.069793701172,50.8180122375488,-0.169602707028389,16.9167137145996,-0.682109832763672,0.241985574364662,1.06090474128723,85.7852325439453,0.0813227444887161,0.0522914342582226,-0.00177363911643625,3.00000010611257e-06,16,3.67394031065145e-22,-0.909999966621399,-3.14999985694885,90,1,0,0,0,0,0
-125.225608825684,200.033355712891,50.9475784301758,-0.0982555374503136,16.9509925842285,-0.365341067314148,-0.179370909929276,0.0609354265034199,85.4485321044922,-0.0599914044141769,0.0479369089007378,0.0166046060621738,3.00000010611257e-06,16,3.67394031065145e-22,-0.639999985694885,-3.1399998664856,90,1,0,0,0,0,0
-121.518913269043,200.009368896484,50.9902572631836,-0.0934824496507645,17.030668258667,0.169273108243942,0.600718557834625,-1.07795774936676,85.7554244995117,-0.0599914044141769,0.0479369089007378,0.0166046060621738,3.00000010611257e-06,16,3.67394031065145e-22,-0.579999983310699,-2.51999998092651,90,1,0,0,0,0,0
-117.075401306152,199.977661132813,50.9284744262695,-0.107880860567093,17.1061477661133,0.409901529550552,0.476766586303711,-1.40975689888,85.736686706543,0.0323520414531231,0.0325296446681023,-0.0228122584521771,3.00000010611257e-06,16,3.67394031065145e-22,-0.649999976158142,-2.14999985694885,89,1,0,0,0,0,0
-113.037940979004,199.939666748047,50.8157653808594,-0.113222643733025,17.1561012268066,0.524865806102753,0.476766586303711,-1.40975689888,85.736686706543,0.0369631797075272,0.0160436443984509,0.0119614526629448,3.00000010611257e-06,16,3.67394031065145e-22,-0.759999990463257,-1.84999990463257,89,1,0,0,0,0,0
-108.587951660156,199.881774902344,50.67578125,-0.151894971728325,17.2635192871094,0.658676564693451,1.36404383182526,-1.54800546169281,85.0573959350586,-0.00493284408003092,0.00957718025892973,0.0424279198050499,3.00000010611257e-06,16,3.67394031065145e-22,-1.04999995231628,-1.37000000476837,89,1,0,0,0,0,0
-104.789024353027,199.821838378906,50.5303611755371,-0.129319548606873,17.321590423584,0.623517274856567,1.36404383182526,-1.54800546169281,85.0573959350586,-0.00493284408003092,0.00957718025892973,0.0424279198050499,3.00000010611257e-06,16,3.67394031065145e-22,-1.1599999666214,-0.879999995231628,89,1,0,0,0,0,0
-100.659423828125,199.757385253906,50.3896942138672,-0.144766077399254,17.3847236633301,0.280272632837296,0.711518466472626,-1.07005536556244,84.4833374023438,0.00145361619070172,-0.0252149198204279,-0.0225075129419565,3.00000010611257e-06,16,3.67394031065145e-22,-1.22000002861023,-0.419999986886978,89,1,0,0,0,0,0
-95.9224624633789,199.677307128906,50.3287124633789,-0.214633017778397,17.4029445648193,0.105704270303249,1.8646467924118,-0.12645348906517,85.3019027709961,0.00145361619070172,-0.0252149198204279,-0.0225075129419565,3.00000010611257e-06,16,3.67394031065145e-22,-1.71999990940094,-0.379999995231628,89,1,0,0,0,0,0
-92.1347274780273,199.590911865234,50.33056640625,-0.292076855897903,17.3772563934326,-0.0402507074177265,1.73470449447632,0.293907731771469,85.4801177978516,-0.0444253236055374,-0.0408636368811131,-0.0282372198998928,3.00000010611257e-06,16,3.67394031065145e-22,-2.22000002861023,-0.409999996423721,89,1,0,0,0,0,0
-88.6502227783203,199.495208740234,50.3624000549316,-0.384520798921585,17.3566741943359,-0.208743199706078,1.73470449447632,0.293907731771469,85.4801177978516,-0.0211467519402504,-0.0293631032109261,0.00314075173810125,3.00000010611257e-06,16,3.67394031065145e-22,-2.80999994277954,-0.429999977350235,89,1,0,0,0,0,0
-81.4551849365234,199.242126464844,50.5296478271484,-0.46026274561882,17.2730026245117,-0.385452419519424,1.2371027469635,1.03640174865723,84.3180541992188,-0.0595622360706329,-0.00556525960564613,0.0446659252047539,3.00000010611257e-06,16,3.67394031065145e-22,-3.5699999332428,-0.769999980926514,89,1,0,0,0,0,0
-77.3283081054687,199.073822021484,50.6512947082519,-0.480041980743408,17.2200794219971,-0.180217355489731,1.2371027469635,1.03640174865723,84.3180541992188,-0.0595622360706329,-0.00556525960564613,0.0446659252047539,3.00000010611257e-06,16,3.67394031065145e-22,-3.99000000953674,-1.14999997615814,89,1,0,0,0,0,0
-73.5720520019531,198.920654296875,50.7202110290527,-0.429744690656662,17.1738262176514,-0.188299283385277,-1.15440464019775,0.918808043003082,83.6690521240234,-0.204392045736313,0.0235712137073278,0.0207303110510111,3.00000010611257e-06,16,3.67394031065145e-22,-4.13000011444092,-1.88999998569489,88,1,0,0,0,0,0
-68.794807434082,198.754760742188,50.7945404052734,-0.301513940095901,17.1362113952637,-0.159973248839378,-3.13638401031494,0.410367488861084,83.2345123291016,-0.0769864693284035,0.01621656678617,0.0160308107733726,3.00000010611257e-06,16,3.67394031065145e-22,-3.61999988555908,-1.87999999523163,88,1,0,0,0,0,0
-64.8049697875976,198.650085449219,50.8416976928711,-0.132932469248772,17.1066112518311,0.00409230496734381,-3.13638401031494,0.410367488861084,83.2345123291016,-0.0769864693284035,0.01621656678617,0.0160308107733726,3.00000010611257e-06,16,3.67394031065145e-22,-3.22000002861023,-1.99000000953674,88,1,0,0,0,0,0
-60.4014549255371,198.579162597656,50.8392715454101,0.0727933868765831,17.0784549713135,0.160161882638931,-3.70457720756531,-0.114070564508438,82.7084274291992,-0.0500499606132507,0.0200971905142069,0.0356341265141964,3.00000010611257e-06,16,3.67394031065145e-22,-2.16999983787537,-2.19000005722046,88,1,0,0,0,0,0
-57.0077171325683,198.5625,50.8035926818848,0.246380984783173,17.0650577545166,0.343858748674393,-4.72703123092651,-0.536328375339508,82.4965362548828,-0.0325785577297211,0.0487863980233669,-0.000912932679057127,3.00000010611257e-06,16,3.67394031065145e-22,-1.39999997615814,-2.21000003814697,88,1,0,0,0,0,0
-52.6202621459961,198.580383300781,50.7127075195312,0.345844566822052,17.0897388458252,0.471362113952637,-4.72703123092651,-0.536328375339508,82.4965362548828,-0.0325785577297211,0.0487863980233669,-0.000912932679057127,3.00000010611257e-06,16,3.67394031065145e-22,-0.849999964237213,-2.23000001907349,88,1,0,0,0,0,0
-48.9868202209472,198.621643066406,50.5989646911621,0.494748443365097,17.1736755371094,0.656039357185364,-2.67180895805359,-1.17079877853394,82.3434829711914,0.0549470745027065,0.0175621975213289,0.0385397598147392,3.00000010611257e-06,16,3.67394031065145e-22,0.109999999403954,-2.27999997138977,88,1,0,0,0,0,0
-44.2508239746093,198.710021972656,50.4178123474121,0.597392439842224,17.2846260070801,0.596562743186951,-2.24079513549805,-1.67823493480682,81.7989196777344,0.0788086950778961,0.0280628949403763,0.0244004148989916,3.00000010611257e-06,16,3.67394031065145e-22,0.949999988079071,-1.83999991416931,88,1,0,0,0,0,0
-40.4821281433105,198.803131103516,50.2895393371582,0.642728567123413,17.4103107452393,0.509390652179718,-2.24079513549805,-1.67823493480682,81.7989196777344,0.0788086950778961,0.0280628949403763,0.0244004148989916,3.00000010611257e-06,16,3.67394031065145e-22,1.32999992370605,-1.37000000476837,88,1,0,0,0,0,0
-35.9876174926757,198.920654296875,50.1537399291992,0.668302059173584,17.519905090332,0.454203814268112,-0.264184981584549,-1.85375511646271,80.876579284668,-0.0453275144100189,0.0307633634656668,0.0586446225643158,3.00000010611257e-06,16,3.67394031065145e-22,1.57999992370605,-1.14999997615814,88,1,0,0,0,0,0
-31.8455753326416,199.0361328125,50.0586624145508,0.707732975482941,17.6248970031738,0.254849582910538,0.0299221519380808,-1.66069138050079,79.8781204223633,-0.0263252686709166,-0.0174957849085331,0.036788422614336,3.00000010611257e-06,16,3.67394031065145e-22,2.03999996185303,-0.599999964237213,89,1,0,0,0,0,0
-27.6405391693115,199.157348632812,49.998291015625,0.676470339298248,17.6960372924805,0.0602196976542473,1.26344072818756,-0.958197832107544,79.8632507324219,-0.0263252686709166,-0.0174957849085331,0.036788422614336,3.00000010611257e-06,16,3.67394031065145e-22,2.11999988555908,-0.379999995231628,89,1,0,0,0,0,0
-23.0555267333984,199.285461425781,49.9840507507324,0.719034790992737,17.6987361907959,-0.176378279924393,1.26344072818756,-0.958197832107544,79.8632507324219,-0.095438539981842,-0.0438967123627663,0.00237844698131085,3.00000010611257e-06,16,3.67394031065145e-22,2.29999995231628,-0.469999998807907,89,1,0,0,0,0,0
-19.5530242919922,199.391815185547,50.0234451293945,0.752622306346893,17.661735534668,-0.0453263446688652,-0.41480341553688,-0.493570864200592,79.923095703125,-0.174670919775963,-0.0110530760139227,-0.0226815789937973,3.00000010611257e-06,16,3.67394031065145e-22,2.92999982833862,-0.589999973773956,89,1,0,0,0,0,0
-15.3981857299804,199.532806396484,50.0513076782227,0.723496615886688,17.6367340087891,-0.03055514767766,0.691754341125488,-0.199058279395103,80.8631134033203,-0.174670919775963,-0.0110530760139227,-0.0226815789937973,3.00000010611257e-06,16,3.67394031065145e-22,3.05999994277954,-0.550000011920929,89,1,0,0,0,0,0
-10.8317470550537,199.678894042969,50.0557098388672,0.627500891685486,17.6283512115479,-0.120604582130909,0.691754341125488,-0.199058279395103,80.8631134033203,0.160155534744263,-0.0369886234402657,0.00911562982946635,3.00000010611257e-06,16,3.67394031065145e-22,2.97000002861023,-0.550000011920929,89,1,0,0,0,0,0
-6.23961782455441,199.791534423828,50.0832748413086,0.561265707015991,17.6009979248047,-0.164986670017242,4.46935129165649,0.29361692070961,80.8662414550781,0.160155534744263,-0.0369886234402657,0.00911562982946635,3.00000010611257e-06,16,3.67394031065145e-22,2.53999996185303,-0.439999997615814,89,1,0,0,0,0,0
-2.09725332260128,199.875640869141,50.1305389404297,0.562424123287201,17.5695285797119,-0.439158320426941,0.283807873725891,0.196316182613373,83.2881393432617,-0.143628969788551,-0.0417468771338463,-0.027712469920516,3.00000010611257e-06,16,3.67394031065145e-22,2.6399998664856,-0.409999996423721,89,1,0,0,0,0,0
2.10481595993046,199.965118408203,50.2377853393555,0.389321327209473,17.5472812652588,-0.1391821205616,0.283807873725891,0.196316182613373,83.2881393432617,-0.191768929362297,0.0462340265512466,-0.165314540266991,3.00000010611257e-06,16,3.67394031065145e-22,2.24000000953674,-0.979999959468842,89,1,0,0,0,0,0
7.01436805725101,200.037933349609,50.3126068115234,0.253140032291412,17.5395107269287,-0.0906878486275673,4.35359287261963,0.379327267408371,83.7229461669922,-0.191768929362297,0.0462340265512466,-0.165314540266991,3.00000010611257e-06,16,3.67394031065145e-22,1.25999999046326,-1.8199999332428,90,1,0,0,0,0,0
10.843059539795,200.044189453125,50.3321113586426,0.225008442997932,17.5549030303955,-0.144067898392677,4.35359287261963,0.379327267408371,83.7229461669922,0.0621351450681686,-0.0166268572211265,0.102892436087132,3.00000010611257e-06,16,3.67394031065145e-22,1.04999995231628,-1.88999998569489,90,1,0,0,0,0,0
15.0319252014161,200.048675537109,50.3691787719727,0.129217922687531,17.6412448883057,0.0109384693205357,2.72585511207581,-0.755070626735687,83.9722747802734,0.0621351450681686,-0.0166268572211265,0.102892436087132,3.00000010611257e-06,16,3.67394031065145e-22,0.810000002384186,-1.93999993801117,90,1,0,0,0,0,0
19.2269115447998,200.051574707031,50.3737411499023,-0.124713093042374,17.7453746795654,0.380187660455704,3.77963757514954,-1.67227804660797,84.8308715820312,-0.0213638413697481,0.101526290178299,-0.127641037106514,3.00000010611257e-06,16,3.67394031065145e-22,-0.349999994039536,-1.99000000953674,90,1,0,0,0,0,0
23.4609565734864,199.996887207031,50.326488494873,-0.21425461769104,17.8689746856689,0.677791357040405,3.77963757514954,-1.67227804660797,84.8308715820312,-0.0158973969519138,0.026182197034359,0.148096293210983,3.00000010611257e-06,16,3.67394031065145e-22,-1.35000002384186,-2.41999983787537,89,1,0,0,0,0,0
27.7016258239746,199.905334472656,50.1673851013184,-0.152487963438034,17.9952354431152,0.83437168598175,2.37944984436035,-1.84533548355103,81.3117599487305,-0.0158973969519138,0.026182197034359,0.148096293210983,3.00000010611257e-06,16,3.67394031065145e-22,-1.29999995231628,-1.76999998092651,89,1,0,0,0,0,0
31.9211349487305,199.830963134766,49.9549140930176,-0.165646344423294,18.1544456481934,0.610484659671783,2.37944984436035,-1.84533548355103,81.3117599487305,0.0229191146790981,0.0269456170499325,0.0618907324969769,3.00000010611257e-06,16,3.67394031065145e-22,-1.00999999046326,-0.680000007152557,89,1,0,0,0,0,0
40.9730377197266,199.698669433594,49.6169509887695,-0.33644887804985,18.3152179718018,0.561966836452484,3.30629563331604,-2.21578931808472,82.8907165527344,0.00020966213196516,-0.0103285927325487,-0.127796024084091,3.00000010611257e-06,16,3.67394031065145e-22,-1.94999992847443,0.149999991059303,89,1,0,0,0,0,0
40.9730377197266,199.698669433594,49.6169509887695,-0.479651093482971,18.4078731536865,0.255299359560013,3.80263829231262,-1.78328263759613,83.9535675048828,0.00020966213196516,-0.0103285927325487,-0.127796024084091,3.00000010611257e-06,16,3.67394031065145e-22,-3.25,0.599999964237213,89,1,0,0,0,0,0
49.4283485412598,199.452301025391,49.4866409301758,-0.387890368700027,18.4361629486084,0.202648669481277,-1.81057560443878,-0.5318323969841,82.2107849121094,-0.221005469560623,-0.0388103798031807,0.0678376033902168,3.00000010611257e-06,16,3.67394031065145e-22,-3.28999996185303,0.519999980926514,89,1,0,0,0,0,0
53.85107421875,199.369171142578,49.4611015319824,-0.190139949321747,18.4112586975098,0.151802659034729,-1.81057560443878,-0.5318323969841,82.2107849121094,-0.221005469560623,-0.0388103798031807,0.0678376033902168,3.00000010611257e-06,16,3.67394031065145e-22,-2.5699999332428,0.439999997615814,89,1,0,0,0,0,0
58.2617492675782,199.374420166016,49.4757270812988,0.178441822528839,18.3941974639893,-0.0629676729440689,-5.04171991348267,-0.066777691245079,81.4344635009766,-0.2901731133461,0.00442525930702686,-0.00881237722933292,3.00000010611257e-06,16,3.67394031065145e-22,-0.529999971389771,0.349999994039536,89,1,0,0,0,0,0
63.7412986755371,199.479736328125,49.5215301513672,0.428478062152863,18.4050178527832,-0.0908927842974663,-5.58808279037476,0.0851241126656532,82.4611053466797,0.171667218208313,0.00787233654409647,0.0290501397103071,3.00000010611257e-06,16,3.67394031065145e-22,0.629999995231628,-0.109999999403954,89,1,0,0,0,0,0
67.3996963500977,199.588439941406,49.5531692504883,0.633527815341949,18.4207344055176,-0.140055671334267,-5.58808279037476,0.0851241126656532,82.4611053466797,0.171667218208313,0.00787233654409647,0.0290501397103071,3.00000010611257e-06,16,3.67394031065145e-22,2.14999985694885,-0.879999995231628,89,1,0,0,0,0,0
71.4224548339844,199.748657226562,49.5725708007813,0.986117362976074,18.4641819000244,-0.0849123448133469,-3.55682730674744,-0.0690320804715157,80.6308746337891,-0.116791971027851,0.0171819105744362,0.132979646325111,3.00000010611257e-06,16,3.67394031065145e-22,4.38000011444092,-1.07999992370605,89,1,0,0,0,0,0
75.8050003051758,199.987335205078,49.6061782836914,1.12599754333496,18.5370674133301,-0.125255167484283,-1.66663193702698,-0.322688221931458,80.5916976928711,0.248417675495148,-0.0117017161101103,-0.0761317312717438,3.00000010611257e-06,16,3.67394031065145e-22,5.58999967575073,-1,89,1,0,0,0,0,0
80.9548492431641,200.285705566406,49.6420249938965,1.10856425762177,18.5938701629639,-0.131209626793861,-1.66663193702698,-0.322688221931458,80.5916976928711,0.248417675495148,-0.0117017161101103,-0.0761317312717438,3.00000010611257e-06,16,3.67394031065145e-22,5.98999977111816,-0.989999949932098,90,1,0,0,0,0,0
85.3701553344727,200.520233154297,49.6791076660156,1.0195848941803,18.6596908569336,-0.427665948867798,2.17839932441711,-0.209429934620857,81.444938659668,0.12339349091053,-0.0140008945018053,-0.0224808901548386,3.00000010611257e-06,16,3.67394031065145e-22,6.10999965667725,-0.75,90,1,0,0,0,0,0
89.8409271240235,200.726715087891,49.789363861084,0.892753779888153,18.6742649078369,-0.597192525863647,3.69825768470764,0.391000896692276,81.9912490844727,0.147483751177788,0.00684601441025733,-0.0434577092528343,3.00000010611257e-06,16,3.67394031065145e-22,5.8899998664856,-0.709999978542328,90,1,0,0,0,0,0
94.3282089233399,200.893890380859,49.9384994506836,0.755466878414154,18.677770614624,-0.564482033252716,3.69825768470764,0.391000896692276,81.9912490844727,0.147483751177788,0.00684601441025733,-0.0434577092528343,-0.0010430000256747,16,-1.27730658175721e-19,5.34999990463257,-0.949999988079071,90,1,0,0,0,0,0
99.1315689086914,201.024780273437,50.1113243103027,0.536929607391357,18.6502571105957,-0.789210081100464,5.17000484466553,0.439309775829315,82.9394378662109,0.00771942501887679,-0.00774039328098298,-0.0601137839257717,-0.188355997204781,15.99889087677,-2.30669570850007e-17,4.73000001907349,-1.12999999523163,91,1,0,0,0,0,0
103.96524810791,201.107513427734,50.3255615234375,0.362388491630554,18.6298274993896,-0.769683003425598,6.22668981552124,0.165976375341415,85.0731430053711,0.00771942501887679,-0.00774039328098298,-0.0601137839257717,-0.188355997204781,15.99889087677,-2.30669570850007e-17,4.6399998664856,-1.39999997615814,91,1,0,0,0,0,0
108.457801818848,201.136871337891,50.5213470458985,0.108880542218685,18.605936050415,-0.587806582450867,6.22668981552124,0.165976375341415,85.0731430053711,0.0820023939013481,-0.00507814064621926,-0.0956111773848534,-0.838586032390594,15.978009223938,-1.02697166348533e-16,5.90000009536743,-2.08999991416931,93,1,0,0,0,0,0
113.252769470215,201.101257324219,50.6555252075195,-0.207267925143242,18.6278381347656,0.0165957361459732,9.26297473907471,-1.22414743900299,88.0893630981445,0.0820023939013481,-0.00507814064621926,-0.0956111773848534,-3.04433393478394,15.707706451416,-3.72823378148773e-16,7.09999990463257,-2.5699999332428,94,1,0,0,0,0,0
117.727256774902,200.975311279297,50.6275177001953,-0.770887732505798,18.6970386505127,0.304211586713791,9.26297473907471,-1.22414743900299,88.0893630981445,0.217484816908836,0.0488947816193104,-0.084421768784523,-3.04433393478394,15.707706451416,-3.72823378148773e-16,10.9699993133545,-3.3199999332428,98,1,0,0,0,0,0
122.205490112305,200.718688964844,50.547248840332,-1.20576000213623,18.8445949554443,0.172582492232323,11.9577465057373,-1.00416386127472,87.2686233520508,0.104849308729172,0.00530066434293987,0.139373376965523,-3.54102802276611,15.6032409667969,-4.33650852264133e-16,11.789999961853,-3.16999983787537,100,1,0,0,0,0,0
126.767639160156,200.370361328125,50.4836578369141,-1.38561832904816,18.9367446899414,0.334396362304688,9.54525279998779,-1.46852648258209,86.7023010253906,0.104849308729172,0.00530066434293987,0.139373376965523,-7.22008991241455,14.2783155441284,-8.8420599399618e-16,20.3299999237061,-1.92999994754791,106,1,0,0,0,0,0
131.335586547852,199.992431640625,50.3706436157227,-1.73252058029175,18.9975776672363,0.536475598812103,9.54525279998779,-1.46852648258209,86.7023010253906,-0.139721289277077,0.0808167904615402,-0.191507875919342,-7.22008991241455,14.2783155441284,-8.8420599399618e-16,26.2899990081787,-0.829999983310699,111,1,0,0,0,0,0
136.307418823242,199.472229003906,50.205005645752,-2.6034722328186,19.0367164611816,0.346249163150787,17.3258628845215,-2.69308137893677,93.5437698364258,-0.139721289277077,0.0808167904615402,-0.191507875919342,-10.0676822662354,12.4355049133301,-1.23293544055097e-15,29.4200000762939,0.5,116,1,0,0,0,0,0
140.927673339844,198.786987304687,50.1155433654785,-3.54680705070496,18.9770793914795,0.0847597643733025,17.3258628845215,-2.69308137893677,93.5437698364258,0.266660302877426,-0.0865735113620758,-0.15318737924099,-10.0676822662354,12.4355049133301,-1.23293544055097e-15,34.8099975585938,1.33999991416931,123,1,0,0,0,0,0
145.928100585938,197.746368408203,50.0915946960449,-5.02223062515259,18.7362499237061,0.0140602113679051,26.5817890167236,-1.42488121986389,97.4445571899414,0.280799031257629,-0.123403817415237,-0.138956338167191,-12.4628286361694,10.0338373184204,-1.52625627980067e-15,36.0699996948242,1.9099999666214,128,1,0,0,0,0,0
150.099456787109,196.585540771484,50.09423828125,-6.11723184585571,18.4599113464355,0.0584657154977322,30.0630569458008,-0.446227133274078,101.189552307129,0.280799031257629,-0.123403817415237,-0.138956338167191,-13.4561643600464,8.65630722045898,-1.64790482234473e-15,40.0499992370605,2.12999987602234,135,1,0,0,0,0,0
155.323959350586,194.735076904297,50.0780982971192,-7.3010368347168,18.0937728881836,0.283563315868378,30.0630569458008,-0.446227133274078,101.189552307129,0.153638169169426,-0.160378605127335,-0.198747754096985,-13.4561643600464,8.65630722045898,-1.64790482234473e-15,42.379997253418,2.21000003814697,142,1,0,0,0,0,0
160.083023071289,192.659820556641,50.0299301147461,-8.7193078994751,17.5636978149414,0.367365777492523,31.1898403167725,-0.370660275220871,109.133087158203,0.101322807371616,-0.125236839056015,-0.306056201457977,-15.1669187545776,5.09554386138916,-1.85741196322186e-15,43.6399993896484,2.46000003814697,147,1,0,0,0,0,0
164.314010620117,190.457305908203,49.9548835754395,-9.99603176116943,16.9556198120117,0.633511185646057,31.1898403167725,-0.370660275220871,109.133087158203,0.101322807371616,-0.125236839056015,-0.306056201457977,-15.3342247009277,4.56744384765625,-1.87790105494123e-15,44.8699989318848,2.78999996185303,157,1,0,0,0,0,0
168.71257019043,187.673706054687,49.7835159301758,-11.5741453170776,16.0962619781494,0.808895409107208,41.52880859375,-1.24495136737823,120.061012268066,0.18685856461525,-0.286504417657852,-0.242375925183296,-15.3342247009277,4.56744384765625,-1.87790105494123e-15,44.879997253418,3.30999994277954,161,1,0,0,0,0,0
172.523971557617,184.681488037109,49.5799827575684,-13.1692247390747,15.0615367889404,0.965990543365479,41.52880859375,-1.24495136737823,120.061012268066,0.18685856461525,-0.286504417657852,-0.242375925183296,-15.788857460022,2.59074783325195,-1.9335773775972e-15,44.879997253418,4.40000009536743,169,1,0,0,0,0,0
176.344451904297,181.009552001953,49.3202095031738,-15.0113477706909,13.5584602355957,0.925991594791412,43.7952995300293,-0.904357373714447,129.356292724609,0.0298302713781595,-0.308326154947281,-0.34607720375061,-15.9385862350464,1.40052199363708,-1.95191394683936e-15,44.879997253418,5.17999982833862,174,1,0,0,0,0,0
179.264511108398,177.569732666016,49.1032752990723,-16.6003570556641,11.8542718887329,1.14151525497437,44.7170333862305,-2.49240565299988,141.737091064453,0.0298302713781595,-0.308326154947281,-0.34607720375061,-15.9994421005249,0.1336659938097,-1.95936656622578e-15,44.8499984741211,6.31999969482422,179,1,0,0,0,0,0
182.748306274414,172.422393798828,48.7470970153809,-17.7987117767334,10.181676864624,1.29874038696289,44.7170333862305,-2.49240565299988,141.737091064453,0.100792251527309,-0.349296241998673,-0.438173353672028,-15.9999847412109,0.0221139993518591,-1.95943305831214e-15,44.8499984741211,6.84999990463257,-178,1,0,0,0,0,0
184.485061645508,169.114562988281,48.5076332092285,-18.8203105926514,8.3314905166626,1.21387875080109,45.6484031677246,-2.36252212524414,152.24690246582,-0.0446569956839085,-0.461243540048599,-0.31453600525856,-15.9999847412109,0.0221139993518591,-1.95943305831214e-15,42.9199981689453,7.17000007629395,-176,1,0,0,0,0,0
186.431564331055,164.098815917969,48.2094230651856,-19.8801231384277,5.3862419128418,0.789870500564575,44.6780319213867,0.899316608905792,160.980972290039,-0.083116203546524,-0.444795489311218,-0.175285428762436,-16,-6.00000021222513e-06,-1.95943496413627e-15,36.2299995422363,6.92000007629395,-174,1,0,0,0,0,0
187.60205078125,159.299957275391,48.0450134277344,-20.3019351959229,3.05321836471558,0.358130991458893,40.1083755493164,4.57500171661377,170.812683105469,-0.083116203546524,-0.444795489311218,-0.175285428762436,-16,-6.00000021222513e-06,-1.95943496413627e-15,26.7299995422363,6.69000005722046,-173,1,0,0,0,0,0
188.157485961914,154.892547607422,48.0117225646973,-20.3657207489014,1.01044583320618,-0.117140881717205,40.1083755493164,4.57500171661377,170.812683105469,-0.377662420272827,-0.324650377035141,-0.185011804103851,-16,-6.00000021222513e-06,-1.95943496413627e-15,19.6999988555908,6.32999992370605,-172,1,0,0,0,0,0
188.321990966797,149.971862792969,48.0867424011231,-20.1480445861816,-0.916274189949036,-0.584568619728088,32.6233253479004,5.44572257995605,179.07209777832,-0.377662420272827,-0.324650377035141,-0.185011804103851,-16,-6.00000021222513e-06,-1.95943496413627e-15,9.76999950408936,5.90000009536743,-172,1,0,0,0,0,0
188.110595703125,145.131927490234,48.2572212219238,-19.8133373260498,-2.3855447769165,-1.45482790470123,32.6233253479004,5.44572257995605,179.07209777832,-0.501984238624573,-0.177123948931694,-0.323764652013779,-16,-6.00000021222513e-06,-1.95943496413627e-15,2.0699999332428,5.48999977111816,-173,1,0,0,0,0,0
187.555755615234,140.412048339844,48.6420669555664,-19.265344619751,-3.49161648750305,-2.12292861938477,22.7435131072998,7.03484916687012,-174.191116333008,-0.501984238624573,-0.177123948931694,-0.323764652013779,-16,-6.00000021222513e-06,-1.95943496413627e-15,-6.3899998664856,3.64999985694885,-173,1,0,0,0,0,0
186.763168334961,135.888214111328,49.2102317810059,-18.7985820770264,-3.83866620063782,-2.38849902153015,10.3291025161743,6.63627290725708,-171.204330444336,-0.468611091375351,-0.143087029457092,-0.103469476103783,-16,-6.00000021222513e-06,-1.95943496413627e-15,-9.5,2.14999985694885,-174,1,0,0,0,0,0
185.945343017578,131.76025390625,49.813175201416,-18.508768081665,-3.84719586372375,-2.22499084472656,10.3291025161743,6.63627290725708,-171.204330444336,-0.675696790218353,0.0837137252092361,-0.204911053180695,-16,-6.00000021222513e-06,-1.95943496413627e-15,-11.6700000762939,0.140000000596046,-175,1,0,0,0,0,0
184.989791870117,126.954559326172,50.5276260375977,-18.282075881958,-3.76616883277893,-1.82042169570923,0.514213562011719,4.43159818649292,-166.646270751953,-0.675696790218353,0.0837137252092361,-0.204911053180695,-16,-6.00000021222513e-06,-1.95943496413627e-15,-12.4699993133545,-1.4099999666214,-175,1,0,0,0,0,0
183.376754760742,118.32746887207,51.5087928771973,-18.1557884216309,-3.57045602798462,-1.68851637840271,0.514213562011719,4.43159818649292,-166.646270751953,-0.338626474142075,0.0881418734788894,-0.177283823490143,-16,-6.00000021222513e-06,-1.95943496413627e-15,-13.1300001144409,-3.62999987602234,-176,1,0,0,0,0,0
183.376754760742,118.32746887207,51.5087928771973,-18.1571464538574,-3.2912015914917,-1.50750815868378,-5.78096103668213,3.03547096252441,-167.338943481445,-0.338626474142075,0.0881418734788894,-0.177283823490143,-16,-6.00000021222513e-06,-1.95943496413627e-15,-12.5799999237061,-4.8899998664856,-177,1,0,0,0,0,0
181.945587158203,108.985725402832,52.1844787597656,-18.289119720459,-2.70043754577637,-0.738219439983368,-12.1423635482788,-0.42392897605896,-170.113632202148,-0.232583791017532,0.109897889196873,0.0783462896943092,-16,-6.00000021222513e-06,-1.95943496413627e-15,-11.1099996566772,-6.10999965667725,-177,1,0,0,0,0,0
181.945587158203,108.985725402832,52.1844787597656,-18.4966468811035,-2.18292689323425,-0.280276030302048,-12.1423635482788,-0.42392897605896,-170.113632202148,-0.232583791017532,0.109897889196873,0.0783462896943092,-16,-6.00000021222513e-06,-1.95943496413627e-15,-9.57999992370605,-6.55999994277954,-178,1,0,0,0,0,0
181.403884887695,103.933654785156,52.2679824829102,-18.7026100158691,-1.78940510749817,0.133978962898254,-12.9893970489502,-3.10853266716003,-170.566650390625,-0.232583791017532,0.109897889196873,0.0783462896943092,-16,-6.00000021222513e-06,-1.95943496413627e-15,-7.37999963760376,-6.30999994277954,-178,1,0,0,0,0,0
181.070175170898,99.851448059082,52.2331962585449,-19.1006355285645,-1.16400051116943,0.419912278652191,-12.9893970489502,-3.10853266716003,-170.566650390625,0.0357137434184551,0.0645295232534409,0.0529370382428169,-16,-6.00000021222513e-06,-1.95943496413627e-15,-5.73999977111816,-5.51999998092651,-179,1,0,0,0,0,0
180.789184570313,95.3212356567382,52.0990600585938,-19.3268299102783,-0.785242199897766,0.515471518039703,-10.9268093109131,-3.99463272094727,-172.489212036133,0.0357137434184551,0.0645295232534409,0.0529370382428169,-16,-6.00000021222513e-06,-1.95943496413627e-15,-3.14999985694885,-4.15999984741211,-179,1,0,0,0,0,0
180.584548950195,89.9388122558593,51.9176635742188,-19.5418453216553,-0.345470041036606,0.665580451488495,-8.29783725738525,-4.27975702285767,-174.56462097168,0.0824965015053749,-0.0130003802478313,0.0983102768659592,-16,-6.00000021222513e-06,-1.95943496413627e-15,-1.51999998092651,-3.58999991416931,-179,1,0,0,0,0,0
180.481582641602,81.0221176147461,51.5958290100098,-19.7479629516602,0.0439752899110317,0.57983136177063,-8.29783725738525,-4.27975702285767,-174.56462097168,0.115642465651035,-0.00764605216681956,0.0737454816699028,-16,-6.00000021222513e-06,-1.95943496413627e-15,0.5,-2.76999998092651,-179,1,0,0,0,0,0
180.502304077148,76.6857070922851,51.4806747436524,-19.8527908325195,0.255645662546158,0.523223459720612,-4.33924627304077,-3.63419628143311,-176.800445556641,0.13467738032341,-0.0152137391269207,0.0639553666114807,-16,-6.00000021222513e-06,-1.95943496413627e-15,1.63999998569489,-2.1800000667572,-179,1,0,0,0,0,0
180.547805786133,72.3486557006836,51.3893852233887,-19.9216842651367,0.419403642416,0.436659663915634,-4.33924627304077,-3.63419628143311,-176.800445556641,0.13467738032341,-0.0152137391269207,0.0639553666114807,-16,-6.00000021222513e-06,-1.95943496413627e-15,2.93999981880188,-1.79999995231628,-179,1,0,0,0,0,0
180.614227294922,67.3160018920898,51.3152847290039,-19.9660625457764,0.571782648563385,0.371691346168518,-2.19771409034729,-3.162024974823,-177.788024902344,0.0473273508250713,-0.00659581832587719,0.0140590239316225,-16,-6.00000021222513e-06,-1.95943496413627e-15,3.53999996185303,-1.67999994754791,-179,1,0,0,0,0,0
